-- phpMyAdmin SQL Dump
-- version 4.8.2
-- https://www.phpmyadmin.net/
--
-- Host: 127.0.0.1
-- Generation Time: May 25, 2019 at 11:49 PM
-- Server version: 10.1.34-MariaDB
-- PHP Version: 7.2.7

SET SQL_MODE = "NO_AUTO_VALUE_ON_ZERO";
SET AUTOCOMMIT = 0;
START TRANSACTION;
SET time_zone = "+00:00";


/*!40101 SET @OLD_CHARACTER_SET_CLIENT=@@CHARACTER_SET_CLIENT */;
/*!40101 SET @OLD_CHARACTER_SET_RESULTS=@@CHARACTER_SET_RESULTS */;
/*!40101 SET @OLD_COLLATION_CONNECTION=@@COLLATION_CONNECTION */;
/*!40101 SET NAMES utf8mb4 */;

--
-- Database: `mini_pauta_db`
--

-- --------------------------------------------------------

--
-- Table structure for table `alunos`
--

CREATE TABLE `alunos` (
  `id` int(10) UNSIGNED NOT NULL,
  `nome` varchar(191) COLLATE utf8mb4_unicode_ci NOT NULL,
  `data_de_nascimento` date NOT NULL,
  `idmatricula` varchar(191) COLLATE utf8mb4_unicode_ci NOT NULL,
  `repetente` enum('N','S') COLLATE utf8mb4_unicode_ci NOT NULL DEFAULT 'N',
  `telefone` varchar(191) COLLATE utf8mb4_unicode_ci NOT NULL,
  `encarregado_tel` varchar(191) COLLATE utf8mb4_unicode_ci NOT NULL,
  `email` varchar(191) COLLATE utf8mb4_unicode_ci DEFAULT NULL,
  `user_id` int(10) UNSIGNED NOT NULL DEFAULT '1',
  `photo` varchar(191) COLLATE utf8mb4_unicode_ci DEFAULT NULL,
  `idade` varchar(191) COLLATE utf8mb4_unicode_ci DEFAULT NULL,
  `modulo_id` int(10) UNSIGNED DEFAULT NULL,
  `sexo` enum('M','F') COLLATE utf8mb4_unicode_ci NOT NULL,
  `status` enum('Activo','Desistido','Suspenso','Transferido') COLLATE utf8mb4_unicode_ci NOT NULL DEFAULT 'Activo',
  `pai` varchar(191) COLLATE utf8mb4_unicode_ci NOT NULL,
  `mae` varchar(191) COLLATE utf8mb4_unicode_ci NOT NULL,
  `doctipo` varchar(191) COLLATE utf8mb4_unicode_ci NOT NULL,
  `doc_numero` varchar(191) COLLATE utf8mb4_unicode_ci NOT NULL,
  `doc_local_emissao` varchar(191) COLLATE utf8mb4_unicode_ci NOT NULL,
  `doc_data_emissao` varchar(191) COLLATE utf8mb4_unicode_ci NOT NULL,
  `doc_data_validade` varchar(191) COLLATE utf8mb4_unicode_ci NOT NULL,
  `naturalidade` varchar(191) COLLATE utf8mb4_unicode_ci NOT NULL,
  `provincia` varchar(191) COLLATE utf8mb4_unicode_ci NOT NULL,
  `pais` varchar(191) COLLATE utf8mb4_unicode_ci NOT NULL,
  `morada` varchar(191) COLLATE utf8mb4_unicode_ci NOT NULL,
  `escola_origem` varchar(191) COLLATE utf8mb4_unicode_ci NOT NULL,
  `created_at` timestamp NULL DEFAULT NULL,
  `updated_at` timestamp NULL DEFAULT NULL
) ENGINE=InnoDB DEFAULT CHARSET=utf8mb4 COLLATE=utf8mb4_unicode_ci;

--
-- Dumping data for table `alunos`
--

INSERT INTO `alunos` (`id`, `nome`, `data_de_nascimento`, `idmatricula`, `repetente`, `telefone`, `encarregado_tel`, `email`, `user_id`, `photo`, `idade`, `modulo_id`, `sexo`, `status`, `pai`, `mae`, `doctipo`, `doc_numero`, `doc_local_emissao`, `doc_data_emissao`, `doc_data_validade`, `naturalidade`, `provincia`, `pais`, `morada`, `escola_origem`, `created_at`, `updated_at`) VALUES
(51, 'Adilson André Ludi Muhunga', '2001-01-01', 'IPPPB 1548', 'N', '920000000', '920000000', NULL, 1, NULL, NULL, 11, 'M', 'Activo', '', '', '', '', '', '', '', '', '', '', '', '', '2019-05-11 12:57:42', '2019-05-14 11:55:48'),
(52, 'Alberto José Espanhol', '2003-01-01', 'IPPPB 1577', 'N', '920000000', '920000000', NULL, 1, NULL, NULL, 11, 'M', 'Activo', '', '', '', '', '', '', '', '', '', '', '', '', '2019-05-11 12:57:42', '2019-05-11 12:57:42'),
(53, 'Altino Brás Manuel Tati', '2000-01-01', 'IPPPB 1627', 'N', '920000000', '920000000', NULL, 1, NULL, NULL, 11, 'M', 'Activo', '', '', '', '', '', '', '', '', '', '', '', '', '2019-05-11 12:57:42', '2019-05-11 12:57:42'),
(54, 'André Simba José', '1996-01-01', 'IPPPB 1378', 'N', '920000000', '920000000', NULL, 1, NULL, NULL, 11, 'M', 'Activo', '', '', '', '', '', '', '', '', '', '', '', '', '2019-05-11 12:57:42', '2019-05-11 12:57:42'),
(55, 'Armando Domingos Tati Tembo', '2003-01-01', 'IPPPB 1608', 'N', '920000000', '920000000', NULL, 1, NULL, NULL, 11, 'M', 'Activo', '', '', '', '', '', '', '', '', '', '', '', '', '2019-05-11 12:57:42', '2019-05-11 12:57:42'),
(56, 'Casimiro  Plácido Lelo', '2003-01-01', 'IPPPB 1597', 'N', '920000000', '920000000', NULL, 1, NULL, NULL, 11, 'M', 'Activo', '', '', '', '', '', '', '', '', '', '', '', '', '2019-05-11 12:57:42', '2019-05-11 12:57:42'),
(57, 'Claúdia Maily Gomes Prendin', '2004-01-01', 'IPPPB 1549', 'N', '920000000', '920000000', NULL, 1, NULL, NULL, 11, 'F', 'Activo', '', '', '', '', '', '', '', '', '', '', '', '', '2019-05-11 12:57:42', '2019-05-11 12:57:42'),
(58, 'Cleyton Odair Lumingo Munto', '2003-01-01', 'IPPPB 1536', 'N', '920000000', '920000000', NULL, 1, NULL, NULL, 11, 'M', 'Activo', '', '', '', '', '', '', '', '', '', '', '', '', '2019-05-11 12:57:42', '2019-05-11 12:57:42'),
(59, 'Clinton Campos Do Carmo', '2004-01-01', 'IPPPB 1692', 'N', '920000000', '920000000', NULL, 1, NULL, NULL, 11, 'M', 'Activo', '', '', '', '', '', '', '', '', '', '', '', '', '2019-05-11 12:57:42', '2019-05-11 12:57:42'),
(60, 'Cunha José Bumba Cuaha', '2001-01-01', 'IPPPB 1622', 'N', '920000000', '920000000', NULL, 1, NULL, NULL, 11, 'M', 'Activo', '', '', '', '', '', '', '', '', '', '', '', '', '2019-05-11 12:57:42', '2019-05-11 12:57:42'),
(61, 'Domingos Lando Capita', '2001-01-01', 'IPPPB 0430', 'N', '920000000', '920000000', NULL, 1, NULL, NULL, 11, 'M', 'Activo', '', '', '', '', '', '', '', '', '', '', '', '', '2019-05-11 12:57:42', '2019-05-11 12:57:42'),
(62, 'Dorivaldo paulo Simas Kibinda', '2001-01-01', 'IPPPB 1091', 'N', '920000000', '920000000', NULL, 1, NULL, NULL, 11, 'M', 'Activo', '', '', '', '', '', '', '', '', '', '', '', '', '2019-05-11 12:57:42', '2019-05-11 12:57:42'),
(63, 'Edson Araújo Mambo Tati', '2003-01-01', 'IPPPB 1526', 'N', '920000000', '920000000', NULL, 1, NULL, NULL, 11, 'M', 'Activo', '', '', '', '', '', '', '', '', '', '', '', '', '2019-05-11 12:57:42', '2019-05-11 12:57:42'),
(64, 'Elias Pongo Baza', '2002-01-01', 'IPPPB 1684', 'N', '920000000', '920000000', NULL, 1, NULL, NULL, 11, 'M', 'Activo', '', '', '', '', '', '', '', '', '', '', '', '', '2019-05-11 12:57:42', '2019-05-11 12:57:42'),
(65, 'Fernando  Nconde', '2000-01-01', 'IPPPB 1157', 'N', '920000000', '920000000', NULL, 1, NULL, NULL, 11, 'M', 'Activo', '', '', '', '', '', '', '', '', '', '', '', '', '2019-05-11 12:57:42', '2019-05-11 12:57:42'),
(66, 'Floriano Wilson Bario Tomás', '1995-01-01', 'IPPPB 1242', 'N', '920000000', '920000000', NULL, 1, NULL, NULL, 11, 'M', 'Activo', '', '', '', '', '', '', '', '', '', '', '', '', '2019-05-11 12:57:42', '2019-05-11 12:57:42'),
(67, 'Geovano Bruno Armindo', '1998-01-01', 'IPPPB 1572', 'N', '920000000', '920000000', NULL, 1, NULL, NULL, 11, 'M', 'Activo', '', '', '', '', '', '', '', '', '', '', '', '', '2019-05-11 12:57:42', '2019-05-11 12:57:42'),
(68, 'Gerson David Mambo', '2003-01-01', 'IPPPB 1727', 'N', '920000000', '920000000', NULL, 1, NULL, NULL, 11, 'M', 'Activo', '', '', '', '', '', '', '', '', '', '', '', '', '2019-05-11 12:57:42', '2019-05-11 12:57:42'),
(69, 'Gertrudes Fernando Conde Fiti', '2002-01-01', 'IPPPB 1651', 'N', '920000000', '920000000', NULL, 1, NULL, NULL, 11, 'F', 'Activo', '', '', '', '', '', '', '', '', '', '', '', '', '2019-05-11 12:57:42', '2019-05-11 12:57:42'),
(70, 'Januário Meno da Esperança Bizi', '1999-01-01', 'IPPPB 1052', 'N', '920000000', '920000000', NULL, 1, NULL, NULL, 11, 'M', 'Activo', '', '', '', '', '', '', '', '', '', '', '', '', '2019-05-11 12:57:42', '2019-05-11 12:57:42'),
(71, 'Januário Valentim Kuangui', '2000-01-01', 'IPPPB 1741', 'N', '920000000', '920000000', NULL, 1, NULL, NULL, 11, 'M', 'Activo', '', '', '', '', '', '', '', '', '', '', '', '', '2019-05-11 12:57:42', '2019-05-11 12:57:42'),
(72, 'João Barros Fernandes Ndjimbi', '2004-01-01', 'IPPPB 1480', 'N', '920000000', '920000000', NULL, 1, NULL, NULL, 11, 'M', 'Activo', '', '', '', '', '', '', '', '', '', '', '', '', '2019-05-11 12:57:42', '2019-05-11 12:57:42'),
(73, 'João Lenda Futi Baki', '2002-01-01', 'IPPPB 1701', 'N', '920000000', '920000000', NULL, 1, NULL, NULL, 11, 'M', 'Activo', '', '', '', '', '', '', '', '', '', '', '', '', '2019-05-11 12:57:42', '2019-05-11 12:57:42'),
(74, 'João Mambo Propivia Do Silva', '2003-01-01', 'IPPPB 1625', 'N', '920000000', '920000000', NULL, 1, NULL, NULL, 11, 'M', 'Activo', '', '', '', '', '', '', '', '', '', '', '', '', '2019-05-11 12:57:42', '2019-05-11 12:57:42'),
(75, 'João Manase Lutango', '2000-01-01', 'IPPPB 1177', 'N', '920000000', '920000000', NULL, 1, NULL, NULL, 11, 'M', 'Activo', '', '', '', '', '', '', '', '', '', '', '', '', '2019-05-11 12:57:42', '2019-05-11 12:57:42'),
(76, 'João Pedro Gonçalves Bau', '2004-01-01', 'IPPPB 1487', 'N', '920000000', '920000000', NULL, 1, NULL, NULL, 11, 'M', 'Activo', '', '', '', '', '', '', '', '', '', '', '', '', '2019-05-11 12:57:42', '2019-05-11 12:57:42'),
(77, 'José Tiago Sita Barros', '2002-01-01', 'IPPPB 1404', 'N', '920000000', '920000000', NULL, 1, NULL, NULL, 11, 'M', 'Activo', '', '', '', '', '', '', '', '', '', '', '', '', '2019-05-11 12:57:42', '2019-05-11 12:57:42'),
(78, 'Liliana Anastásia Zinga Juliana', '2004-01-01', 'IPPPB 1587', 'N', '920000000', '920000000', NULL, 1, NULL, NULL, 11, 'F', 'Activo', '', '', '', '', '', '', '', '', '', '', '', '', '2019-05-11 12:57:42', '2019-05-11 12:57:42'),
(79, 'Lourenço Massanga', '2003-01-01', 'IPPPB 1761', 'N', '920000000', '920000000', NULL, 1, NULL, NULL, 11, 'M', 'Activo', '', '', '', '', '', '', '', '', '', '', '', '', '2019-05-11 12:57:42', '2019-05-11 12:57:42'),
(80, 'Márcio Camacho Fernandes Puati', '2003-01-01', 'IPPPB 1391', 'N', '920000000', '920000000', NULL, 1, NULL, NULL, 11, 'M', 'Activo', '', '', '', '', '', '', '', '', '', '', '', '', '2019-05-11 12:57:42', '2019-05-11 12:57:42'),
(81, 'Maria da Conceição Tati Casimiro', '2000-01-01', 'IPPPB 1710', 'N', '920000000', '920000000', NULL, 1, NULL, NULL, 11, 'F', 'Activo', '', '', '', '', '', '', '', '', '', '', '', '', '2019-05-11 12:57:42', '2019-05-11 12:57:42'),
(82, 'Maria Pascoalina Banda Tati', '2003-01-01', 'IPPPB 1724', 'N', '920000000', '920000000', NULL, 1, NULL, NULL, 11, 'F', 'Activo', '', '', '', '', '', '', '', '', '', '', '', '', '2019-05-11 12:57:42', '2019-05-11 12:57:42'),
(83, 'Marta Alexandrina Púcuta', '2002-01-01', 'IPPPB 1496', 'N', '920000000', '920000000', NULL, 1, NULL, NULL, 11, 'F', 'Activo', '', '', '', '', '', '', '', '', '', '', '', '', '2019-05-11 12:57:42', '2019-05-11 12:57:42'),
(84, 'Mateus Capita Zau Miguel', '2003-01-01', 'IPPPB 1583', 'N', '920000000', '920000000', NULL, 1, NULL, NULL, 11, 'M', 'Activo', '', '', '', '', '', '', '', '', '', '', '', '', '2019-05-11 12:57:42', '2019-05-11 12:57:42'),
(85, 'Mateus Tati Buletchi', '2002-01-01', 'IPPPB 1527', 'N', '920000000', '920000000', NULL, 1, NULL, NULL, 11, 'M', 'Activo', '', '', '', '', '', '', '', '', '', '', '', '', '2019-05-11 12:57:42', '2019-05-11 12:57:42'),
(86, 'Mayde Madalena Da Paixão Madeca', '2003-01-01', 'IPPPB 1643', 'N', '920000000', '920000000', NULL, 1, NULL, NULL, 11, 'F', 'Activo', '', '', '', '', '', '', '', '', '', '', '', '', '2019-05-11 12:57:42', '2019-05-11 12:57:42'),
(87, 'Nilton Simão Josefa', '2003-01-01', 'IPPPB 1575', 'N', '920000000', '920000000', NULL, 1, NULL, NULL, 11, 'M', 'Activo', '', '', '', '', '', '', '', '', '', '', '', '', '2019-05-11 12:57:42', '2019-05-11 12:57:42'),
(88, 'Nivaldo Marques Da Paixão Varela', '2002-01-01', 'IPPPB 1663', 'N', '920000000', '920000000', NULL, 1, NULL, NULL, 11, 'M', 'Activo', '', '', '', '', '', '', '', '', '', '', '', '', '2019-05-11 12:57:42', '2019-05-11 12:57:42'),
(89, 'Paulino Mulamba Ventura Vieira', '2001-01-01', 'IPPPB 1650', 'N', '920000000', '920000000', NULL, 1, NULL, NULL, 11, 'M', 'Activo', '', '', '', '', '', '', '', '', '', '', '', '', '2019-05-11 12:57:42', '2019-05-11 12:57:42'),
(90, 'Pedro Dos Santos Manuel', '2004-01-01', 'IPPPB 1511', 'N', '920000000', '920000000', NULL, 1, NULL, NULL, 11, 'M', 'Activo', '', '', '', '', '', '', '', '', '', '', '', '', '2019-05-11 12:57:42', '2019-05-11 12:57:42'),
(91, 'Pedro Gomes Simbo', '2003-01-01', 'IPPPB 1766', 'N', '920000000', '920000000', NULL, 1, NULL, NULL, 11, 'M', 'Activo', '', '', '', '', '', '', '', '', '', '', '', '', '2019-05-11 12:57:42', '2019-05-11 12:57:42'),
(92, 'Pedro Luemba Isabel Nhombo', '2002-01-01', 'IPPPB 1747', 'N', '920000000', '920000000', NULL, 1, NULL, NULL, 11, 'M', 'Activo', '', '', '', '', '', '', '', '', '', '', '', '', '2019-05-11 12:57:42', '2019-05-11 12:57:42'),
(93, 'Pedro Pires Tsiangana Songo Zau', '2003-01-01', 'IPPPB 1645', 'N', '920000000', '920000000', NULL, 1, NULL, NULL, 11, 'M', 'Activo', '', '', '', '', '', '', '', '', '', '', '', '', '2019-05-11 12:57:42', '2019-05-11 12:57:42'),
(94, 'Rafael Djowan Chindendidi', '2004-01-01', 'IPPPB 1518', 'N', '920000000', '920000000', NULL, 1, NULL, NULL, 11, 'M', 'Activo', '', '', '', '', '', '', '', '', '', '', '', '', '2019-05-11 12:57:42', '2019-05-11 12:57:42'),
(95, 'Rosa Malonda Nzau', '2002-01-01', 'IPPPB 1653', 'N', '920000000', '920000000', NULL, 1, NULL, NULL, 11, 'F', 'Activo', '', '', '', '', '', '', '', '', '', '', '', '', '2019-05-11 12:57:42', '2019-05-11 12:57:42'),
(96, 'Rosária Simba Luemba', '2000-01-01', 'IPPPB 1771', 'N', '920000000', '920000000', NULL, 1, NULL, NULL, 11, 'F', 'Activo', '', '', '', '', '', '', '', '', '', '', '', '', '2019-05-11 12:57:42', '2019-05-11 12:57:42'),
(97, 'Salvador António Zau Lóló', '2003-01-01', 'IPPPB 1719', 'N', '920000000', '920000000', NULL, 1, NULL, NULL, 11, 'M', 'Activo', '', '', '', '', '', '', '', '', '', '', '', '', '2019-05-11 12:57:42', '2019-05-11 12:57:42'),
(98, 'Simão Pedro Victor', '1998-01-01', 'IPPPB 1416', 'N', '920000000', '920000000', NULL, 1, NULL, NULL, 11, 'M', 'Activo', '', '', '', '', '', '', '', '', '', '', '', '', '2019-05-11 12:57:42', '2019-05-11 12:57:42'),
(99, 'Teófilo Paulo Maqueca Nhema', '2002-01-01', 'IPPPB 1790', 'N', '920000000', '920000000', NULL, 1, NULL, NULL, 11, 'M', 'Activo', '', '', '', '', '', '', '', '', '', '', '', '', '2019-05-11 12:57:42', '2019-05-11 12:57:42'),
(100, 'Tomás Suami Nhimi', '1996-01-01', 'IPPPB 1394', 'N', '920000000', '920000000', NULL, 1, NULL, NULL, 11, 'M', 'Activo', '', '', '', '', '', '', '', '', '', '', '', '', '2019-05-11 12:57:42', '2019-05-11 12:57:42'),
(101, 'Analtino Filipe Dos  Santos Raposo', '2002-01-01', 'IPPPB 1143', 'N', '920000000', '920000000', NULL, 1, NULL, NULL, 16, 'F', 'Activo', 'Alberto Filipe Dos  Santos Raposo', 'Maria Dos  Santos Raposo', '', '', '', '2019-05-13', '2019-05-22', '', '', '', '', '', '2019-05-11 13:32:48', '2019-05-11 13:35:55'),
(102, 'André Nhumba Zati', '2004-01-01', 'IPPPB 1557', 'N', '920000000', '920000000', NULL, 1, NULL, NULL, 16, 'M', 'Activo', '', '', '', '', '', '', '', '', '', '', '', '', '2019-05-11 13:32:48', '2019-05-11 13:32:48'),
(103, 'Babilson Francisco Puabo Franque', '2003-01-01', 'IPPPB1753', 'N', '920000000', '920000000', NULL, 1, NULL, NULL, 16, 'M', 'Activo', '', '', '', '', '', '', '', '', '', '', '', '', '2019-05-11 13:32:48', '2019-05-11 13:32:48'),
(104, 'Benvindo Maria Tébuca', '2002-01-01', 'IPPPB 1707', 'N', '920000000', '920000000', NULL, 1, NULL, NULL, 16, 'M', 'Activo', '', '', '', '', '', '', '', '', '', '', '', '', '2019-05-11 13:32:48', '2019-05-11 13:32:48'),
(105, 'Carla Suzana Teixeira Manuel', '2003-01-01', ' IPPPB 1758', 'N', '920000000', '920000000', NULL, 1, NULL, NULL, 16, 'F', 'Activo', '', '', '', '', '', '', '', '', '', '', '', '', '2019-05-11 13:32:48', '2019-05-11 13:32:48'),
(106, 'Carlos Manuel João', '2004-01-01', 'IPPPB 1539', 'N', '920000000', '920000000', NULL, 1, NULL, NULL, 16, 'M', 'Activo', '', '', '', '', '', '', '', '', '', '', '', '', '2019-05-11 13:32:48', '2019-05-11 13:32:48'),
(107, 'Cecília Suami Paulo Sumbo', '2003-01-01', ' IPPPB 1613', 'N', '920000000', '920000000', NULL, 1, NULL, NULL, 16, 'F', 'Activo', '', '', '', '', '', '', '', '', '', '', '', '', '2019-05-11 13:32:48', '2019-05-11 13:32:48'),
(108, 'Daniel Futi Henrique Nsanda', '2000-01-01', 'IPPPB 1788', 'N', '920000000', '920000000', NULL, 1, NULL, NULL, 16, 'M', 'Activo', '', '', '', '', '', '', '', '', '', '', '', '', '2019-05-11 13:32:48', '2019-05-11 13:32:48'),
(109, 'Dércio Zeferino Tati Buiti', '2004-01-01', ' IPPPB 1540', 'N', '920000000', '920000000', NULL, 37, NULL, NULL, 16, 'M', 'Desistido', '', '', '', '', '', '', '', '', '', '', '', '', '2019-05-11 13:32:49', '2019-05-25 10:36:34'),
(110, 'Edna Ester Sassa Farinha', '2004-01-01', 'IPPPB 1690', 'N', '920000000', '920000000', NULL, 1, NULL, NULL, 16, 'F', 'Activo', '', '', '', '', '', '', '', '', '', '', '', '', '2019-05-11 13:32:49', '2019-05-11 13:32:49'),
(111, 'Elias Amadeu Da Silva Mambuto', '2003-01-01', 'IPPPB 1640', 'N', '920000000', '920000000', NULL, 1, NULL, NULL, 16, 'M', 'Activo', '', '', '', '', '', '', '', '', '', '', '', '', '2019-05-11 13:32:49', '2019-05-11 13:32:49'),
(112, 'Eliazar Capita Mendes dos Anjos', '2003-01-01', 'IPPPB 1702', 'N', '920000000', '920000000', NULL, 1, NULL, NULL, 16, 'M', 'Activo', '', '', '', '', '', '', '', '', '', '', '', '', '2019-05-11 13:32:49', '2019-05-11 13:32:49'),
(113, 'Emanuel Bambi Bráz', '2002-01-01', 'IPPPB 1677', 'N', '920000000', '920000000', NULL, 1, NULL, NULL, 16, 'M', 'Activo', '', '', '', '', '', '', '', '', '', '', '', '', '2019-05-11 13:32:49', '2019-05-11 13:32:49'),
(114, 'Evodia Zola Lelo Ditomanga', '2004-01-01', 'IPPPB 1486', 'N', '920000000', '920000000', NULL, 1, NULL, NULL, 16, 'F', 'Activo', '', '', '', '', '', '', '', '', '', '', '', '', '2019-05-11 13:32:49', '2019-05-11 13:32:49'),
(115, 'Ezequiel António Fonseca Issambo', '2001-01-01', 'IPPPB 1767', 'N', '920000000', '920000000', NULL, 1, NULL, NULL, 16, 'M', 'Activo', '', '', '', '', '', '', '', '', '', '', '', '', '2019-05-11 13:32:49', '2019-05-11 13:32:49'),
(116, 'Fábio Manuel Borges Chiendo', '2004-01-01', 'IPPPB 1678', 'N', '920000000', '920000000', NULL, 1, NULL, NULL, 16, 'M', 'Activo', '', '', '', '', '', '', '', '', '', '', '', '', '2019-05-11 13:32:49', '2019-05-11 13:32:49'),
(117, 'Fernando Jerónimo de Barros Chimpolo', '2002-01-01', 'IPPPB 1504', 'N', '920000000', '920000000', NULL, 1, NULL, NULL, 16, 'M', 'Activo', '', '', '', '', '', '', '', '', '', '', '', '', '2019-05-11 13:32:49', '2019-05-11 13:32:49'),
(118, 'João de Jesus Francisco Macosso', '2004-01-01', 'IPPPB 1615', 'N', '920000000', '920000000', NULL, 1, NULL, NULL, 16, 'M', 'Activo', '', '', '', '', '', '', '', '', '', '', '', '', '2019-05-11 13:32:49', '2019-05-11 13:32:49'),
(119, 'João Luquengo Numbi', '2002-01-01', 'IPPPB 1781', 'N', '920000000', '920000000', NULL, 1, NULL, NULL, 16, 'M', 'Activo', '', '', '', '', '', '', '', '', '', '', '', '', '2019-05-11 13:32:49', '2019-05-11 13:32:49'),
(120, 'João Macia Mabiala', '2004-01-01', 'IPPPB 1535', 'N', '920000000', '920000000', NULL, 1, NULL, NULL, 16, 'M', 'Activo', '', '', '', '', '', '', '', '', '', '', '', '', '2019-05-11 13:32:49', '2019-05-11 13:32:49'),
(121, 'João Rodolfo Sungo Corado', '2004-01-01', 'IPPPB 1506', 'N', '920000000', '920000000', NULL, 1, NULL, NULL, 16, 'M', 'Activo', '', '', '', '', '', '', '', '', '', '', '', '', '2019-05-11 13:32:49', '2019-05-11 13:32:49'),
(122, 'Joel Lelo Madica Dueme', '2003-01-01', 'IPPPB 1534', 'N', '920000000', '920000000', NULL, 1, NULL, NULL, 16, 'M', 'Activo', '', '', '', '', '', '', '', '', '', '', '', '', '2019-05-11 13:32:49', '2019-05-11 13:32:49'),
(123, 'Jordani Ioba Lourenço', '2002-01-01', 'IPPPB1050', 'N', '920000000', '920000000', NULL, 1, NULL, NULL, 16, 'M', 'Activo', '', '', '', '', '', '', '', '', '', '', '', '', '2019-05-11 13:32:49', '2019-05-11 13:32:49'),
(124, 'Jorge Guenjo Semedo Caunde', '2001-01-01', 'IPPPB1180', 'N', '920000000', '920000000', NULL, 1, NULL, NULL, 16, 'M', 'Activo', '', '', '', '', '', '', '', '', '', '', '', '', '2019-05-11 13:32:49', '2019-05-11 13:32:49'),
(125, 'José Lelo Alexandre Congo', '2001-01-01', 'IPPPB1782', 'N', '920000000', '920000000', NULL, 1, NULL, NULL, 16, 'M', 'Activo', '', '', '', '', '', '', '', '', '', '', '', '', '2019-05-11 13:32:49', '2019-05-11 13:32:49'),
(126, 'Kelson Domingos Milando Zinga', '2003-01-01', 'IPPPB1780', 'N', '920000000', '920000000', NULL, 1, NULL, NULL, 16, 'M', 'Activo', '', '', '', '', '', '', '', '', '', '', '', '', '2019-05-11 13:32:49', '2019-05-11 13:32:49'),
(127, 'Luís Genise Camilo Quitembo', '2001-01-01', 'IPPPB1124', 'N', '920000000', '920000000', NULL, 1, NULL, NULL, 16, 'M', 'Activo', '', '', '', '', '', '', '', '', '', '', '', '', '2019-05-11 13:32:49', '2019-05-11 13:32:49'),
(128, 'Manuel Fernando Rodrigues Martins', '2002-01-01', 'IPPPB1517', 'N', '920000000', '920000000', NULL, 1, NULL, NULL, 16, 'M', 'Activo', '', '', '', '', '', '', '', '', '', '', '', '', '2019-05-11 13:32:49', '2019-05-11 13:32:49'),
(129, 'Manuel Fiel Limuinha', '2004-01-01', 'IPPPB1560', 'N', '920000000', '920000000', NULL, 1, NULL, NULL, 16, 'M', 'Activo', '', '', '', '', '', '', '', '', '', '', '', '', '2019-05-11 13:32:49', '2019-05-11 13:32:49'),
(130, 'Mónica Beatriz Zinga', '2000-01-01', 'IPPPB 1252', 'N', '920000000', '920000000', NULL, 1, NULL, NULL, 16, 'M', 'Activo', '', '', '', '', '', '', '', '', '', '', '', '', '2019-05-11 13:32:49', '2019-05-11 13:32:49'),
(131, 'Natalício Lando Bambi', '1998-01-01', 'IPPPB 1473', 'N', '920000000', '920000000', NULL, 1, NULL, NULL, 16, 'M', 'Activo', '', '', '', '', '', '', '', '', '', '', '', '', '2019-05-11 13:32:49', '2019-05-11 13:32:49'),
(132, 'Osvaldo Domingos Lunda Baptista', '2001-01-01', 'IPPPB 1807', 'N', '920000000', '920000000', NULL, 1, NULL, NULL, 16, 'M', 'Activo', '', '', '', '', '', '', '', '', '', '', '', '', '2019-05-11 13:32:49', '2019-05-11 13:32:49'),
(133, 'Paulo José', '2004-01-01', 'IPPPB 1673', 'N', '920000000', '920000000', NULL, 1, NULL, NULL, 16, 'M', 'Activo', '', '', '', '', '', '', '', '', '', '', '', '', '2019-05-11 13:32:49', '2019-05-11 13:32:49'),
(134, 'Pedro De Oliveira Massanga', '2003-01-01', 'IPPPB 1760', 'N', '920000000', '920000000', NULL, 1, NULL, NULL, 16, 'M', 'Activo', '', '', '', '', '', '', '', '', '', '', '', '', '2019-05-11 13:32:49', '2019-05-11 13:32:49'),
(135, 'Reginaldo Tati Ntinguili', '2004-01-01', 'IPPPB 1698', 'N', '920000000', '920000000', NULL, 1, NULL, NULL, 16, 'M', 'Activo', '', '', '', '', '', '', '', '', '', '', '', '', '2019-05-11 13:32:49', '2019-05-11 13:32:49'),
(136, 'Ronaldo José Zau', '2000-01-01', 'IPPPB 1745', 'N', '920000000', '920000000', NULL, 1, NULL, NULL, 16, 'M', 'Activo', '', '', '', '', '', '', '', '', '', '', '', '', '2019-05-11 13:32:49', '2019-05-11 13:32:49'),
(137, 'Selson Simão Cotolo Tomás', '2004-01-01', 'IPPPB 1770', 'N', '920000000', '920000000', NULL, 1, NULL, NULL, 16, 'M', 'Activo', '', '', '', '', '', '', '', '', '', '', '', '', '2019-05-11 13:32:49', '2019-05-11 13:32:49'),
(138, 'Stevio Júlio Gime Canale', '2001-01-01', 'IPPPB 1757', 'N', '920000000', '920000000', NULL, 1, NULL, NULL, 16, 'M', 'Activo', '', '', '', '', '', '', '', '', '', '', '', '', '2019-05-11 13:32:49', '2019-05-11 13:32:49'),
(139, 'Taires Francisco Pereira Gime', '2003-01-01', 'IPPPB 1508', 'N', '920000000', '920000000', NULL, 1, NULL, NULL, 16, 'M', 'Activo', '', '', '', '', '', '', '', '', '', '', '', '', '2019-05-11 13:32:49', '2019-05-11 13:32:49'),
(140, 'Valério Baiécula Lubota Bunga', '2001-01-01', 'IPPPB 1783', 'N', '920000000', '920000000', NULL, 1, NULL, NULL, 16, 'M', 'Activo', '', '', '', '', '', '', '', '', '', '', '', '', '2019-05-11 13:32:49', '2019-05-11 13:32:49'),
(141, 'Virgínia Mambo António Tomé', '2003-01-01', 'IPPPB 1524', 'N', '920000000', '920000000', NULL, 1, NULL, NULL, 16, 'F', 'Activo', '', '', '', '', '', '', '', '', '', '', '', '', '2019-05-11 13:32:49', '2019-05-11 13:32:49'),
(142, 'Pedro Júnior Ngimbi Pemba', '2002-01-01', 'IPPPB 1815', 'N', '920000000', '920000000', NULL, 1, NULL, NULL, 16, 'M', 'Activo', '', '', '', '', '', '', '', '', '', '', '', '', '2019-05-11 13:32:49', '2019-05-11 13:32:49'),
(143, 'Deolinda António Neto Yoba', '2002-01-01', 'IPPPB 1817', 'N', '920000000', '920000000', NULL, 1, NULL, NULL, 16, 'F', 'Activo', '', '', '', '', '', '', '', '', '', '', '', '', '2019-05-11 13:32:49', '2019-05-11 13:32:49'),
(144, 'Adelaide Teresa Vasconcelo', '2000-01-01', 'IPPPB1694', 'N', '920000000', '920000000', NULL, 1, NULL, NULL, 12, 'F', 'Activo', '', '', '', '', '', '', '', '', '', '', '', '', '2019-05-11 13:43:31', '2019-05-11 13:43:31'),
(145, 'Adilson Manuel Daniel', '2003-01-01', 'IPPPB1750', 'N', '920000000', '920000000', NULL, 1, NULL, NULL, 12, 'M', 'Activo', '', '', '', '', '', '', '', '', '', '', '', '', '2019-05-11 13:43:31', '2019-05-11 13:43:31'),
(146, 'Agostinho Mavinga Malilia Duema', '2003-01-01', 'IPPPB1799', 'N', '920000000', '920000000', NULL, 1, NULL, NULL, 12, 'M', 'Activo', '', '', '', '', '', '', '', '', '', '', '', '', '2019-05-11 13:43:31', '2019-05-11 13:43:31'),
(147, 'Amário Gomes Nhimi', '2001-01-01', 'IPPPB1754', 'N', '920000000', '920000000', NULL, 1, NULL, NULL, 12, 'M', 'Activo', '', '', '', '', '', '', '', '', '', '', '', '', '2019-05-11 13:43:31', '2019-05-11 13:43:31'),
(148, 'Ambrósio Nhimi Nvemba', '2001-01-01', 'IPPPB1210', 'N', '920000000', '920000000', NULL, 1, NULL, NULL, 12, 'M', 'Activo', '', '', '', '', '', '', '', '', '', '', '', '', '2019-05-11 13:43:31', '2019-05-11 13:43:31'),
(149, 'Anderson Masselo Puna', '2002-01-01', 'IPPPB1599', 'N', '920000000', '920000000', NULL, 1, NULL, NULL, 12, 'M', 'Activo', '', '', '', '', '', '', '', '', '', '', '', '', '2019-05-11 13:43:31', '2019-05-11 13:43:31'),
(150, 'André Gerson Mambo', '2001-01-01', 'IPPPB 1373', 'N', '920000000', '920000000', NULL, 1, NULL, NULL, 12, 'M', 'Activo', '', '', '', '', '', '', '', '', '', '', '', '', '2019-05-11 13:43:31', '2019-05-11 13:43:31'),
(151, 'André Ioba Lelo', '2003-01-01', 'IPPPB 1568', 'N', '920000000', '920000000', NULL, 1, NULL, NULL, 12, 'M', 'Activo', '', '', '', '', '', '', '', '', '', '', '', '', '2019-05-11 13:43:31', '2019-05-11 13:43:31'),
(152, 'André Laura Zinga Machiética', '2001-01-01', 'IPPPB 1344', 'N', '920000000', '920000000', NULL, 1, NULL, NULL, 12, 'M', 'Activo', '', '', '', '', '', '', '', '', '', '', '', '', '2019-05-11 13:43:31', '2019-05-11 13:43:31'),
(153, 'Angelina Joana Casimiro', '2005-01-01', 'IPPPB 1657', 'N', '920000000', '920000000', NULL, 1, NULL, NULL, 12, 'F', 'Activo', '', '', '', '', '', '', '', '', '', '', '', '', '2019-05-11 13:43:31', '2019-05-11 13:43:31'),
(154, 'António Silei Macosso Gime', '2004-01-01', 'IPPPB 1681', 'N', '920000000', '920000000', NULL, 1, NULL, NULL, 12, 'M', 'Activo', '', '', '', '', '', '', '', '', '', '', '', '', '2019-05-11 13:43:31', '2019-05-11 13:43:31'),
(155, 'Benvindo Mateus Simba Ngimbi', '2003-01-01', 'IPPPB 1705', 'N', '920000000', '920000000', NULL, 1, NULL, NULL, 12, 'M', 'Activo', '', '', '', '', '', '', '', '', '', '', '', '', '2019-05-11 13:43:31', '2019-05-11 13:43:31'),
(156, 'Carolina Pemba Zinga Bungo', '2004-01-01', 'IPPPB 1626', 'N', '920000000', '920000000', NULL, 1, NULL, NULL, 12, 'F', 'Activo', '', '', '', '', '', '', '', '', '', '', '', '', '2019-05-11 13:43:31', '2019-05-11 13:43:31'),
(157, 'Casimiro Nheze Nzuzi Mananga', '2001-01-01', 'IPPPB 1635', 'N', '920000000', '920000000', NULL, 1, NULL, NULL, 12, 'M', 'Activo', '', '', '', '', '', '', '', '', '', '', '', '', '2019-05-11 13:43:31', '2019-05-11 13:43:31'),
(158, 'Celestino Ireneu Cardoso Bumba', '2002-01-01', 'IPPPB 1659', 'N', '920000000', '920000000', NULL, 1, NULL, NULL, 12, 'M', 'Activo', '', '', '', '', '', '', '', '', '', '', '', '', '2019-05-11 13:43:31', '2019-05-11 13:43:31'),
(159, 'Cipriano António Temo Maluta', '2003-01-01', 'IPPPB 1732', 'N', '920000000', '920000000', NULL, 1, NULL, NULL, 12, 'M', 'Activo', '', '', '', '', '', '', '', '', '', '', '', '', '2019-05-11 13:43:31', '2019-05-11 13:43:31'),
(160, 'Eclêsia Gertrudes António Capita', '2002-01-01', 'IPPPB 1222', 'N', '920000000', '920000000', NULL, 1, NULL, NULL, 12, 'F', 'Activo', '', '', '', '', '', '', '', '', '', '', '', '', '2019-05-11 13:43:31', '2019-05-11 13:43:31'),
(161, 'Edna Suzana Daome Sassa', '2002-01-01', 'IPPPB 1247', 'N', '920000000', '920000000', NULL, 1, NULL, NULL, 12, 'F', 'Activo', '', '', '', '', '', '', '', '', '', '', '', '', '2019-05-11 13:43:31', '2019-05-11 13:43:31'),
(162, 'Egildo Mateus Maiúndo Macaia', '2003-01-01', 'IPPPB 1773', 'N', '920000000', '920000000', NULL, 1, NULL, NULL, 12, 'M', 'Activo', '', '', '', '', '', '', '', '', '', '', '', '', '2019-05-11 13:43:31', '2019-05-11 13:43:31'),
(163, 'Ernesto Melo Catombela', '2003-01-01', 'IPPPB 1752', 'N', '920000000', '920000000', NULL, 1, NULL, NULL, 12, 'M', 'Activo', '', '', '', '', '', '', '', '', '', '', '', '', '2019-05-11 13:43:31', '2019-05-11 13:43:31'),
(164, 'Fidel Gomes Sambo', '2004-01-01', 'IPPPB1693', 'N', '920000000', '920000000', NULL, 1, NULL, NULL, 12, 'M', 'Activo', '', '', '', '', '', '', '', '', '', '', '', '', '2019-05-11 13:43:31', '2019-05-11 13:43:31'),
(165, 'Fidelino Dungi', '2000-01-01', 'IPPPB 1491', 'N', '920000000', '920000000', NULL, 1, NULL, NULL, 12, 'M', 'Activo', '', '', '', '', '', '', '', '', '', '', '', '', '2019-05-11 13:43:31', '2019-05-11 13:43:31'),
(166, 'Filipe dos Santos Binda', '2003-01-01', 'IPPPB 0373', 'N', '920000000', '920000000', NULL, 1, NULL, NULL, 12, 'M', 'Activo', '', '', '', '', '', '', '', '', '', '', '', '', '2019-05-11 13:43:31', '2019-05-11 13:43:31'),
(167, 'Filomão Nsunda Futi', '2002-01-01', 'IPPPB 1668', 'N', '920000000', '920000000', NULL, 1, NULL, NULL, 12, 'M', 'Activo', '', '', '', '', '', '', '', '', '', '', '', '', '2019-05-11 13:43:31', '2019-05-11 13:43:31'),
(168, 'Gilberto Maloco Cardoso Bumba', '2003-01-01', 'IPPPB 1658', 'N', '920000000', '920000000', NULL, 1, NULL, NULL, 12, 'M', 'Activo', '', '', '', '', '', '', '', '', '', '', '', '', '2019-05-11 13:43:31', '2019-05-11 13:43:31'),
(169, 'Hélder António Madia Filipe', '2004-01-01', 'IPPPB 1730', 'N', '920000000', '920000000', NULL, 1, NULL, NULL, 12, 'F', 'Activo', '', '', '', '', '', '', '', '', '', '', '', '', '2019-05-11 13:43:31', '2019-05-11 13:43:31'),
(170, 'Isilda Baki Gimbi', '2004-01-01', 'IPPPB 1531', 'N', '920000000', '920000000', NULL, 1, NULL, NULL, 12, 'F', 'Activo', '', '', '', '', '', '', '', '', '', '', '', '', '2019-05-11 13:43:31', '2019-05-11 13:43:31'),
(171, 'Janete Gimbi da Ressureicão', '2004-01-01', 'IPPPB 1530', 'N', '920000000', '920000000', NULL, 1, NULL, NULL, 12, 'F', 'Activo', '', '', '', '', '', '', '', '', '', '', '', '', '2019-05-11 13:43:31', '2019-05-11 13:43:31'),
(172, 'Januveva Cachoma Lumbombo', '2003-01-01', 'IPPPB 1699', 'N', '920000000', '920000000', NULL, 1, NULL, NULL, 12, 'F', 'Activo', '', '', '', '', '', '', '', '', '', '', '', '', '2019-05-11 13:43:31', '2019-05-11 13:43:31'),
(173, 'José António Cabango', '2003-01-01', 'IPPPB 1800', 'N', '920000000', '920000000', NULL, 1, NULL, NULL, 12, 'M', 'Activo', '', '', '', '', '', '', '', '', '', '', '', '', '2019-05-11 13:43:31', '2019-05-11 13:43:31'),
(174, 'José Sebastião', '2002-01-01', 'IPPPB 0795', 'N', '920000000', '920000000', NULL, 1, NULL, NULL, 12, 'M', 'Activo', '', '', '', '', '', '', '', '', '', '', '', '', '2019-05-11 13:43:31', '2019-05-11 13:43:31'),
(175, 'Juliana Uini Mamboma Buangi', '2002-01-01', 'IPPPB 1555', 'N', '920000000', '920000000', NULL, 1, NULL, NULL, 12, 'F', 'Activo', '', '', '', '', '', '', '', '', '', '', '', '', '2019-05-11 13:43:31', '2019-05-11 13:43:31'),
(176, 'Luís Armindo Zau Combo', '2004-01-01', 'IPPPB 1588', 'N', '920000000', '920000000', NULL, 1, NULL, NULL, 12, 'M', 'Activo', '', '', '', '', '', '', '', '', '', '', '', '', '2019-05-11 13:43:31', '2019-05-11 13:43:31'),
(177, 'Luisandro Francisco Manuel Kaka', '2004-01-01', 'IPPPB 1497', 'N', '920000000', '920000000', NULL, 1, NULL, NULL, 12, 'M', 'Activo', '', '', '', '', '', '', '', '', '', '', '', '', '2019-05-11 13:43:31', '2019-05-11 13:43:31'),
(178, 'Marcelo Simba Matondo', '2002-01-01', 'IPPPB 1667', 'N', '920000000', '920000000', NULL, 1, NULL, NULL, 12, 'M', 'Activo', '', '', '', '', '', '', '', '', '', '', '', '', '2019-05-11 13:43:31', '2019-05-11 13:43:31'),
(179, 'Márcia Silvania Chimpolo Brás', '2003-01-01', 'IPPPB 1805', 'N', '920000000', '920000000', NULL, 1, NULL, NULL, 12, 'F', 'Activo', '', '', '', '', '', '', '', '', '', '', '', '', '2019-05-11 13:43:31', '2019-05-11 13:43:31'),
(180, 'Martinho Quiymbo Guimbi', '2000-01-01', 'IPPPB 1720', 'N', '920000000', '920000000', NULL, 1, NULL, NULL, 12, 'M', 'Activo', '', '', '', '', '', '', '', '', '', '', '', '', '2019-05-11 13:43:31', '2019-05-11 13:43:31'),
(181, 'Mateus Gomes Tuba', '2003-01-01', 'IPPPB 1717', 'N', '920000000', '920000000', NULL, 1, NULL, NULL, 12, 'M', 'Activo', '', '', '', '', '', '', '', '', '', '', '', '', '2019-05-11 13:43:31', '2019-05-11 13:43:31'),
(182, 'Nelson dos Santos Pitra KImbembe', '2005-01-01', 'IPPPB 1628', 'N', '920000000', '920000000', NULL, 1, NULL, NULL, 12, 'M', 'Activo', '', '', '', '', '', '', '', '', '', '', '', '', '2019-05-11 13:43:31', '2019-05-11 13:43:31'),
(183, 'Paulina  Mulamba José Sekudi', '2003-01-01', 'IPPPB 1713', 'N', '920000000', '920000000', NULL, 1, NULL, NULL, 12, 'F', 'Activo', '', '', '', '', '', '', '', '', '', '', '', '', '2019-05-11 13:43:31', '2019-05-11 13:43:31'),
(184, 'Perpétua Casimiro Júlio', '2002-01-01', 'IPPPB 1670', 'N', '920000000', '920000000', NULL, 1, NULL, NULL, 12, 'F', 'Activo', '', '', '', '', '', '', '', '', '', '', '', '', '2019-05-11 13:43:31', '2019-05-11 13:43:31'),
(185, 'Rebeca Ngomba Mampinga', '2004-01-01', 'IPPPB 1484', 'N', '920000000', '920000000', NULL, 1, NULL, NULL, 12, 'F', 'Activo', '', '', '', '', '', '', '', '', '', '', '', '', '2019-05-11 13:43:31', '2019-05-11 13:43:31'),
(186, 'Ruben Joaquim Bambi', '2002-01-01', 'IPPPB 1585', 'N', '920000000', '920000000', NULL, 1, NULL, NULL, 12, 'M', 'Activo', '', '', '', '', '', '', '', '', '', '', '', '', '2019-05-11 13:43:31', '2019-05-11 13:43:31'),
(187, 'Samuel Nsunda Madoso', '2001-01-01', 'IPPPB 1452', 'N', '920000000', '920000000', NULL, 1, NULL, NULL, 12, 'M', 'Activo', '', '', '', '', '', '', '', '', '', '', '', '', '2019-05-11 13:43:31', '2019-05-11 13:43:31'),
(188, 'Serafim Tomé figueiredo', '2003-01-01', 'IPPPB 1796', 'N', '920000000', '920000000', NULL, 1, NULL, NULL, 12, 'M', 'Activo', '', '', '', '', '', '', '', '', '', '', '', '', '2019-05-11 13:43:31', '2019-05-11 13:43:31'),
(189, 'Afonsina Capita Gomes', '2001-01-01', 'IPPPB 1686', 'N', '920000000', '920000000', NULL, 1, NULL, NULL, 13, 'F', 'Activo', '', '', '', '', '', '', '', '', '', '', '', '', '2019-05-25 10:12:14', '2019-05-25 10:12:14'),
(190, 'Agostinho Cesarino de Brito Tiongo', '2003-01-01', 'IPPPB 1765', 'N', '920000000', '920000000', NULL, 1, NULL, NULL, 13, 'M', 'Activo', '', '', '', '', '', '', '', '', '', '', '', '', '2019-05-25 10:12:14', '2019-05-25 10:12:14'),
(191, 'Amándio Denys Café Gouveia', '2003-01-01', 'IPPPB 1551', 'N', '920000000', '920000000', NULL, 1, NULL, NULL, 13, 'M', 'Activo', '', '', '', '', '', '', '', '', '', '', '', '', '2019-05-25 10:12:14', '2019-05-25 10:12:14'),
(192, 'Ana Chilongo Sassa Farinha', '2002-01-01', 'IPPPB 1679', 'N', '920000000', '920000000', NULL, 1, NULL, NULL, 13, 'F', 'Activo', '', '', '', '', '', '', '', '', '', '', '', '', '2019-05-25 10:12:14', '2019-05-25 10:12:14'),
(193, 'Ana Samantha Futi dos Santos', '2002-01-01', 'IPPPB 1272', 'N', '920000000', '920000000', NULL, 1, NULL, NULL, 13, 'F', 'Activo', '', '', '', '', '', '', '', '', '', '', '', '', '2019-05-25 10:12:14', '2019-05-25 10:12:14'),
(194, 'Ángela Buca Malonda Valério', '2003-01-01', 'IPPPB 1665', 'N', '920000000', '920000000', NULL, 1, NULL, NULL, 13, 'F', 'Activo', '', '', '', '', '', '', '', '', '', '', '', '', '2019-05-25 10:12:14', '2019-05-25 10:12:14'),
(195, 'António Dioba Milando Luvambo', '2001-01-01', 'IPPPB 1748', 'N', '920000000', '920000000', NULL, 1, NULL, NULL, 13, 'M', 'Activo', '', '', '', '', '', '', '', '', '', '', '', '', '2019-05-25 10:12:14', '2019-05-25 10:12:14'),
(196, 'Bento Singano Simba Macosso', '2000-01-01', 'IPPPB 1721', 'N', '920000000', '920000000', NULL, 1, NULL, NULL, 13, 'M', 'Activo', '', '', '', '', '', '', '', '', '', '', '', '', '2019-05-25 10:12:14', '2019-05-25 10:12:14'),
(197, 'Carlos José Balo Matos', '2000-01-01', 'IPPPB 1552', 'N', '920000000', '920000000', NULL, 1, NULL, NULL, 13, 'M', 'Activo', '', '', '', '', '', '', '', '', '', '', '', '', '2019-05-25 10:12:14', '2019-05-25 10:12:14'),
(198, 'Deise Domingos Avelino', '2003-01-01', 'IPPPB 1509', 'N', '920000000', '920000000', NULL, 1, NULL, NULL, 13, 'M', 'Activo', '', '', '', '', '', '', '', '', '', '', '', '', '2019-05-25 10:12:14', '2019-05-25 10:12:14'),
(199, 'Elísio De Fátima Da Costa', '2002-01-01', 'IPPPB 1655', 'N', '920000000', '920000000', NULL, 1, NULL, NULL, 13, 'M', 'Activo', '', '', '', '', '', '', '', '', '', '', '', '', '2019-05-25 10:12:14', '2019-05-25 10:12:14'),
(200, 'Eugenia Meno Puco', '2002-01-01', 'IPPPB 1423', 'N', '920000000', '920000000', NULL, 1, NULL, NULL, 13, 'F', 'Activo', '', '', '', '', '', '', '', '', '', '', '', '', '2019-05-25 10:12:14', '2019-05-25 10:12:14'),
(201, 'Eunicia Bumba Belena dos Reis', '2002-01-01', 'IPPPB 1751', 'N', '920000000', '920000000', NULL, 1, NULL, NULL, 13, 'F', 'Activo', '', '', '', '', '', '', '', '', '', '', '', '', '2019-05-25 10:12:14', '2019-05-25 10:12:14'),
(202, 'Filipa Pambo Cajada', '2003-01-01', 'IPPPB 1739', 'N', '920000000', '920000000', NULL, 1, NULL, NULL, 13, 'F', 'Activo', '', '', '', '', '', '', '', '', '', '', '', '', '2019-05-25 10:12:15', '2019-05-25 10:12:15'),
(203, 'Firmino Tchiteculo Ngola Moço', '2000-01-01', 'IPPPB 1776', 'N', '920000000', '920000000', NULL, 1, NULL, NULL, 13, 'M', 'Activo', '', '', '', '', '', '', '', '', '', '', '', '', '2019-05-25 10:12:15', '2019-05-25 10:12:15'),
(204, 'Gideão Chileno Funzi Brás', '2003-01-01', 'IPPPB 1775', 'N', '920000000', '920000000', NULL, 1, NULL, NULL, 13, 'M', 'Activo', '', '', '', '', '', '', '', '', '', '', '', '', '2019-05-25 10:12:15', '2019-05-25 10:12:15'),
(205, 'Hélia Lúcia De Jesus Lando Cohen', '2003-01-01', 'IPPPB 1123', 'N', '920000000', '920000000', NULL, 1, NULL, NULL, 13, 'F', 'Activo', '', '', '', '', '', '', '', '', '', '', '', '', '2019-05-25 10:12:15', '2019-05-25 10:12:15'),
(206, 'Hermilinda de Fátima Zinga Landazi', '2003-01-01', 'IPPPB 1731', 'N', '920000000', '920000000', NULL, 1, NULL, NULL, 13, 'F', 'Activo', '', '', '', '', '', '', '', '', '', '', '', '', '2019-05-25 10:12:15', '2019-05-25 10:12:15'),
(207, 'João Marcelo Cabaz Capita', '2003-01-01', 'IPPPB 1646', 'N', '920000000', '920000000', NULL, 1, NULL, NULL, 13, 'M', 'Activo', '', '', '', '', '', '', '', '', '', '', '', '', '2019-05-25 10:12:15', '2019-05-25 10:12:15'),
(208, 'Jorge De Jesus Lelo Ngimbi', '2001-01-01', 'IPPPB 1740', 'N', '920000000', '920000000', NULL, 1, NULL, NULL, 13, 'M', 'Activo', '', '', '', '', '', '', '', '', '', '', '', '', '2019-05-25 10:12:15', '2019-05-25 10:12:15'),
(209, 'Jorge Dos Santos Baza Lopes', '2001-01-01', 'IPPPB 1744', 'N', '920000000', '920000000', NULL, 1, NULL, NULL, 13, 'M', 'Activo', '', '', '', '', '', '', '', '', '', '', '', '', '2019-05-25 10:12:15', '2019-05-25 10:12:15'),
(210, 'Laura Manuel Quibango', '2002-01-01', 'IPPPB 1618', 'N', '920000000', '920000000', NULL, 1, NULL, NULL, 13, 'F', 'Activo', '', '', '', '', '', '', '', '', '', '', '', '', '2019-05-25 10:12:15', '2019-05-25 10:12:15'),
(211, 'Lúcia Dos Ramos Umba Inácio', '2002-01-01', 'IPPPB 1806', 'N', '920000000', '920000000', NULL, 1, NULL, NULL, 13, 'F', 'Activo', '', '', '', '', '', '', '', '', '', '', '', '', '2019-05-25 10:12:15', '2019-05-25 10:12:15'),
(212, 'Manuel Maiangala Mbachi João', '2002-01-01', 'IPPPB 1712', 'N', '920000000', '920000000', NULL, 1, NULL, NULL, 13, 'M', 'Activo', '', '', '', '', '', '', '', '', '', '', '', '', '2019-05-25 10:12:15', '2019-05-25 10:12:15'),
(213, 'Márcio Sílvio dos Santos Raposo', '1999-01-01', 'IPPPB 0562', 'N', '920000000', '920000000', NULL, 1, NULL, NULL, 13, 'M', 'Activo', '', '', '', '', '', '', '', '', '', '', '', '', '2019-05-25 10:12:15', '2019-05-25 10:12:15'),
(214, 'Maria Beatriz Buzi Cafele', '1997-01-01', 'IPPPB 1182', 'N', '920000000', '920000000', NULL, 1, NULL, NULL, 13, 'F', 'Activo', '', '', '', '', '', '', '', '', '', '', '', '', '2019-05-25 10:12:15', '2019-05-25 10:12:15'),
(215, 'Maria Cândida Buinga Mauício', '2003-01-01', 'IPPPB 1688', 'N', '920000000', '920000000', NULL, 1, NULL, NULL, 13, 'F', 'Activo', '', '', '', '', '', '', '', '', '', '', '', '', '2019-05-25 10:12:15', '2019-05-25 10:12:15'),
(216, 'Maria Cristina Zau', '2003-01-01', 'IPPPB 1804', 'N', '920000000', '920000000', NULL, 1, NULL, NULL, 13, 'F', 'Activo', '', '', '', '', '', '', '', '', '', '', '', '', '2019-05-25 10:12:15', '2019-05-25 10:12:15'),
(217, 'Maria Helena Ieze Baptista', '2002-01-01', 'IPPPB 1772', 'N', '920000000', '920000000', NULL, 1, NULL, NULL, 13, 'F', 'Activo', '', '', '', '', '', '', '', '', '', '', '', '', '2019-05-25 10:12:15', '2019-05-25 10:12:15'),
(218, 'Pricila Barros Pereira', '2003-01-01', 'IPPPB 1763', 'N', '920000000', '920000000', NULL, 1, NULL, NULL, 13, 'F', 'Activo', '', '', '', '', '', '', '', '', '', '', '', '', '2019-05-25 10:12:15', '2019-05-25 10:12:15'),
(219, 'Maria Salizi Massiala Lelo', '2003-01-01', 'IPPPB 1759', 'N', '920000000', '920000000', NULL, 1, NULL, NULL, 13, 'F', 'Activo', '', '', '', '', '', '', '', '', '', '', '', '', '2019-05-25 10:12:15', '2019-05-25 10:12:15'),
(220, 'Mutília Isabel de Jesus Munto', '2003-01-01', 'IPPPB 1764', 'N', '920000000', '920000000', NULL, 1, NULL, NULL, 13, 'F', 'Activo', '', '', '', '', '', '', '', '', '', '', '', '', '2019-05-25 10:12:15', '2019-05-25 10:12:15'),
(221, 'Naira de Fátima Arminda Dambi', '2001-01-01', 'IPPPB 0260', 'N', '920000000', '920000000', NULL, 1, NULL, NULL, 13, 'F', 'Activo', '', '', '', '', '', '', '', '', '', '', '', '', '2019-05-25 10:12:15', '2019-05-25 10:12:15'),
(222, 'Osvaldo Custóndio Cani Mausa', '2003-01-01', 'IPPPB 1528', 'N', '920000000', '920000000', NULL, 1, NULL, NULL, 13, 'M', 'Activo', '', '', '', '', '', '', '', '', '', '', '', '', '2019-05-25 10:12:15', '2019-05-25 10:12:15'),
(223, 'Rafael Lubota  Bento', '2000-01-01', 'IPPPB 1755', 'N', '920000000', '920000000', NULL, 1, NULL, NULL, 13, 'M', 'Activo', '', '', '', '', '', '', '', '', '', '', '', '', '2019-05-25 10:12:15', '2019-05-25 10:12:15'),
(224, 'Romeiro Chimbuca', '2003-01-01', 'IPPPB 1493', 'N', '920000000', '920000000', NULL, 1, NULL, NULL, 13, 'M', 'Activo', '', '', '', '', '', '', '', '', '', '', '', '', '2019-05-25 10:12:15', '2019-05-25 10:12:15'),
(225, 'Rosalina Tula Biêngo', '2000-01-01', 'IPPPB 1544', 'N', '920000000', '920000000', NULL, 1, NULL, NULL, 13, 'F', 'Activo', '', '', '', '', '', '', '', '', '', '', '', '', '2019-05-25 10:12:15', '2019-05-25 10:12:15'),
(226, 'Sonia Brás Lúcia Lelo', '2001-01-01', 'IPPPB 1594', 'N', '920000000', '920000000', NULL, 1, NULL, NULL, 13, 'F', 'Activo', '', '', '', '', '', '', '', '', '', '', '', '', '2019-05-25 10:12:15', '2019-05-25 10:12:15'),
(227, 'Stela Catarina Sanche Lelo', '2001-01-01', 'IPPPB 1729', 'N', '920000000', '920000000', NULL, 1, NULL, NULL, 13, 'F', 'Activo', '', '', '', '', '', '', '', '', '', '', '', '', '2019-05-25 10:12:15', '2019-05-25 10:12:15'),
(228, 'Taichiana Sambo Quicumbo', '2002-01-01', 'IPPPB 0498', 'N', '920000000', '920000000', NULL, 1, NULL, NULL, 13, 'F', 'Activo', '', '', '', '', '', '', '', '', '', '', '', '', '2019-05-25 10:12:15', '2019-05-25 10:12:15'),
(229, 'Teresa Futi Puna', '2001-01-01', 'IPPPB 1793', 'N', '920000000', '920000000', NULL, 1, NULL, NULL, 13, 'F', 'Activo', '', '', '', '', '', '', '', '', '', '', '', '', '2019-05-25 10:12:15', '2019-05-25 10:12:15'),
(230, 'verónica Malila Funzi Liba', '2001-01-01', 'IPPPB 1778', 'N', '920000000', '920000000', NULL, 1, NULL, NULL, 13, 'F', 'Activo', '', '', '', '', '', '', '', '', '', '', '', '', '2019-05-25 10:12:15', '2019-05-25 10:12:15'),
(231, 'Ana Maria Tembo', '2001-01-01', 'IPPPB 1814', 'N', '920000000', '920000000', NULL, 1, NULL, NULL, 13, 'F', 'Activo', '', '', '', '', '', '', '', '', '', '', '', '', '2019-05-25 10:12:15', '2019-05-25 10:12:15'),
(232, 'Abissima Samara Serrano De Carvalho', '2004-01-01', 'IPPPB 1591', 'N', '920000000', '920000000', NULL, 30, NULL, NULL, 13, 'F', 'Activo', '', '', '', '', '', '', '', '', '', '', '', '', '2019-05-25 10:20:23', '2019-05-25 10:22:40'),
(233, 'Aldina Tati Da Costa', '2005-01-01', 'IPPPB 1495', 'N', '920000000', '920000000', NULL, 30, NULL, NULL, 13, 'F', 'Activo', '', '', '', '', '', '', '', '', '', '', '', '', '2019-05-25 10:20:24', '2019-05-25 10:22:58'),
(234, 'Ana Mataia Custódio', '2004-01-01', 'IPPPB 1593', 'N', '920000000', '920000000', NULL, 1, NULL, NULL, 13, 'F', 'Activo', '', '', '', '', '', '', '', '', '', '', '', '', '2019-05-25 10:20:24', '2019-05-25 10:20:24'),
(235, 'Artur Congo Nsuami', '2004-01-01', 'IPPPB 1762', 'N', '920000000', '920000000', NULL, 1, NULL, NULL, 13, 'M', 'Activo', '', '', '', '', '', '', '', '', '', '', '', '', '2019-05-25 10:20:24', '2019-05-25 10:20:24'),
(236, 'Carlos Miguel Ngó Macambo', '2004-01-01', 'IPPPB 1541', 'N', '920000000', '920000000', NULL, 1, NULL, NULL, 13, 'M', 'Activo', '', '', '', '', '', '', '', '', '', '', '', '', '2019-05-25 10:20:24', '2019-05-25 10:20:24'),
(237, 'Cipriana Bernardo Lopes', '2003-01-01', 'IPPPB 1792', 'N', '920000000', '920000000', NULL, 1, NULL, NULL, 13, 'M', 'Activo', '', '', '', '', '', '', '', '', '', '', '', '', '2019-05-25 10:20:24', '2019-05-25 10:20:24'),
(238, 'Cláudia  Futi  Bernardo Malonda', '2004-01-01', 'IPPPB 1711', 'N', '920000000', '920000000', NULL, 1, NULL, NULL, 13, 'F', 'Activo', '', '', '', '', '', '', '', '', '', '', '', '', '2019-05-25 10:20:24', '2019-05-25 10:20:24'),
(239, 'Cristina Domingas Congo Sumbo', '2004-01-01', 'IPPPB 1669', 'N', '920000000', '920000000', NULL, 1, NULL, NULL, 13, 'F', 'Activo', '', '', '', '', '', '', '', '', '', '', '', '', '2019-05-25 10:20:24', '2019-05-25 10:20:24'),
(240, 'Delfina da Conceição Capita', '2003-01-01', 'IPPPB 1503', 'N', '920000000', '920000000', NULL, 1, NULL, NULL, 13, 'F', 'Activo', '', '', '', '', '', '', '', '', '', '', '', '', '2019-05-25 10:20:24', '2019-05-25 10:20:24'),
(241, 'Doriana Simba Da Costa Mavungo', '2004-01-01', 'IPPPB 1520', 'N', '920000000', '920000000', NULL, 1, NULL, NULL, 13, 'F', 'Activo', '', '', '', '', '', '', '', '', '', '', '', '', '2019-05-25 10:20:24', '2019-05-25 10:20:24'),
(242, 'Edson  António Da Costa Capita', '2003-01-01', 'IPPPB 1808', 'N', '920000000', '920000000', NULL, 1, NULL, NULL, 13, 'M', 'Activo', '', '', '', '', '', '', '', '', '', '', '', '', '2019-05-25 10:20:24', '2019-05-25 10:20:24'),
(243, 'Elisângela Stefânia Buiti Mavungo', '2004-01-01', 'IPPPB 1519', 'N', '920000000', '920000000', NULL, 1, NULL, NULL, 13, 'F', 'Activo', '', '', '', '', '', '', '', '', '', '', '', '', '2019-05-25 10:20:24', '2019-05-25 10:20:24'),
(244, 'Evinaldo Baptista José da Silva', '2003-01-01', 'IPPPB 1607', 'N', '920000000', '920000000', NULL, 1, NULL, NULL, 13, 'M', 'Activo', '', '', '', '', '', '', '', '', '', '', '', '', '2019-05-25 10:20:24', '2019-05-25 10:20:24'),
(245, 'Helena Domingos Simba', '2004-01-01', 'IPPPB 1676', 'N', '920000000', '920000000', NULL, 1, NULL, NULL, 13, 'F', 'Activo', '', '', '', '', '', '', '', '', '', '', '', '', '2019-05-25 10:20:24', '2019-05-25 10:20:24'),
(246, 'Horvanda  juliana joão Caunde', '2004-01-01', 'IPPPB 1576', 'N', '920000000', '920000000', NULL, 1, NULL, NULL, 13, 'F', 'Activo', '', '', '', '', '', '', '', '', '', '', '', '', '2019-05-25 10:20:24', '2019-05-25 10:20:24'),
(247, 'Icimâlia Pemba Chibunduca', '2003-01-01', 'IPPPB 1609', 'N', '920000000', '920000000', NULL, 1, NULL, NULL, 13, 'F', 'Activo', '', '', '', '', '', '', '', '', '', '', '', '', '2019-05-25 10:20:24', '2019-05-25 10:20:24'),
(248, 'Ilda Jossária Vaba Puna', '2004-01-01', 'IPPPB 1716', 'N', '920000000', '920000000', NULL, 1, NULL, NULL, 13, 'F', 'Activo', '', '', '', '', '', '', '', '', '', '', '', '', '2019-05-25 10:20:24', '2019-05-25 10:20:24'),
(249, 'Isabel Ilisandra de Azevedo Ramos', '2004-01-01', 'IPPPB 0196', 'N', '920000000', '920000000', NULL, 1, NULL, NULL, 13, 'F', 'Activo', '', '', '', '', '', '', '', '', '', '', '', '', '2019-05-25 10:20:24', '2019-05-25 10:20:24'),
(250, 'Jaylson Babela da Silva', '2003-01-01', 'IPPPB 1550', 'N', '920000000', '920000000', NULL, 1, NULL, NULL, 13, 'M', 'Activo', '', '', '', '', '', '', '', '', '', '', '', '', '2019-05-25 10:20:24', '2019-05-25 10:20:24'),
(251, 'José Feliciano Congo Miguel', '2004-01-01', 'IPPPB 1714', 'N', '920000000', '920000000', NULL, 1, NULL, NULL, 13, 'M', 'Activo', '', '', '', '', '', '', '', '', '', '', '', '', '2019-05-25 10:20:24', '2019-05-25 10:20:24'),
(252, 'Jurema Senga Serrano Mabiala', '2003-01-01', 'IPPPB 1533', 'N', '920000000', '920000000', NULL, 30, NULL, NULL, 13, 'M', 'Desistido', '', '', '', '', '', '', '', '', '', '', '', '', '2019-05-25 10:20:24', '2019-05-25 10:23:28'),
(253, 'Kelvy José Banota', '2004-01-01', 'IPPPB 1482', 'N', '920000000', '920000000', NULL, 30, NULL, NULL, 13, 'M', 'Desistido', '', '', '', '', '', '', '', '', '', '', '', '', '2019-05-25 10:20:24', '2019-05-25 10:23:52'),
(254, 'Lois Cambizi Rodrigues Nfuka Malendji', '2003-01-01', 'IPPPB 1662', 'N', '920000000', '920000000', NULL, 1, NULL, NULL, 13, 'F', 'Activo', '', '', '', '', '', '', '', '', '', '', '', '', '2019-05-25 10:20:24', '2019-05-25 10:20:24'),
(255, 'Lucénia Jorget Nzau Baiona', '2004-01-01', 'IPPPB 1488', 'N', '920000000', '920000000', NULL, 1, NULL, NULL, 13, 'F', 'Activo', '', '', '', '', '', '', '', '', '', '', '', '', '2019-05-25 10:20:24', '2019-05-25 10:20:24'),
(256, 'Manuel António Bilenga Duda', '2004-01-01', 'IPPPB 1695', 'N', '920000000', '920000000', NULL, 1, NULL, NULL, 13, 'M', 'Activo', '', '', '', '', '', '', '', '', '', '', '', '', '2019-05-25 10:20:24', '2019-05-25 10:20:24'),
(257, 'Marcos António Tomé', '2003-01-01', 'IPPPB 1525', 'N', '920000000', '920000000', NULL, 1, NULL, NULL, 13, 'M', 'Activo', '', '', '', '', '', '', '', '', '', '', '', '', '2019-05-25 10:20:24', '2019-05-25 10:20:24'),
(258, 'Maria José Barros', '2003-01-01', 'IPPPB 1605', 'N', '920000000', '920000000', NULL, 1, NULL, NULL, 13, 'F', 'Activo', '', '', '', '', '', '', '', '', '', '', '', '', '2019-05-25 10:20:24', '2019-05-25 10:20:24'),
(259, 'Marlene Ventura Jack', '2004-01-01', 'IPPPB 1537', 'N', '920000000', '920000000', NULL, 1, NULL, NULL, 13, 'F', 'Activo', '', '', '', '', '', '', '', '', '', '', '', '', '2019-05-25 10:20:24', '2019-05-25 10:20:24'),
(260, 'Neurelis Mabiala Milongi Tomás', '2004-01-01', 'IPPPB 1794', 'N', '920000000', '920000000', NULL, 1, NULL, NULL, 13, 'F', 'Activo', '', '', '', '', '', '', '', '', '', '', '', '', '2019-05-25 10:20:24', '2019-05-25 10:20:24'),
(261, 'Quétia de Rosária Isaco Alfredo', '2003-01-01', 'IPPPB 1768', 'N', '920000000', '920000000', NULL, 1, NULL, NULL, 13, 'F', 'Activo', '', '', '', '', '', '', '', '', '', '', '', '', '2019-05-25 10:20:24', '2019-05-25 10:20:24'),
(262, 'Regina Vanhout Tati Gavela', '2004-01-01', 'IPPPB 1523', 'N', '920000000', '920000000', NULL, 1, NULL, NULL, 13, 'F', 'Activo', '', '', '', '', '', '', '', '', '', '', '', '', '2019-05-25 10:20:24', '2019-05-25 10:20:24'),
(263, 'Rhuri Billly Virgínio', '2004-01-01', 'IPPPB 1543', 'N', '920000000', '920000000', NULL, 1, NULL, NULL, 13, 'F', 'Activo', '', '', '', '', '', '', '', '', '', '', '', '', '2019-05-25 10:20:24', '2019-05-25 10:20:24'),
(264, 'Rosa Paca Chimonze', '2004-01-01', 'IPPPB 1521', 'N', '920000000', '920000000', NULL, 1, NULL, NULL, 13, 'M', 'Activo', '', '', '', '', '', '', '', '', '', '', '', '', '2019-05-25 10:20:24', '2019-05-25 10:20:24'),
(265, 'Rosilda Felisbela Serrano Sumbo', '2003-01-01', 'IPPPB 1101', 'N', '920000000', '920000000', NULL, 1, NULL, NULL, 13, 'F', 'Activo', '', '', '', '', '', '', '', '', '', '', '', '', '2019-05-25 10:20:24', '2019-05-25 10:20:24'),
(266, 'Salomão Cleusio Sumbo Lelo', '2004-01-01', 'IPPPB 1505', 'N', '920000000', '920000000', NULL, 1, NULL, NULL, 13, 'M', 'Activo', '', '', '', '', '', '', '', '', '', '', '', '', '2019-05-25 10:20:24', '2019-05-25 10:20:24'),
(267, 'Sandra Marlene Cuanga Bete', '2004-01-01', 'IPPPB 1083', 'N', '920000000', '920000000', NULL, 30, NULL, NULL, 13, 'F', 'Desistido', '', '', '', '', '', '', '', '', '', '', '', '', '2019-05-25 10:20:24', '2019-05-25 10:24:11'),
(268, 'Serafina Françónia Futi', '2004-01-01', 'IPPPB 1735', 'N', '920000000', '920000000', NULL, 1, NULL, NULL, 13, 'M', 'Activo', '', '', '', '', '', '', '', '', '', '', '', '', '2019-05-25 10:20:24', '2019-05-25 10:20:24');
INSERT INTO `alunos` (`id`, `nome`, `data_de_nascimento`, `idmatricula`, `repetente`, `telefone`, `encarregado_tel`, `email`, `user_id`, `photo`, `idade`, `modulo_id`, `sexo`, `status`, `pai`, `mae`, `doctipo`, `doc_numero`, `doc_local_emissao`, `doc_data_emissao`, `doc_data_validade`, `naturalidade`, `provincia`, `pais`, `morada`, `escola_origem`, `created_at`, `updated_at`) VALUES
(269, 'Suzana Chânica Mavunga  Balu', '2004-01-01', 'IPPPB 1574', 'N', '920000000', '920000000', NULL, 1, NULL, NULL, 13, 'F', 'Activo', '', '', '', '', '', '', '', '', '', '', '', '', '2019-05-25 10:20:24', '2019-05-25 10:20:24'),
(270, 'Suzana Da Conceição Bachi Sumbo', '2004-01-01', 'IPPPB 1573', 'N', '920000000', '920000000', NULL, 1, NULL, NULL, 13, 'F', 'Activo', '', '', '', '', '', '', '', '', '', '', '', '', '2019-05-25 10:20:24', '2019-05-25 10:20:24'),
(271, 'Teresa Alcenha Nguala', '2003-01-01', 'IPPPB 1769', 'N', '920000000', '920000000', NULL, 1, NULL, NULL, 13, 'F', 'Activo', '', '', '', '', '', '', '', '', '', '', '', '', '2019-05-25 10:20:24', '2019-05-25 10:20:24'),
(272, 'Vaniza Josefina Siala Da Costa', '2004-01-01', 'IPPPB 1596', 'N', '920000000', '920000000', NULL, 1, NULL, NULL, 13, 'F', 'Activo', '', '', '', '', '', '', '', '', '', '', '', '', '2019-05-25 10:20:24', '2019-05-25 10:20:24'),
(273, 'Vanuza Isabel Manuel Barros', '2003-01-01', 'IPPPB 1637', 'N', '920000000', '920000000', NULL, 1, NULL, NULL, 13, 'F', 'Activo', '', '', '', '', '', '', '', '', '', '', '', '', '2019-05-25 10:20:24', '2019-05-25 10:20:24'),
(274, 'Verónica de Jesus Sambo Serra', '2005-01-01', 'IPPPB 1139', 'N', '920000000', '920000000', NULL, 1, NULL, NULL, 13, 'F', 'Activo', '', '', '', '', '', '', '', '', '', '', '', '', '2019-05-25 10:20:24', '2019-05-25 10:20:24'),
(275, 'Daniel Taty Luemba', '2003-06-11', 'IPPPB 1766', 'N', '900000000', '900000000', 'Daniel@mail.com', 37, NULL, NULL, 16, 'M', 'Activo', 'Ngonge Nlonga', 'nd', 'BI', '00000000000', 'Cabinda', '2019-05-09', '2019-05-08', 'Cabinda', 'Cabinda', 'Angola', 'Tchiowa', '', '2019-05-25 10:25:52', '2019-05-25 10:33:23'),
(276, 'Abel Joaquim Barros', '2003-01-01', 'IPPPB 1563', 'N', '920000000', '920000000', NULL, 1, NULL, NULL, 14, 'M', 'Activo', '', '', '', '', '', '', '', '', '', '', '', '', '2019-05-25 11:08:54', '2019-05-25 11:08:54'),
(277, 'Alberto Filipe Binda', '2003-01-01', 'IPPPB 1813', 'N', '920000000', '920000000', NULL, 1, NULL, NULL, 14, 'M', 'Activo', '', '', '', '', '', '', '', '', '', '', '', '', '2019-05-25 11:08:55', '2019-05-25 11:08:55'),
(278, 'Alberto Paulo Mbachi Capita', '2003-01-01', 'IPPPB 1546', 'N', '920000000', '920000000', NULL, 1, NULL, NULL, 14, 'M', 'Activo', '', '', '', '', '', '', '', '', '', '', '', '', '2019-05-25 11:08:55', '2019-05-25 11:08:55'),
(279, 'Alberto Varela Lumingo Ivo', '2004-01-01', 'IPPPB 1703', 'N', '920000000', '920000000', NULL, 1, NULL, NULL, 14, 'M', 'Activo', '', '', '', '', '', '', '', '', '', '', '', '', '2019-05-25 11:08:55', '2019-05-25 11:08:55'),
(280, 'Alexandré de Assunção Mosse', '2003-01-01', 'IPPPB 1515', 'N', '920000000', '920000000', NULL, 1, NULL, NULL, 14, 'M', 'Activo', '', '', '', '', '', '', '', '', '', '', '', '', '2019-05-25 11:08:55', '2019-05-25 11:08:55'),
(281, 'Alfonsina da Graça Mpassi', '2003-01-01', 'IPPPB 1634', 'N', '920000000', '920000000', NULL, 1, NULL, NULL, 14, 'F', 'Activo', '', '', '', '', '', '', '', '', '', '', '', '', '2019-05-25 11:08:55', '2019-05-25 11:08:55'),
(282, 'António Alvaro Neto Mateus', '2003-01-01', 'IPPPB 1562', 'N', '920000000', '920000000', NULL, 1, NULL, NULL, 14, 'M', 'Activo', '', '', '', '', '', '', '', '', '', '', '', '', '2019-05-25 11:08:55', '2019-05-25 11:08:55'),
(283, 'Auro Francisco Bosco', '2003-01-01', 'IPPPB 1616', 'N', '920000000', '920000000', NULL, 1, NULL, NULL, 14, 'M', 'Activo', '', '', '', '', '', '', '', '', '', '', '', '', '2019-05-25 11:08:55', '2019-05-25 11:08:55'),
(284, 'Balaurte Pereira Manuel', '2004-01-01', 'IPPPB 1632', 'N', '920000000', '920000000', NULL, 1, NULL, NULL, 14, 'M', 'Activo', '', '', '', '', '', '', '', '', '', '', '', '', '2019-05-25 11:08:55', '2019-05-25 11:08:55'),
(285, 'Bartolomeu Tsinkongo Paulino Tembo', '2003-01-01', 'IPPPB 1600', 'N', '920000000', '920000000', NULL, 1, NULL, NULL, 14, 'M', 'Activo', '', '', '', '', '', '', '', '', '', '', '', '', '2019-05-25 11:08:55', '2019-05-25 11:08:55'),
(286, 'Braúlio Peterson Barros Simas', '2004-01-01', 'IPPPB 1494', 'N', '920000000', '920000000', NULL, 1, NULL, NULL, 14, 'M', 'Activo', '', '', '', '', '', '', '', '', '', '', '', '', '2019-05-25 11:08:55', '2019-05-25 11:08:55'),
(287, 'Chicaia Djorkaef Simba Baptista', '2003-01-01', 'IPPPB 1652', 'N', '920000000', '920000000', NULL, 1, NULL, NULL, 14, 'M', 'Activo', '', '', '', '', '', '', '', '', '', '', '', '', '2019-05-25 11:08:55', '2019-05-25 11:08:55'),
(288, 'Cliver Xavier Sumbo Monteiro', '2003-01-01', 'IPPPB 1516', 'N', '920000000', '920000000', NULL, 1, NULL, NULL, 14, 'M', 'Activo', '', '', '', '', '', '', '', '', '', '', '', '', '2019-05-25 11:08:55', '2019-05-25 11:08:55'),
(289, 'Damásio Puati Muanda', '2003-01-01', 'IPPPB 1621', 'N', '920000000', '920000000', NULL, 1, NULL, NULL, 14, 'M', 'Activo', '', '', '', '', '', '', '', '', '', '', '', '', '2019-05-25 11:08:55', '2019-05-25 11:08:55'),
(290, 'Daniel Celton Muada', '2003-01-01', 'IPPPB 1612', 'N', '920000000', '920000000', NULL, 1, NULL, NULL, 14, 'M', 'Activo', '', '', '', '', '', '', '', '', '', '', '', '', '2019-05-25 11:08:55', '2019-05-25 11:08:55'),
(291, 'Domingos Kimpolo Luemba Sambo', '2003-01-01', 'IPPPB 1617', 'N', '920000000', '920000000', NULL, 1, NULL, NULL, 14, 'M', 'Activo', '', '', '', '', '', '', '', '', '', '', '', '', '2019-05-25 11:08:55', '2019-05-25 11:08:55'),
(292, 'Duclénio Domingos Nzau Luemba', '2003-01-01', 'IPPPB 1522', 'N', '920000000', '920000000', NULL, 1, NULL, NULL, 14, 'M', 'Activo', '', '', '', '', '', '', '', '', '', '', '', '', '2019-05-25 11:08:55', '2019-05-25 11:08:55'),
(293, 'Elisa Fernanda Fita Lelo', '2004-01-01', 'IPPPB 1619', 'N', '920000000', '920000000', NULL, 1, NULL, NULL, 14, 'F', 'Activo', '', '', '', '', '', '', '', '', '', '', '', '', '2019-05-25 11:08:55', '2019-05-25 11:08:55'),
(294, 'Emiliana Antero Miguel', '2004-01-01', 'IPPPB 1547', 'N', '920000000', '920000000', NULL, 1, NULL, NULL, 14, 'F', 'Activo', '', '', '', '', '', '', '', '', '', '', '', '', '2019-05-25 11:08:55', '2019-05-25 11:08:55'),
(295, 'Ernesto António Tati', '2003-01-01', 'IPPPB 1492', 'N', '920000000', '920000000', NULL, 1, NULL, NULL, 14, 'M', 'Activo', '', '', '', '', '', '', '', '', '', '', '', '', '2019-05-25 11:08:55', '2019-05-25 11:08:55'),
(296, 'Estevão Binda Conde Peres', '2003-01-01', 'IPPPB 1589', 'N', '920000000', '920000000', NULL, 1, NULL, NULL, 14, 'M', 'Activo', '', '', '', '', '', '', '', '', '', '', '', '', '2019-05-25 11:08:55', '2019-05-25 11:08:55'),
(297, 'Fernando Gabriel Conde', '2001-01-01', 'IPPPB 1559', 'N', '920000000', '920000000', NULL, 1, NULL, NULL, 14, 'M', 'Activo', '', '', '', '', '', '', '', '', '', '', '', '', '2019-05-25 11:08:55', '2019-05-25 11:08:55'),
(298, 'Geovanio Abel  Ruben Ngoma', '2003-01-01', 'IPPPB 1538', 'N', '920000000', '920000000', NULL, 1, NULL, NULL, 14, 'M', 'Activo', '', '', '', '', '', '', '', '', '', '', '', '', '2019-05-25 11:08:55', '2019-05-25 11:08:55'),
(299, 'Hélio Varela Almeida  Livramento', '2004-01-01', 'IPPPB 1498', 'N', '920000000', '920000000', NULL, 1, NULL, NULL, 14, 'M', 'Activo', '', '', '', '', '', '', '', '', '', '', '', '', '2019-05-25 11:08:55', '2019-05-25 11:08:55'),
(300, 'Hermenegildo Jamba Bumba', '2004-01-01', 'IPPPB 1532', 'N', '920000000', '920000000', NULL, 1, NULL, NULL, 14, 'M', 'Activo', '', '', '', '', '', '', '', '', '', '', '', '', '2019-05-25 11:08:55', '2019-05-25 11:08:55'),
(301, 'Hermidélio Barros Miaca', '2003-01-01', 'IPPPB 1801', 'N', '920000000', '920000000', NULL, 1, NULL, NULL, 14, 'M', 'Activo', '', '', '', '', '', '', '', '', '', '', '', '', '2019-05-25 11:08:55', '2019-05-25 11:08:55'),
(302, 'Isaac Sebastião Matondo Nhimi', '2003-01-01', 'IPPPB 1512', 'N', '920000000', '920000000', NULL, 1, NULL, NULL, 14, 'M', 'Activo', '', '', '', '', '', '', '', '', '', '', '', '', '2019-05-25 11:08:55', '2019-05-25 11:08:55'),
(303, 'Jeremias Francisco Pio', '2003-01-01', 'IPPPB 0571', 'N', '920000000', '920000000', NULL, 1, NULL, NULL, 14, 'M', 'Activo', '', '', '', '', '', '', '', '', '', '', '', '', '2019-05-25 11:08:55', '2019-05-25 11:08:55'),
(304, 'Joaquim Buanga Biala', '2003-01-01', 'IPPPB 1610', 'N', '920000000', '920000000', NULL, 1, NULL, NULL, 14, 'M', 'Activo', '', '', '', '', '', '', '', '', '', '', '', '', '2019-05-25 11:08:55', '2019-05-25 11:08:55'),
(305, 'Joel Bartolomeu Bumba', '2003-01-01', 'IPPPB 1569', 'N', '920000000', '920000000', NULL, 1, NULL, NULL, 14, 'M', 'Activo', '', '', '', '', '', '', '', '', '', '', '', '', '2019-05-25 11:08:55', '2019-05-25 11:08:55'),
(306, 'Jofano Rubim Castro Barros', '2003-01-01', 'IPPPB 1500', 'N', '920000000', '920000000', NULL, 1, NULL, NULL, 14, 'M', 'Activo', '', '', '', '', '', '', '', '', '', '', '', '', '2019-05-25 11:08:55', '2019-05-25 11:08:55'),
(307, 'José Carlos Monteiro', '2004-01-01', 'IPPPB 1499', 'N', '920000000', '920000000', NULL, 1, NULL, NULL, 14, 'M', 'Activo', '', '', '', '', '', '', '', '', '', '', '', '', '2019-05-25 11:08:55', '2019-05-25 11:08:55'),
(308, 'José Mianfuma Niangi', '2005-01-01', 'IPPPB 1611', 'N', '920000000', '920000000', NULL, 1, NULL, NULL, 14, 'M', 'Activo', '', '', '', '', '', '', '', '', '', '', '', '', '2019-05-25 11:08:55', '2019-05-25 11:08:55'),
(309, 'Justino de Oliveira Nguamba', '2004-01-01', 'IPPPB1507', 'N', '920000000', '920000000', NULL, 1, NULL, NULL, 14, 'M', 'Activo', '', '', '', '', '', '', '', '', '', '', '', '', '2019-05-25 11:08:55', '2019-05-25 11:08:55'),
(310, 'Lionel Franque Buela', '2004-01-01', 'IPPPB 1606', 'N', '920000000', '920000000', NULL, 1, NULL, NULL, 14, 'M', 'Activo', '', '', '', '', '', '', '', '', '', '', '', '', '2019-05-25 11:08:55', '2019-05-25 11:08:55'),
(311, 'Manuel Leonel Lembe Mavungo', '2004-01-01', 'IPPPB 1490', 'N', '920000000', '920000000', NULL, 1, NULL, NULL, 14, 'M', 'Activo', '', '', '', '', '', '', '', '', '', '', '', '', '2019-05-25 11:08:55', '2019-05-25 11:08:55'),
(312, 'Marciano Borges Ngoma Lubota', '2004-01-01', 'IPPPB 1602', 'N', '920000000', '920000000', NULL, 1, NULL, NULL, 14, 'M', 'Activo', '', '', '', '', '', '', '', '', '', '', '', '', '2019-05-25 11:08:55', '2019-05-25 11:08:55'),
(313, 'Maria de Jesus Songe Martins', '2003-01-01', 'IPPPB 1398', 'N', '920000000', '920000000', NULL, 1, NULL, NULL, 14, 'F', 'Activo', '', '', '', '', '', '', '', '', '', '', '', '', '2019-05-25 11:08:55', '2019-05-25 11:08:55'),
(314, 'Marinela André Manuel', '2005-01-01', 'IPPPB 1704', 'N', '920000000', '920000000', NULL, 1, NULL, NULL, 14, 'F', 'Activo', '', '', '', '', '', '', '', '', '', '', '', '', '2019-05-25 11:08:55', '2019-05-25 11:08:55'),
(315, 'Miguel Massunda Casimiro', '2003-01-01', 'IPPPB 1553', 'N', '920000000', '920000000', NULL, 1, NULL, NULL, 14, 'M', 'Activo', '', '', '', '', '', '', '', '', '', '', '', '', '2019-05-25 11:08:55', '2019-05-25 11:08:55'),
(316, 'Rick José Arsénio John', '2004-01-01', 'IPPPB 1638', 'N', '920000000', '920000000', NULL, 1, NULL, NULL, 14, 'M', 'Activo', '', '', '', '', '', '', '', '', '', '', '', '', '2019-05-25 11:08:55', '2019-05-25 11:08:55'),
(317, 'Rogério José Gastão', '2003-01-01', 'IPPPB 1629', 'N', '920000000', '920000000', NULL, 1, NULL, NULL, 14, 'M', 'Activo', '', '', '', '', '', '', '', '', '', '', '', '', '2019-05-25 11:08:55', '2019-05-25 11:08:55'),
(318, 'Rosa Vallisnéria Tigre Custódio', '2004-01-01', 'IPPPB 1756', 'N', '920000000', '920000000', NULL, 1, NULL, NULL, 14, 'F', 'Activo', '', '', '', '', '', '', '', '', '', '', '', '', '2019-05-25 11:08:55', '2019-05-25 11:08:55'),
(319, 'Samuel Elisandro Rodrigues Bula', '2004-01-01', 'IPPPB 1578', 'N', '920000000', '920000000', NULL, 1, NULL, NULL, 14, 'M', 'Activo', '', '', '', '', '', '', '', '', '', '', '', '', '2019-05-25 11:08:55', '2019-05-25 11:08:55'),
(320, 'Sita Patakasi', '2004-01-01', 'IPPPB 1697', 'N', '920000000', '920000000', NULL, 1, NULL, NULL, 14, 'M', 'Activo', '', '', '', '', '', '', '', '', '', '', '', '', '2019-05-25 11:08:55', '2019-05-25 11:08:55');

-- --------------------------------------------------------

--
-- Table structure for table `aluno_disciplina`
--

CREATE TABLE `aluno_disciplina` (
  `turma_id` int(10) UNSIGNED NOT NULL DEFAULT '1',
  `disciplina_id` int(10) UNSIGNED NOT NULL DEFAULT '1',
  `aluno_id` int(10) UNSIGNED DEFAULT NULL,
  `user_id` int(10) UNSIGNED NOT NULL DEFAULT '1',
  `created_at` timestamp NULL DEFAULT NULL,
  `updated_at` timestamp NULL DEFAULT NULL
) ENGINE=InnoDB DEFAULT CHARSET=utf8mb4 COLLATE=utf8mb4_unicode_ci;

-- --------------------------------------------------------

--
-- Table structure for table `aluno_turma`
--

CREATE TABLE `aluno_turma` (
  `turma_id` int(10) UNSIGNED NOT NULL DEFAULT '1',
  `aluno_id` int(10) UNSIGNED NOT NULL DEFAULT '1',
  `user_id` int(10) UNSIGNED NOT NULL DEFAULT '1',
  `numero` int(11) NOT NULL,
  `cargo` varchar(191) COLLATE utf8mb4_unicode_ci DEFAULT NULL,
  `provenienca` varchar(191) COLLATE utf8mb4_unicode_ci DEFAULT NULL,
  `repetente` enum('N','S') COLLATE utf8mb4_unicode_ci NOT NULL DEFAULT 'N',
  `status` enum('Activo','Desistido','Suspenso','Transferido') COLLATE utf8mb4_unicode_ci NOT NULL DEFAULT 'Activo',
  `created_at` timestamp NULL DEFAULT NULL,
  `updated_at` timestamp NULL DEFAULT NULL
) ENGINE=InnoDB DEFAULT CHARSET=utf8mb4 COLLATE=utf8mb4_unicode_ci;

--
-- Dumping data for table `aluno_turma`
--

INSERT INTO `aluno_turma` (`turma_id`, `aluno_id`, `user_id`, `numero`, `cargo`, `provenienca`, `repetente`, `status`, `created_at`, `updated_at`) VALUES
(9, 57, 1, 7, NULL, NULL, 'N', 'Activo', NULL, NULL),
(9, 59, 1, 9, NULL, NULL, 'N', 'Activo', NULL, NULL),
(9, 72, 1, 22, NULL, NULL, 'N', 'Activo', NULL, NULL),
(9, 76, 1, 26, NULL, NULL, 'N', 'Activo', NULL, NULL),
(9, 78, 1, 28, NULL, NULL, 'N', 'Activo', NULL, NULL),
(9, 90, 1, 40, NULL, NULL, 'N', 'Activo', NULL, NULL),
(9, 94, 1, 44, NULL, NULL, 'N', 'Activo', NULL, NULL),
(9, 52, 1, 2, NULL, NULL, 'N', 'Activo', NULL, NULL),
(9, 55, 1, 5, NULL, NULL, 'N', 'Activo', NULL, NULL),
(9, 56, 1, 6, NULL, NULL, 'N', 'Activo', NULL, NULL),
(9, 58, 1, 8, NULL, NULL, 'N', 'Activo', NULL, NULL),
(9, 63, 1, 13, NULL, NULL, 'N', 'Activo', NULL, NULL),
(9, 68, 1, 18, NULL, NULL, 'N', 'Activo', NULL, NULL),
(9, 74, 1, 24, NULL, NULL, 'N', 'Activo', NULL, NULL),
(9, 79, 1, 29, NULL, NULL, 'N', 'Activo', NULL, NULL),
(9, 80, 1, 30, NULL, NULL, 'N', 'Activo', NULL, NULL),
(9, 82, 1, 32, NULL, NULL, 'N', 'Activo', NULL, NULL),
(9, 84, 1, 34, NULL, NULL, 'N', 'Activo', NULL, NULL),
(9, 86, 1, 36, NULL, NULL, 'N', 'Activo', NULL, NULL),
(9, 87, 1, 37, NULL, NULL, 'N', 'Activo', NULL, NULL),
(9, 91, 1, 41, NULL, NULL, 'N', 'Activo', NULL, NULL),
(9, 93, 1, 43, NULL, NULL, 'N', 'Activo', NULL, NULL),
(9, 97, 1, 47, NULL, NULL, 'N', 'Activo', NULL, NULL),
(9, 64, 1, 14, NULL, NULL, 'N', 'Activo', NULL, NULL),
(9, 69, 1, 19, NULL, NULL, 'N', 'Activo', NULL, NULL),
(9, 73, 1, 23, NULL, NULL, 'N', 'Activo', NULL, NULL),
(9, 77, 1, 27, NULL, NULL, 'N', 'Activo', NULL, NULL),
(9, 83, 1, 33, NULL, NULL, 'N', 'Activo', NULL, NULL),
(9, 85, 1, 35, NULL, NULL, 'N', 'Activo', NULL, NULL),
(9, 88, 1, 38, NULL, NULL, 'N', 'Activo', NULL, NULL),
(9, 92, 1, 42, NULL, NULL, 'N', 'Activo', NULL, NULL),
(9, 95, 1, 45, NULL, NULL, 'N', 'Activo', NULL, NULL),
(9, 99, 1, 49, NULL, NULL, 'N', 'Activo', NULL, NULL),
(9, 51, 1, 1, NULL, NULL, 'N', 'Activo', NULL, NULL),
(9, 60, 1, 10, NULL, NULL, 'N', 'Activo', NULL, NULL),
(9, 61, 1, 11, NULL, NULL, 'N', 'Activo', NULL, NULL),
(9, 62, 1, 12, NULL, NULL, 'N', 'Activo', NULL, NULL),
(9, 89, 1, 39, NULL, NULL, 'N', 'Activo', NULL, NULL),
(9, 53, 1, 3, NULL, NULL, 'N', 'Activo', NULL, NULL),
(9, 65, 1, 15, NULL, NULL, 'N', 'Activo', NULL, NULL),
(9, 71, 1, 21, NULL, NULL, 'N', 'Activo', NULL, NULL),
(9, 75, 1, 25, NULL, NULL, 'N', 'Activo', NULL, NULL),
(9, 81, 1, 31, NULL, NULL, 'N', 'Activo', NULL, NULL),
(9, 96, 1, 46, NULL, NULL, 'N', 'Activo', NULL, NULL),
(9, 70, 1, 20, NULL, NULL, 'N', 'Activo', NULL, NULL),
(9, 67, 1, 17, NULL, NULL, 'N', 'Activo', NULL, NULL),
(9, 98, 1, 48, NULL, NULL, 'N', 'Activo', NULL, NULL),
(9, 54, 1, 4, NULL, NULL, 'N', 'Activo', NULL, NULL),
(9, 100, 1, 50, NULL, NULL, 'N', 'Activo', NULL, NULL),
(9, 66, 1, 16, NULL, NULL, 'N', 'Activo', NULL, NULL),
(17, 102, 37, 2, NULL, NULL, 'N', 'Activo', NULL, NULL),
(17, 106, 37, 6, NULL, NULL, 'N', 'Activo', NULL, NULL),
(17, 109, 37, 11, NULL, NULL, 'N', 'Desistido', NULL, NULL),
(17, 110, 37, 12, NULL, NULL, 'N', 'Activo', NULL, NULL),
(17, 114, 37, 16, NULL, NULL, 'N', 'Activo', NULL, NULL),
(17, 116, 37, 18, NULL, NULL, 'N', 'Activo', NULL, NULL),
(17, 118, 37, 20, NULL, NULL, 'N', 'Activo', NULL, NULL),
(17, 120, 37, 22, NULL, NULL, 'N', 'Activo', NULL, NULL),
(17, 121, 37, 23, NULL, NULL, 'N', 'Activo', NULL, NULL),
(17, 129, 37, 31, NULL, NULL, 'N', 'Activo', NULL, NULL),
(17, 133, 37, 35, NULL, NULL, 'N', 'Activo', NULL, NULL),
(17, 135, 37, 38, NULL, NULL, 'N', 'Activo', NULL, NULL),
(17, 137, 37, 40, NULL, NULL, 'N', 'Activo', NULL, NULL),
(17, 103, 37, 3, NULL, NULL, 'N', 'Activo', NULL, NULL),
(17, 105, 37, 5, NULL, NULL, 'N', 'Activo', NULL, NULL),
(17, 107, 37, 7, NULL, NULL, 'N', 'Activo', NULL, NULL),
(17, 111, 37, 13, NULL, NULL, 'N', 'Activo', NULL, NULL),
(17, 112, 37, 14, NULL, NULL, 'N', 'Activo', NULL, NULL),
(17, 122, 37, 24, NULL, NULL, 'N', 'Activo', NULL, NULL),
(17, 126, 37, 28, NULL, NULL, 'N', 'Activo', NULL, NULL),
(17, 134, 37, 36, NULL, NULL, 'N', 'Activo', NULL, NULL),
(17, 139, 37, 42, NULL, NULL, 'N', 'Activo', NULL, NULL),
(17, 141, 37, 44, NULL, NULL, 'N', 'Activo', NULL, NULL),
(17, 101, 37, 1, NULL, NULL, 'N', 'Activo', NULL, NULL),
(17, 104, 37, 4, NULL, NULL, 'N', 'Activo', NULL, NULL),
(17, 113, 37, 15, NULL, NULL, 'N', 'Activo', NULL, NULL),
(17, 117, 37, 19, NULL, NULL, 'N', 'Activo', NULL, NULL),
(17, 119, 37, 21, NULL, NULL, 'N', 'Activo', NULL, NULL),
(17, 123, 37, 25, NULL, NULL, 'N', 'Activo', NULL, NULL),
(17, 128, 37, 30, NULL, NULL, 'N', 'Activo', NULL, NULL),
(17, 142, 37, 37, NULL, NULL, 'N', 'Activo', NULL, NULL),
(17, 143, 37, 10, NULL, NULL, 'N', 'Activo', NULL, NULL),
(17, 115, 37, 17, NULL, NULL, 'N', 'Activo', NULL, NULL),
(17, 124, 37, 26, NULL, NULL, 'N', 'Activo', NULL, NULL),
(17, 125, 37, 27, NULL, NULL, 'N', 'Activo', NULL, NULL),
(17, 127, 37, 29, NULL, NULL, 'N', 'Activo', NULL, NULL),
(17, 132, 37, 34, NULL, NULL, 'N', 'Activo', NULL, NULL),
(17, 138, 37, 41, NULL, NULL, 'N', 'Activo', NULL, NULL),
(17, 140, 37, 43, NULL, NULL, 'N', 'Activo', NULL, NULL),
(17, 108, 37, 8, NULL, NULL, 'N', 'Activo', NULL, NULL),
(17, 130, 37, 32, NULL, NULL, 'N', 'Activo', NULL, NULL),
(17, 136, 37, 39, NULL, NULL, 'N', 'Activo', NULL, NULL),
(17, 131, 37, 33, NULL, NULL, 'N', 'Activo', NULL, NULL),
(19, 190, 25, 2, NULL, NULL, 'N', 'Activo', NULL, NULL),
(19, 191, 25, 3, NULL, NULL, 'N', 'Activo', NULL, NULL),
(19, 194, 25, 7, NULL, NULL, 'N', 'Activo', NULL, NULL),
(19, 198, 25, 11, NULL, NULL, 'N', 'Activo', NULL, NULL),
(19, 202, 25, 15, NULL, NULL, 'N', 'Activo', NULL, NULL),
(19, 204, 25, 17, NULL, NULL, 'N', 'Activo', NULL, NULL),
(19, 205, 25, 18, NULL, NULL, 'N', 'Activo', NULL, NULL),
(19, 206, 25, 19, NULL, NULL, 'N', 'Activo', NULL, NULL),
(19, 207, 25, 20, NULL, NULL, 'N', 'Activo', NULL, NULL),
(19, 215, 25, 28, NULL, NULL, 'N', 'Activo', NULL, NULL),
(19, 216, 25, 29, NULL, NULL, 'N', 'Activo', NULL, NULL),
(19, 218, 25, 35, NULL, NULL, 'N', 'Activo', NULL, NULL),
(19, 219, 25, 31, NULL, NULL, 'N', 'Activo', NULL, NULL),
(19, 220, 25, 32, NULL, NULL, 'N', 'Activo', NULL, NULL),
(19, 222, 25, 34, NULL, NULL, 'N', 'Activo', NULL, NULL),
(19, 224, 25, 37, NULL, NULL, 'N', 'Activo', NULL, NULL),
(19, 192, 25, 4, NULL, NULL, 'N', 'Activo', NULL, NULL),
(19, 193, 25, 6, NULL, NULL, 'N', 'Activo', NULL, NULL),
(19, 199, 25, 12, NULL, NULL, 'N', 'Activo', NULL, NULL),
(19, 200, 25, 13, NULL, NULL, 'N', 'Activo', NULL, NULL),
(19, 201, 25, 14, NULL, NULL, 'N', 'Activo', NULL, NULL),
(19, 210, 25, 23, NULL, NULL, 'N', 'Activo', NULL, NULL),
(19, 211, 25, 24, NULL, NULL, 'N', 'Activo', NULL, NULL),
(19, 212, 25, 25, NULL, NULL, 'N', 'Activo', NULL, NULL),
(19, 217, 25, 30, NULL, NULL, 'N', 'Activo', NULL, NULL),
(19, 228, 25, 41, NULL, NULL, 'N', 'Activo', NULL, NULL),
(19, 189, 25, 1, NULL, NULL, 'N', 'Activo', NULL, NULL),
(19, 195, 25, 8, NULL, NULL, 'N', 'Activo', NULL, NULL),
(19, 208, 25, 21, NULL, NULL, 'N', 'Activo', NULL, NULL),
(19, 209, 25, 22, NULL, NULL, 'N', 'Activo', NULL, NULL),
(19, 221, 25, 33, NULL, NULL, 'N', 'Activo', NULL, NULL),
(19, 226, 25, 39, NULL, NULL, 'N', 'Activo', NULL, NULL),
(19, 227, 25, 40, NULL, NULL, 'N', 'Activo', NULL, NULL),
(19, 229, 25, 42, NULL, NULL, 'N', 'Activo', NULL, NULL),
(19, 230, 25, 43, NULL, NULL, 'N', 'Activo', NULL, NULL),
(19, 231, 25, 5, NULL, NULL, 'N', 'Activo', NULL, NULL),
(19, 196, 25, 9, NULL, NULL, 'N', 'Activo', NULL, NULL),
(19, 197, 25, 10, NULL, NULL, 'N', 'Activo', NULL, NULL),
(19, 203, 25, 16, NULL, NULL, 'N', 'Activo', NULL, NULL),
(19, 223, 25, 36, NULL, NULL, 'N', 'Activo', NULL, NULL),
(19, 225, 25, 38, NULL, NULL, 'N', 'Activo', NULL, NULL),
(19, 213, 25, 26, NULL, NULL, 'N', 'Activo', NULL, NULL),
(19, 214, 25, 27, NULL, NULL, 'N', 'Activo', NULL, NULL),
(11, 153, 17, 10, NULL, NULL, 'N', 'Activo', NULL, NULL),
(11, 182, 17, 39, NULL, NULL, 'N', 'Activo', NULL, NULL),
(11, 154, 17, 11, NULL, NULL, 'N', 'Activo', NULL, NULL),
(11, 156, 17, 13, NULL, NULL, 'N', 'Activo', NULL, NULL),
(11, 164, 17, 21, NULL, NULL, 'N', 'Activo', NULL, NULL),
(11, 169, 17, 26, NULL, NULL, 'N', 'Activo', NULL, NULL),
(11, 170, 17, 27, NULL, NULL, 'N', 'Activo', NULL, NULL),
(11, 171, 17, 28, NULL, NULL, 'N', 'Activo', NULL, NULL),
(11, 176, 17, 33, NULL, NULL, 'N', 'Activo', NULL, NULL),
(11, 177, 17, 34, NULL, NULL, 'N', 'Activo', NULL, NULL),
(11, 185, 17, 42, NULL, NULL, 'N', 'Activo', NULL, NULL),
(11, 145, 17, 2, NULL, NULL, 'N', 'Activo', NULL, NULL),
(11, 146, 17, 3, NULL, NULL, 'N', 'Activo', NULL, NULL),
(11, 151, 17, 8, NULL, NULL, 'N', 'Activo', NULL, NULL),
(11, 155, 17, 12, NULL, NULL, 'N', 'Activo', NULL, NULL),
(11, 159, 17, 16, NULL, NULL, 'N', 'Activo', NULL, NULL),
(11, 162, 17, 19, NULL, NULL, 'N', 'Activo', NULL, NULL),
(11, 163, 17, 20, NULL, NULL, 'N', 'Activo', NULL, NULL),
(11, 166, 17, 23, NULL, NULL, 'N', 'Activo', NULL, NULL),
(11, 168, 17, 25, NULL, NULL, 'N', 'Activo', NULL, NULL),
(11, 172, 17, 29, NULL, NULL, 'N', 'Activo', NULL, NULL),
(11, 173, 17, 30, NULL, NULL, 'N', 'Activo', NULL, NULL),
(11, 179, 17, 36, NULL, NULL, 'N', 'Activo', NULL, NULL),
(11, 181, 17, 38, NULL, NULL, 'N', 'Activo', NULL, NULL),
(11, 183, 17, 40, NULL, NULL, 'N', 'Activo', NULL, NULL),
(11, 188, 17, 45, NULL, NULL, 'N', 'Activo', NULL, NULL),
(11, 149, 17, 6, NULL, NULL, 'N', 'Activo', NULL, NULL),
(11, 158, 17, 15, NULL, NULL, 'N', 'Activo', NULL, NULL),
(11, 160, 17, 17, NULL, NULL, 'N', 'Activo', NULL, NULL),
(11, 161, 17, 18, NULL, NULL, 'N', 'Activo', NULL, NULL),
(11, 167, 17, 24, NULL, NULL, 'N', 'Activo', NULL, NULL),
(11, 174, 17, 31, NULL, NULL, 'N', 'Activo', NULL, NULL),
(11, 175, 17, 32, NULL, NULL, 'N', 'Activo', NULL, NULL),
(11, 178, 17, 35, NULL, NULL, 'N', 'Activo', NULL, NULL),
(11, 184, 17, 41, NULL, NULL, 'N', 'Activo', NULL, NULL),
(11, 186, 17, 43, NULL, NULL, 'N', 'Activo', NULL, NULL),
(11, 147, 17, 4, NULL, NULL, 'N', 'Activo', NULL, NULL),
(11, 148, 17, 5, NULL, NULL, 'N', 'Activo', NULL, NULL),
(11, 150, 17, 7, NULL, NULL, 'N', 'Activo', NULL, NULL),
(11, 152, 17, 9, NULL, NULL, 'N', 'Activo', NULL, NULL),
(18, 233, 30, 2, NULL, NULL, 'N', 'Activo', NULL, NULL),
(18, 274, 30, 43, NULL, NULL, 'N', 'Activo', NULL, NULL),
(11, 157, 17, 14, NULL, NULL, 'N', 'Activo', NULL, NULL),
(18, 232, 30, 1, NULL, NULL, 'N', 'Activo', NULL, NULL),
(11, 187, 17, 44, NULL, NULL, 'N', 'Activo', NULL, NULL),
(18, 234, 30, 3, NULL, NULL, 'N', 'Activo', NULL, NULL),
(11, 144, 17, 1, NULL, NULL, 'N', 'Activo', NULL, NULL),
(18, 235, 30, 4, NULL, NULL, 'N', 'Activo', NULL, NULL),
(11, 165, 17, 22, NULL, NULL, 'N', 'Activo', NULL, NULL),
(18, 236, 30, 5, NULL, NULL, 'N', 'Activo', NULL, NULL),
(11, 180, 17, 37, NULL, NULL, 'N', 'Activo', NULL, NULL),
(18, 238, 30, 7, NULL, NULL, 'N', 'Activo', NULL, NULL),
(18, 239, 30, 8, NULL, NULL, 'N', 'Activo', NULL, NULL),
(18, 241, 30, 10, NULL, NULL, 'N', 'Activo', NULL, NULL),
(18, 243, 30, 12, NULL, NULL, 'N', 'Activo', NULL, NULL),
(18, 245, 30, 14, NULL, NULL, 'N', 'Activo', NULL, NULL),
(18, 246, 30, 15, NULL, NULL, 'N', 'Activo', NULL, NULL),
(18, 248, 30, 17, NULL, NULL, 'N', 'Activo', NULL, NULL),
(18, 249, 30, 18, NULL, NULL, 'N', 'Activo', NULL, NULL),
(18, 251, 30, 20, NULL, NULL, 'N', 'Activo', NULL, NULL),
(18, 253, 30, 22, NULL, NULL, 'N', 'Desistido', NULL, NULL),
(18, 255, 30, 24, NULL, NULL, 'N', 'Activo', NULL, NULL),
(18, 256, 30, 25, NULL, NULL, 'N', 'Activo', NULL, NULL),
(18, 259, 30, 28, NULL, NULL, 'N', 'Activo', NULL, NULL),
(18, 260, 30, 29, NULL, NULL, 'N', 'Activo', NULL, NULL),
(18, 262, 30, 31, NULL, NULL, 'N', 'Activo', NULL, NULL),
(18, 263, 30, 32, NULL, NULL, 'N', 'Activo', NULL, NULL),
(18, 264, 30, 33, NULL, NULL, 'N', 'Activo', NULL, NULL),
(18, 266, 30, 35, NULL, NULL, 'N', 'Activo', NULL, NULL),
(18, 267, 30, 36, NULL, NULL, 'N', 'Desistido', NULL, NULL),
(18, 268, 30, 37, NULL, NULL, 'N', 'Activo', NULL, NULL),
(18, 269, 30, 38, NULL, NULL, 'N', 'Activo', NULL, NULL),
(18, 270, 30, 39, NULL, NULL, 'N', 'Activo', NULL, NULL),
(18, 272, 30, 41, NULL, NULL, 'N', 'Activo', NULL, NULL),
(18, 237, 30, 6, NULL, NULL, 'N', 'Activo', NULL, NULL),
(18, 240, 30, 9, NULL, NULL, 'N', 'Activo', NULL, NULL),
(18, 242, 30, 11, NULL, NULL, 'N', 'Activo', NULL, NULL),
(18, 244, 30, 13, NULL, NULL, 'N', 'Activo', NULL, NULL),
(18, 247, 30, 16, NULL, NULL, 'N', 'Activo', NULL, NULL),
(18, 250, 30, 19, NULL, NULL, 'N', 'Activo', NULL, NULL),
(18, 252, 30, 21, NULL, NULL, 'N', 'Desistido', NULL, NULL),
(18, 254, 30, 23, NULL, NULL, 'N', 'Activo', NULL, NULL),
(18, 257, 30, 26, NULL, NULL, 'N', 'Activo', NULL, NULL),
(18, 258, 30, 27, NULL, NULL, 'N', 'Activo', NULL, NULL),
(18, 261, 30, 30, NULL, NULL, 'N', 'Activo', NULL, NULL),
(18, 265, 30, 34, NULL, NULL, 'N', 'Activo', NULL, NULL),
(18, 271, 30, 40, NULL, NULL, 'N', 'Activo', NULL, NULL),
(18, 273, 30, 42, NULL, NULL, 'N', 'Activo', NULL, NULL),
(17, 275, 37, 9, NULL, NULL, 'N', 'Activo', NULL, NULL),
(14, 308, 1, 33, NULL, NULL, 'N', 'Activo', NULL, NULL),
(14, 314, 1, 39, NULL, NULL, 'N', 'Activo', NULL, NULL),
(14, 279, 1, 4, NULL, NULL, 'N', 'Activo', NULL, NULL),
(14, 284, 1, 9, NULL, NULL, 'N', 'Activo', NULL, NULL),
(14, 286, 1, 11, NULL, NULL, 'N', 'Activo', NULL, NULL),
(14, 293, 1, 18, NULL, NULL, 'N', 'Activo', NULL, NULL),
(14, 294, 1, 19, NULL, NULL, 'N', 'Activo', NULL, NULL),
(14, 299, 1, 24, NULL, NULL, 'N', 'Activo', NULL, NULL),
(14, 300, 1, 25, NULL, NULL, 'N', 'Activo', NULL, NULL),
(14, 307, 1, 32, NULL, NULL, 'N', 'Activo', NULL, NULL),
(14, 309, 1, 34, NULL, NULL, 'N', 'Activo', NULL, NULL),
(14, 310, 1, 35, NULL, NULL, 'N', 'Activo', NULL, NULL),
(14, 311, 1, 36, NULL, NULL, 'N', 'Activo', NULL, NULL),
(14, 312, 1, 37, NULL, NULL, 'N', 'Activo', NULL, NULL),
(14, 316, 1, 41, NULL, NULL, 'N', 'Activo', NULL, NULL),
(14, 318, 1, 43, NULL, NULL, 'N', 'Activo', NULL, NULL),
(14, 319, 1, 44, NULL, NULL, 'N', 'Activo', NULL, NULL),
(14, 320, 1, 45, NULL, NULL, 'N', 'Activo', NULL, NULL),
(14, 276, 1, 1, NULL, NULL, 'N', 'Activo', NULL, NULL),
(14, 277, 1, 2, NULL, NULL, 'N', 'Activo', NULL, NULL),
(14, 278, 1, 3, NULL, NULL, 'N', 'Activo', NULL, NULL),
(14, 280, 1, 5, NULL, NULL, 'N', 'Activo', NULL, NULL),
(14, 281, 1, 6, NULL, NULL, 'N', 'Activo', NULL, NULL),
(14, 282, 1, 7, NULL, NULL, 'N', 'Activo', NULL, NULL),
(14, 283, 1, 8, NULL, NULL, 'N', 'Activo', NULL, NULL),
(14, 285, 1, 10, NULL, NULL, 'N', 'Activo', NULL, NULL),
(14, 287, 1, 12, NULL, NULL, 'N', 'Activo', NULL, NULL),
(14, 288, 1, 13, NULL, NULL, 'N', 'Activo', NULL, NULL),
(14, 289, 1, 14, NULL, NULL, 'N', 'Activo', NULL, NULL),
(14, 290, 1, 15, NULL, NULL, 'N', 'Activo', NULL, NULL),
(14, 291, 1, 16, NULL, NULL, 'N', 'Activo', NULL, NULL),
(14, 292, 1, 17, NULL, NULL, 'N', 'Activo', NULL, NULL),
(14, 295, 1, 20, NULL, NULL, 'N', 'Activo', NULL, NULL),
(14, 296, 1, 21, NULL, NULL, 'N', 'Activo', NULL, NULL),
(14, 298, 1, 23, NULL, NULL, 'N', 'Activo', NULL, NULL),
(14, 301, 1, 26, NULL, NULL, 'N', 'Activo', NULL, NULL),
(14, 302, 1, 27, NULL, NULL, 'N', 'Activo', NULL, NULL),
(14, 303, 1, 28, NULL, NULL, 'N', 'Activo', NULL, NULL),
(14, 304, 1, 29, NULL, NULL, 'N', 'Activo', NULL, NULL),
(14, 305, 1, 30, NULL, NULL, 'N', 'Activo', NULL, NULL),
(14, 306, 1, 31, NULL, NULL, 'N', 'Activo', NULL, NULL),
(14, 313, 1, 38, NULL, NULL, 'N', 'Activo', NULL, NULL),
(14, 315, 1, 40, NULL, NULL, 'N', 'Activo', NULL, NULL),
(14, 317, 1, 42, NULL, NULL, 'N', 'Activo', NULL, NULL),
(14, 297, 1, 22, NULL, NULL, 'N', 'Activo', NULL, NULL);

-- --------------------------------------------------------

--
-- Table structure for table `aquisicaos`
--

CREATE TABLE `aquisicaos` (
  `id` int(10) UNSIGNED NOT NULL,
  `aluno_id` int(10) UNSIGNED NOT NULL DEFAULT '1',
  `user_id` int(10) UNSIGNED NOT NULL DEFAULT '1',
  `documento_tipo` varchar(191) COLLATE utf8mb4_unicode_ci DEFAULT NULL,
  `status` enum('Pendente','Em Processo','Concluido','Entregue') COLLATE utf8mb4_unicode_ci NOT NULL DEFAULT 'Pendente',
  `data` varchar(191) COLLATE utf8mb4_unicode_ci DEFAULT NULL,
  `hora` varchar(191) COLLATE utf8mb4_unicode_ci DEFAULT NULL,
  `created_at` timestamp NULL DEFAULT NULL,
  `updated_at` timestamp NULL DEFAULT NULL
) ENGINE=InnoDB DEFAULT CHARSET=utf8mb4 COLLATE=utf8mb4_unicode_ci;

-- --------------------------------------------------------

--
-- Table structure for table `areas`
--

CREATE TABLE `areas` (
  `id` int(10) UNSIGNED NOT NULL,
  `nome` varchar(191) COLLATE utf8mb4_unicode_ci NOT NULL,
  `acronimo` varchar(191) COLLATE utf8mb4_unicode_ci NOT NULL,
  `user_id` int(10) UNSIGNED NOT NULL DEFAULT '1',
  `created_at` timestamp NULL DEFAULT NULL,
  `updated_at` timestamp NULL DEFAULT NULL
) ENGINE=InnoDB DEFAULT CHARSET=utf8mb4 COLLATE=utf8mb4_unicode_ci;

--
-- Dumping data for table `areas`
--

INSERT INTO `areas` (`id`, `nome`, `acronimo`, `user_id`, `created_at`, `updated_at`) VALUES
(1, 'Informática', 'INFO', 1, '2019-03-31 12:41:40', '2019-05-13 05:33:39'),
(2, 'Química', 'QUIM', 1, '2019-03-31 13:59:50', '2019-05-13 05:33:25'),
(3, 'Construção Civil', 'CV', 1, '2019-05-11 11:37:34', '2019-05-11 11:37:34'),
(4, 'Administração, Gestão e Serviços', 'AGS', 1, '2019-05-11 11:39:32', '2019-05-11 11:39:32'),
(5, 'Electricidade,Electrónica e Telecomunicação', 'EET', 1, '2019-05-11 11:40:46', '2019-05-11 11:40:46');

-- --------------------------------------------------------

--
-- Table structure for table `artigos`
--

CREATE TABLE `artigos` (
  `id` int(10) UNSIGNED NOT NULL,
  `titulo` varchar(191) COLLATE utf8mb4_unicode_ci NOT NULL,
  `descricao` varchar(191) COLLATE utf8mb4_unicode_ci NOT NULL,
  `conteudo` varchar(191) COLLATE utf8mb4_unicode_ci NOT NULL,
  `data` date NOT NULL,
  `created_at` timestamp NULL DEFAULT NULL,
  `updated_at` timestamp NULL DEFAULT NULL,
  `deleted_at` timestamp NULL DEFAULT NULL,
  `user_id` int(10) UNSIGNED NOT NULL DEFAULT '1'
) ENGINE=InnoDB DEFAULT CHARSET=utf8mb4 COLLATE=utf8mb4_unicode_ci;

--
-- Dumping data for table `artigos`
--

INSERT INTO `artigos` (`id`, `titulo`, `descricao`, `conteudo`, `data`, `created_at`, `updated_at`, `deleted_at`, `user_id`) VALUES
(1, 'Formação Dos Professores', 'Amanhã a partir das 8:00 h estão convocados todos os professores', 'Amanhã a partir das 8:00 h estão convocados todos os professores a participarem na formação dos professores para...', '2019-05-16', '2019-05-16 12:30:36', '2019-05-16 12:30:48', NULL, 1);

-- --------------------------------------------------------

--
-- Table structure for table `atividadeables`
--

CREATE TABLE `atividadeables` (
  `id` int(10) UNSIGNED NOT NULL,
  `atividadeable_id` int(11) NOT NULL,
  `atividadeable_type` varchar(191) COLLATE utf8mb4_unicode_ci NOT NULL,
  `local` varchar(191) COLLATE utf8mb4_unicode_ci DEFAULT NULL,
  `descricao` varchar(191) COLLATE utf8mb4_unicode_ci DEFAULT NULL,
  `start_time` datetime NOT NULL,
  `end_time` datetime NOT NULL,
  `created_at` timestamp NULL DEFAULT NULL,
  `updated_at` timestamp NULL DEFAULT NULL
) ENGINE=InnoDB DEFAULT CHARSET=utf8mb4 COLLATE=utf8mb4_unicode_ci;

-- --------------------------------------------------------

--
-- Table structure for table `atividades`
--

CREATE TABLE `atividades` (
  `id` int(10) UNSIGNED NOT NULL,
  `nome` varchar(191) COLLATE utf8mb4_unicode_ci NOT NULL,
  `atividadeGrupo_id` int(10) UNSIGNED NOT NULL DEFAULT '1',
  `epoca_id` int(10) UNSIGNED NOT NULL DEFAULT '1',
  `user_id` int(10) UNSIGNED NOT NULL DEFAULT '1',
  `prazo_inicial` datetime NOT NULL,
  `prazo_final` datetime NOT NULL,
  `descricao` varchar(191) COLLATE utf8mb4_unicode_ci NOT NULL,
  `created_at` timestamp NULL DEFAULT NULL,
  `updated_at` timestamp NULL DEFAULT NULL
) ENGINE=InnoDB DEFAULT CHARSET=utf8mb4 COLLATE=utf8mb4_unicode_ci;

-- --------------------------------------------------------

--
-- Table structure for table `atividade_grupos`
--

CREATE TABLE `atividade_grupos` (
  `id` int(10) UNSIGNED NOT NULL,
  `user_id` int(10) UNSIGNED NOT NULL DEFAULT '1',
  `nome` varchar(191) COLLATE utf8mb4_unicode_ci NOT NULL,
  `created_at` timestamp NULL DEFAULT NULL,
  `updated_at` timestamp NULL DEFAULT NULL
) ENGINE=InnoDB DEFAULT CHARSET=utf8mb4 COLLATE=utf8mb4_unicode_ci;

-- --------------------------------------------------------

--
-- Table structure for table `aulas`
--

CREATE TABLE `aulas` (
  `id` int(10) UNSIGNED NOT NULL,
  `nome` varchar(191) COLLATE utf8mb4_unicode_ci NOT NULL,
  `laboratorio` enum('S','N') COLLATE utf8mb4_unicode_ci NOT NULL DEFAULT 'N',
  `descricao` varchar(191) COLLATE utf8mb4_unicode_ci DEFAULT NULL,
  `user_id` int(10) UNSIGNED NOT NULL DEFAULT '1',
  `turma_id` int(10) UNSIGNED NOT NULL DEFAULT '1',
  `disciplina_id` int(10) UNSIGNED NOT NULL DEFAULT '1',
  `sala_id` int(10) UNSIGNED NOT NULL DEFAULT '1',
  `tempo_id` int(10) UNSIGNED DEFAULT NULL,
  `professor_id` int(10) UNSIGNED DEFAULT NULL,
  `created_at` timestamp NULL DEFAULT NULL,
  `updated_at` timestamp NULL DEFAULT NULL
) ENGINE=InnoDB DEFAULT CHARSET=utf8mb4 COLLATE=utf8mb4_unicode_ci;

--
-- Dumping data for table `aulas`
--

INSERT INTO `aulas` (`id`, `nome`, `laboratorio`, `descricao`, `user_id`, `turma_id`, `disciplina_id`, `sala_id`, `tempo_id`, `professor_id`, `created_at`, `updated_at`) VALUES
(57, 'Aula', 'N', NULL, 1, 9, 17, 19, NULL, NULL, '2019-05-14 08:35:55', '2019-05-14 08:35:55'),
(58, 'Aula', 'N', NULL, 1, 9, 17, 19, NULL, NULL, '2019-05-14 08:35:55', '2019-05-14 08:35:55'),
(59, 'Aula', 'N', NULL, 1, 9, 13, 19, NULL, NULL, '2019-05-14 08:35:56', '2019-05-14 08:35:56'),
(60, 'Aula', 'N', NULL, 1, 9, 13, 19, NULL, NULL, '2019-05-14 08:35:56', '2019-05-14 08:35:56'),
(61, 'Aula', 'N', NULL, 1, 9, 8, 19, NULL, NULL, '2019-05-14 08:35:56', '2019-05-14 08:35:56'),
(62, 'Aula', 'N', NULL, 1, 9, 8, 19, NULL, NULL, '2019-05-14 08:35:56', '2019-05-14 08:35:56'),
(63, 'Aula', 'N', NULL, 1, 9, 11, 19, NULL, NULL, '2019-05-14 08:35:56', '2019-05-14 08:35:56'),
(64, 'Aula', 'N', NULL, 1, 9, 11, 19, NULL, NULL, '2019-05-14 08:35:56', '2019-05-14 08:35:56'),
(65, 'Aula', 'N', NULL, 1, 9, 7, 19, NULL, NULL, '2019-05-14 08:35:56', '2019-05-14 08:35:56'),
(66, 'Aula', 'N', NULL, 1, 9, 7, 19, NULL, NULL, '2019-05-14 08:35:56', '2019-05-14 08:35:56'),
(67, 'Aula', 'N', NULL, 1, 9, 6, 19, NULL, NULL, '2019-05-14 08:35:56', '2019-05-14 08:35:56'),
(68, 'Aula', 'N', NULL, 1, 9, 6, 19, NULL, NULL, '2019-05-14 08:35:56', '2019-05-14 08:35:56'),
(69, 'Aula', 'N', NULL, 1, 9, 10, 19, NULL, NULL, '2019-05-14 08:35:56', '2019-05-14 08:35:56'),
(70, 'Aula', 'N', NULL, 1, 9, 10, 19, NULL, NULL, '2019-05-14 08:35:56', '2019-05-14 08:35:56'),
(71, 'Aula', 'N', NULL, 1, 9, 5, 19, NULL, NULL, '2019-05-14 08:35:56', '2019-05-14 08:35:56'),
(72, 'Aula', 'N', NULL, 1, 9, 5, 19, NULL, NULL, '2019-05-14 08:35:56', '2019-05-14 08:35:56'),
(73, 'Aula', 'N', NULL, 1, 9, 12, 19, NULL, NULL, '2019-05-14 08:35:56', '2019-05-14 08:35:56'),
(74, 'Aula', 'N', NULL, 1, 9, 12, 19, NULL, NULL, '2019-05-14 08:35:56', '2019-05-14 08:35:56'),
(75, 'Aula', 'N', NULL, 1, 9, 9, 19, NULL, NULL, '2019-05-14 08:35:56', '2019-05-14 08:35:56'),
(76, 'Aula', 'N', NULL, 1, 9, 9, 19, NULL, NULL, '2019-05-14 08:35:56', '2019-05-14 08:35:56'),
(77, 'Aula', 'N', NULL, 1, 9, 3, 19, NULL, NULL, '2019-05-14 08:35:56', '2019-05-14 08:35:56'),
(78, 'Aula', 'N', NULL, 1, 9, 3, 19, NULL, NULL, '2019-05-14 08:35:56', '2019-05-14 08:35:56'),
(79, 'Aula', 'N', NULL, 1, 9, 4, 19, NULL, NULL, '2019-05-14 08:35:56', '2019-05-14 08:35:56'),
(80, 'Aula', 'N', NULL, 1, 9, 4, 19, NULL, NULL, '2019-05-14 08:35:56', '2019-05-14 08:35:56'),
(81, 'Aula', 'N', NULL, 1, 9, 1, 19, NULL, NULL, '2019-05-14 08:35:56', '2019-05-14 08:35:56'),
(82, 'Aula', 'N', NULL, 1, 9, 1, 19, NULL, NULL, '2019-05-14 08:35:56', '2019-05-14 08:35:56'),
(83, 'Aula', 'N', NULL, 1, 9, 2, 19, NULL, NULL, '2019-05-14 08:35:56', '2019-05-14 08:35:56'),
(84, 'Aula', 'N', NULL, 1, 9, 2, 19, NULL, NULL, '2019-05-14 08:35:56', '2019-05-14 08:35:56'),
(85, 'Aula', 'N', NULL, 1, 17, 17, 5, NULL, NULL, '2019-05-25 09:41:49', '2019-05-25 09:41:49'),
(86, 'Aula', 'N', NULL, 1, 17, 17, 5, NULL, NULL, '2019-05-25 09:41:50', '2019-05-25 09:41:50'),
(87, 'Aula', 'N', NULL, 1, 17, 8, 5, NULL, NULL, '2019-05-25 09:41:50', '2019-05-25 09:41:50'),
(88, 'Aula', 'N', NULL, 1, 17, 8, 5, NULL, NULL, '2019-05-25 09:41:50', '2019-05-25 09:41:50'),
(89, 'Aula', 'N', NULL, 1, 17, 11, 5, NULL, NULL, '2019-05-25 09:41:50', '2019-05-25 09:41:50'),
(90, 'Aula', 'N', NULL, 1, 17, 11, 5, NULL, NULL, '2019-05-25 09:41:50', '2019-05-25 09:41:50'),
(91, 'Aula', 'N', NULL, 1, 17, 7, 5, NULL, NULL, '2019-05-25 09:41:50', '2019-05-25 09:41:50'),
(92, 'Aula', 'N', NULL, 1, 17, 7, 5, NULL, NULL, '2019-05-25 09:41:50', '2019-05-25 09:41:50'),
(93, 'Aula', 'N', NULL, 1, 17, 6, 5, NULL, NULL, '2019-05-25 09:41:50', '2019-05-25 09:41:50'),
(94, 'Aula', 'N', NULL, 1, 17, 6, 5, NULL, NULL, '2019-05-25 09:41:50', '2019-05-25 09:41:50'),
(95, 'Aula', 'N', NULL, 1, 17, 6, 5, NULL, NULL, '2019-05-25 09:41:50', '2019-05-25 09:41:50'),
(96, 'Aula', 'N', NULL, 1, 17, 10, 5, NULL, NULL, '2019-05-25 09:41:50', '2019-05-25 09:41:50'),
(97, 'Aula', 'N', NULL, 1, 17, 10, 5, NULL, NULL, '2019-05-25 09:41:50', '2019-05-25 09:41:50'),
(98, 'Aula', 'N', NULL, 1, 17, 10, 5, NULL, NULL, '2019-05-25 09:41:51', '2019-05-25 09:41:51'),
(99, 'Aula', 'N', NULL, 1, 17, 10, 5, NULL, NULL, '2019-05-25 09:41:51', '2019-05-25 09:41:51'),
(100, 'Aula', 'N', NULL, 1, 17, 10, 5, NULL, NULL, '2019-05-25 09:41:51', '2019-05-25 09:41:51'),
(101, 'Aula', 'N', NULL, 1, 17, 5, 5, NULL, NULL, '2019-05-25 09:41:51', '2019-05-25 09:41:51'),
(102, 'Aula', 'N', NULL, 1, 17, 5, 5, NULL, NULL, '2019-05-25 09:41:51', '2019-05-25 09:41:51'),
(103, 'Aula', 'N', NULL, 1, 17, 5, 5, NULL, NULL, '2019-05-25 09:41:51', '2019-05-25 09:41:51'),
(104, 'Aula', 'N', NULL, 1, 17, 12, 5, NULL, NULL, '2019-05-25 09:41:51', '2019-05-25 09:41:51'),
(105, 'Aula', 'N', NULL, 1, 17, 12, 5, NULL, NULL, '2019-05-25 09:41:51', '2019-05-25 09:41:51'),
(106, 'Aula', 'N', NULL, 1, 17, 9, 5, NULL, NULL, '2019-05-25 09:41:51', '2019-05-25 09:41:51'),
(107, 'Aula', 'N', NULL, 1, 17, 9, 5, NULL, NULL, '2019-05-25 09:41:51', '2019-05-25 09:41:51'),
(108, 'Aula', 'N', NULL, 1, 17, 19, 5, NULL, NULL, '2019-05-25 09:41:51', '2019-05-25 09:41:51'),
(109, 'Aula', 'N', NULL, 1, 17, 19, 5, NULL, NULL, '2019-05-25 09:41:51', '2019-05-25 09:41:51'),
(110, 'Aula', 'N', NULL, 1, 17, 19, 5, NULL, NULL, '2019-05-25 09:41:51', '2019-05-25 09:41:51'),
(111, 'Aula', 'N', NULL, 1, 17, 18, 5, NULL, NULL, '2019-05-25 09:41:51', '2019-05-25 09:41:51'),
(112, 'Aula', 'N', NULL, 1, 17, 18, 5, NULL, NULL, '2019-05-25 09:41:51', '2019-05-25 09:41:51'),
(113, 'Aula', 'N', NULL, 1, 17, 21, 5, NULL, NULL, '2019-05-25 09:41:52', '2019-05-25 09:41:52'),
(114, 'Aula', 'N', NULL, 1, 17, 21, 5, NULL, NULL, '2019-05-25 09:41:52', '2019-05-25 09:41:52'),
(115, 'Aula', 'N', NULL, 1, 17, 21, 5, NULL, NULL, '2019-05-25 09:41:52', '2019-05-25 09:41:52'),
(116, 'Aula', 'N', NULL, 1, 17, 20, 5, NULL, NULL, '2019-05-25 09:41:52', '2019-05-25 09:41:52'),
(117, 'Aula', 'N', NULL, 1, 17, 20, 5, NULL, NULL, '2019-05-25 09:41:52', '2019-05-25 09:41:52'),
(118, 'Aula', 'N', NULL, 1, 17, 20, 5, NULL, NULL, '2019-05-25 09:41:52', '2019-05-25 09:41:52'),
(119, 'Aula', 'N', NULL, 1, 17, 7, 5, NULL, NULL, '2019-05-25 09:41:52', '2019-05-25 09:41:52'),
(120, 'Aula', 'N', NULL, 1, 17, 7, 5, NULL, NULL, '2019-05-25 09:41:52', '2019-05-25 09:41:52'),
(121, 'Aula', 'N', NULL, 1, 17, 24, 5, NULL, NULL, '2019-05-25 09:41:52', '2019-05-25 09:41:52'),
(122, 'Aula', 'N', NULL, 1, 17, 24, 5, NULL, NULL, '2019-05-25 09:41:52', '2019-05-25 09:41:52'),
(123, 'Aula', 'N', NULL, 1, 17, 33, 5, NULL, NULL, '2019-05-25 09:41:52', '2019-05-25 09:41:52'),
(124, 'Aula', 'N', NULL, 1, 17, 33, 5, NULL, NULL, '2019-05-25 09:41:52', '2019-05-25 09:41:52'),
(125, 'Aula', 'N', NULL, 1, 18, 17, 13, NULL, NULL, '2019-05-25 09:53:28', '2019-05-25 09:53:28'),
(126, 'Aula', 'N', NULL, 1, 18, 17, 13, NULL, NULL, '2019-05-25 09:53:28', '2019-05-25 09:53:28'),
(127, 'Aula', 'N', NULL, 1, 18, 6, 13, NULL, NULL, '2019-05-25 09:53:28', '2019-05-25 09:53:28'),
(128, 'Aula', 'N', NULL, 1, 18, 6, 13, NULL, NULL, '2019-05-25 09:53:28', '2019-05-25 09:53:28'),
(129, 'Aula', 'N', NULL, 1, 18, 6, 13, NULL, NULL, '2019-05-25 09:53:28', '2019-05-25 09:53:28'),
(130, 'Aula', 'N', NULL, 1, 18, 8, 13, NULL, NULL, '2019-05-25 09:53:28', '2019-05-25 09:53:28'),
(131, 'Aula', 'N', NULL, 1, 18, 8, 13, NULL, NULL, '2019-05-25 09:53:28', '2019-05-25 09:53:28'),
(132, 'Aula', 'N', NULL, 1, 18, 9, 13, NULL, NULL, '2019-05-25 09:53:28', '2019-05-25 09:53:28'),
(133, 'Aula', 'N', NULL, 1, 18, 9, 13, NULL, NULL, '2019-05-25 09:53:28', '2019-05-25 09:53:28'),
(134, 'Aula', 'N', NULL, 1, 18, 10, 13, NULL, NULL, '2019-05-25 09:53:29', '2019-05-25 09:53:29'),
(135, 'Aula', 'N', NULL, 1, 18, 10, 13, NULL, NULL, '2019-05-25 09:53:29', '2019-05-25 09:53:29'),
(136, 'Aula', 'N', NULL, 1, 18, 10, 13, NULL, NULL, '2019-05-25 09:53:29', '2019-05-25 09:53:29'),
(137, 'Aula', 'N', NULL, 1, 18, 10, 13, NULL, NULL, '2019-05-25 09:53:29', '2019-05-25 09:53:29'),
(138, 'Aula', 'N', NULL, 1, 18, 5, 13, NULL, NULL, '2019-05-25 09:53:29', '2019-05-25 09:53:29'),
(139, 'Aula', 'N', NULL, 1, 18, 5, 13, NULL, NULL, '2019-05-25 09:53:29', '2019-05-25 09:53:29'),
(140, 'Aula', 'N', NULL, 1, 18, 5, 13, NULL, NULL, '2019-05-25 09:53:29', '2019-05-25 09:53:29'),
(141, 'Aula', 'N', NULL, 1, 18, 28, 13, NULL, NULL, '2019-05-25 09:53:29', '2019-05-25 09:53:29'),
(142, 'Aula', 'N', NULL, 1, 18, 28, 13, NULL, NULL, '2019-05-25 09:53:29', '2019-05-25 09:53:29'),
(143, 'Aula', 'N', NULL, 1, 18, 28, 13, NULL, NULL, '2019-05-25 09:53:29', '2019-05-25 09:53:29'),
(144, 'Aula', 'N', NULL, 1, 18, 24, 13, NULL, NULL, '2019-05-25 09:53:29', '2019-05-25 09:53:29'),
(145, 'Aula', 'N', NULL, 1, 18, 24, 13, NULL, NULL, '2019-05-25 09:53:29', '2019-05-25 09:53:29'),
(146, 'Aula', 'N', NULL, 1, 18, 24, 13, NULL, NULL, '2019-05-25 09:53:29', '2019-05-25 09:53:29'),
(147, 'Aula', 'N', NULL, 1, 18, 24, 13, NULL, NULL, '2019-05-25 09:53:29', '2019-05-25 09:53:29'),
(148, 'Aula', 'N', NULL, 1, 18, 26, 13, NULL, NULL, '2019-05-25 09:53:29', '2019-05-25 09:53:29'),
(149, 'Aula', 'N', NULL, 1, 18, 26, 13, NULL, NULL, '2019-05-25 09:53:29', '2019-05-25 09:53:29'),
(150, 'Aula', 'N', NULL, 1, 18, 26, 13, NULL, NULL, '2019-05-25 09:53:29', '2019-05-25 09:53:29'),
(151, 'Aula', 'N', NULL, 1, 18, 33, 13, NULL, NULL, '2019-05-25 09:53:29', '2019-05-25 09:53:29'),
(152, 'Aula', 'N', NULL, 1, 18, 33, 13, NULL, NULL, '2019-05-25 09:53:29', '2019-05-25 09:53:29'),
(153, 'Aula', 'N', NULL, 1, 18, 7, 13, NULL, NULL, '2019-05-25 09:53:29', '2019-05-25 09:53:29'),
(154, 'Aula', 'N', NULL, 1, 18, 7, 13, NULL, NULL, '2019-05-25 09:53:30', '2019-05-25 09:53:30'),
(155, 'Aula', 'N', NULL, 1, 18, 30, 13, NULL, NULL, '2019-05-25 09:53:30', '2019-05-25 09:53:30'),
(156, 'Aula', 'N', NULL, 1, 18, 30, 13, NULL, NULL, '2019-05-25 09:53:30', '2019-05-25 09:53:30'),
(157, 'Aula', 'N', NULL, 1, 18, 30, 13, NULL, NULL, '2019-05-25 09:53:30', '2019-05-25 09:53:30'),
(158, 'Aula', 'N', NULL, 1, 18, 30, 13, NULL, NULL, '2019-05-25 09:53:30', '2019-05-25 09:53:30'),
(159, 'Aula', 'N', NULL, 1, 19, 17, 21, NULL, NULL, '2019-05-25 09:53:57', '2019-05-25 09:53:57'),
(160, 'Aula', 'N', NULL, 1, 19, 17, 21, NULL, NULL, '2019-05-25 09:53:57', '2019-05-25 09:53:57'),
(161, 'Aula', 'N', NULL, 1, 19, 6, 21, NULL, NULL, '2019-05-25 09:53:57', '2019-05-25 09:53:57'),
(162, 'Aula', 'N', NULL, 1, 19, 6, 21, NULL, NULL, '2019-05-25 09:53:57', '2019-05-25 09:53:57'),
(163, 'Aula', 'N', NULL, 1, 19, 6, 21, NULL, NULL, '2019-05-25 09:53:57', '2019-05-25 09:53:57'),
(164, 'Aula', 'N', NULL, 1, 19, 8, 21, NULL, NULL, '2019-05-25 09:53:57', '2019-05-25 09:53:57'),
(165, 'Aula', 'N', NULL, 1, 19, 8, 21, NULL, NULL, '2019-05-25 09:53:57', '2019-05-25 09:53:57'),
(166, 'Aula', 'N', NULL, 1, 19, 9, 21, NULL, NULL, '2019-05-25 09:53:57', '2019-05-25 09:53:57'),
(167, 'Aula', 'N', NULL, 1, 19, 9, 21, NULL, NULL, '2019-05-25 09:53:57', '2019-05-25 09:53:57'),
(168, 'Aula', 'N', NULL, 1, 19, 10, 21, NULL, NULL, '2019-05-25 09:53:57', '2019-05-25 09:53:57'),
(169, 'Aula', 'N', NULL, 1, 19, 10, 21, NULL, NULL, '2019-05-25 09:53:57', '2019-05-25 09:53:57'),
(170, 'Aula', 'N', NULL, 1, 19, 10, 21, NULL, NULL, '2019-05-25 09:53:57', '2019-05-25 09:53:57'),
(171, 'Aula', 'N', NULL, 1, 19, 10, 21, NULL, NULL, '2019-05-25 09:53:57', '2019-05-25 09:53:57'),
(172, 'Aula', 'N', NULL, 1, 19, 5, 21, NULL, NULL, '2019-05-25 09:53:58', '2019-05-25 09:53:58'),
(173, 'Aula', 'N', NULL, 1, 19, 5, 21, NULL, NULL, '2019-05-25 09:53:58', '2019-05-25 09:53:58'),
(174, 'Aula', 'N', NULL, 1, 19, 5, 21, NULL, NULL, '2019-05-25 09:53:58', '2019-05-25 09:53:58'),
(175, 'Aula', 'N', NULL, 1, 19, 28, 21, NULL, NULL, '2019-05-25 09:53:58', '2019-05-25 09:53:58'),
(176, 'Aula', 'N', NULL, 1, 19, 28, 21, NULL, NULL, '2019-05-25 09:53:58', '2019-05-25 09:53:58'),
(177, 'Aula', 'N', NULL, 1, 19, 28, 21, NULL, NULL, '2019-05-25 09:53:58', '2019-05-25 09:53:58'),
(178, 'Aula', 'N', NULL, 1, 19, 24, 21, NULL, NULL, '2019-05-25 09:53:58', '2019-05-25 09:53:58'),
(179, 'Aula', 'N', NULL, 1, 19, 24, 21, NULL, NULL, '2019-05-25 09:53:58', '2019-05-25 09:53:58'),
(180, 'Aula', 'N', NULL, 1, 19, 24, 21, NULL, NULL, '2019-05-25 09:53:58', '2019-05-25 09:53:58'),
(181, 'Aula', 'N', NULL, 1, 19, 24, 21, NULL, NULL, '2019-05-25 09:53:58', '2019-05-25 09:53:58'),
(182, 'Aula', 'N', NULL, 1, 19, 26, 21, NULL, NULL, '2019-05-25 09:53:58', '2019-05-25 09:53:58'),
(183, 'Aula', 'N', NULL, 1, 19, 26, 21, NULL, NULL, '2019-05-25 09:53:58', '2019-05-25 09:53:58'),
(184, 'Aula', 'N', NULL, 1, 19, 26, 21, NULL, NULL, '2019-05-25 09:53:58', '2019-05-25 09:53:58'),
(185, 'Aula', 'N', NULL, 1, 19, 33, 21, NULL, NULL, '2019-05-25 09:53:58', '2019-05-25 09:53:58'),
(186, 'Aula', 'N', NULL, 1, 19, 33, 21, NULL, NULL, '2019-05-25 09:53:58', '2019-05-25 09:53:58'),
(187, 'Aula', 'N', NULL, 1, 19, 7, 21, NULL, NULL, '2019-05-25 09:53:58', '2019-05-25 09:53:58'),
(188, 'Aula', 'N', NULL, 1, 19, 7, 21, NULL, NULL, '2019-05-25 09:53:58', '2019-05-25 09:53:58'),
(189, 'Aula', 'N', NULL, 1, 19, 30, 21, NULL, NULL, '2019-05-25 09:53:58', '2019-05-25 09:53:58'),
(190, 'Aula', 'N', NULL, 1, 19, 30, 21, NULL, NULL, '2019-05-25 09:53:58', '2019-05-25 09:53:58'),
(191, 'Aula', 'N', NULL, 1, 19, 30, 21, NULL, NULL, '2019-05-25 09:53:58', '2019-05-25 09:53:58'),
(192, 'Aula', 'N', NULL, 1, 19, 30, 21, NULL, NULL, '2019-05-25 09:53:58', '2019-05-25 09:53:58');

-- --------------------------------------------------------

--
-- Table structure for table `avaliacaos`
--

CREATE TABLE `avaliacaos` (
  `id` int(10) UNSIGNED NOT NULL,
  `professor_id` int(10) UNSIGNED NOT NULL DEFAULT '1',
  `user_id` int(10) UNSIGNED NOT NULL DEFAULT '1',
  `disciplina_id` int(10) UNSIGNED NOT NULL DEFAULT '1',
  `turma_id` int(10) UNSIGNED NOT NULL DEFAULT '1',
  `aluno_id` int(10) UNSIGNED NOT NULL DEFAULT '1',
  `mac1` double DEFAULT NULL,
  `p11` double DEFAULT NULL,
  `p12` double DEFAULT NULL,
  `fnj1` int(11) DEFAULT NULL,
  `fj1` int(11) DEFAULT NULL,
  `mac2` double DEFAULT NULL,
  `p21` double DEFAULT NULL,
  `p22` double DEFAULT NULL,
  `fnj2` int(11) DEFAULT NULL,
  `fj2` int(11) DEFAULT NULL,
  `mac3` double DEFAULT NULL,
  `p31` double DEFAULT NULL,
  `p32` double DEFAULT NULL,
  `fnj3` int(11) DEFAULT NULL,
  `fj3` int(11) DEFAULT NULL,
  `exame1` double DEFAULT NULL,
  `exame2` double DEFAULT NULL,
  `exame3` double DEFAULT NULL,
  `status` varchar(191) COLLATE utf8mb4_unicode_ci DEFAULT NULL,
  `created_at` timestamp NULL DEFAULT NULL,
  `updated_at` timestamp NULL DEFAULT NULL
) ENGINE=InnoDB DEFAULT CHARSET=utf8mb4 COLLATE=utf8mb4_unicode_ci;

--
-- Dumping data for table `avaliacaos`
--

INSERT INTO `avaliacaos` (`id`, `professor_id`, `user_id`, `disciplina_id`, `turma_id`, `aluno_id`, `mac1`, `p11`, `p12`, `fnj1`, `fj1`, `mac2`, `p21`, `p22`, `fnj2`, `fj2`, `mac3`, `p31`, `p32`, `fnj3`, `fj3`, `exame1`, `exame2`, `exame3`, `status`, `created_at`, `updated_at`) VALUES
(101, 31, 1, 1, 9, 51, 14, 13, NULL, NULL, NULL, NULL, NULL, NULL, NULL, NULL, NULL, NULL, NULL, NULL, NULL, NULL, NULL, NULL, NULL, '2019-05-14 08:53:00', '2019-05-14 09:00:33'),
(102, 31, 1, 1, 9, 52, 11, 9, NULL, NULL, NULL, NULL, NULL, NULL, NULL, NULL, NULL, NULL, NULL, NULL, NULL, NULL, NULL, NULL, NULL, '2019-05-14 08:53:00', '2019-05-14 09:00:33'),
(103, 31, 1, 1, 9, 53, 11, 10.5, NULL, NULL, NULL, NULL, NULL, NULL, NULL, NULL, NULL, NULL, NULL, NULL, NULL, NULL, NULL, NULL, NULL, '2019-05-14 08:53:00', '2019-05-14 09:00:33'),
(104, 31, 1, 1, 9, 54, NULL, NULL, NULL, NULL, NULL, NULL, NULL, NULL, NULL, NULL, NULL, NULL, NULL, NULL, NULL, NULL, NULL, NULL, NULL, '2019-05-14 08:53:00', '2019-05-14 08:53:00'),
(105, 31, 1, 1, 9, 55, NULL, NULL, NULL, NULL, NULL, NULL, NULL, NULL, NULL, NULL, NULL, NULL, NULL, NULL, NULL, NULL, NULL, NULL, NULL, '2019-05-14 08:53:00', '2019-05-14 08:53:00'),
(106, 31, 1, 1, 9, 56, 10, 7, NULL, NULL, NULL, NULL, NULL, NULL, NULL, NULL, NULL, NULL, NULL, NULL, NULL, NULL, NULL, NULL, NULL, '2019-05-14 08:53:00', '2019-05-14 09:00:33'),
(107, 31, 1, 1, 9, 57, 13, 12.5, NULL, NULL, NULL, NULL, NULL, NULL, NULL, NULL, NULL, NULL, NULL, NULL, NULL, NULL, NULL, NULL, NULL, '2019-05-14 08:53:00', '2019-05-14 09:00:33'),
(108, 31, 1, 1, 9, 58, 10, 7, NULL, NULL, NULL, NULL, NULL, NULL, NULL, NULL, NULL, NULL, NULL, NULL, NULL, NULL, NULL, NULL, NULL, '2019-05-14 08:53:00', '2019-05-14 09:00:33'),
(109, 31, 1, 1, 9, 59, 11, 10.5, NULL, NULL, NULL, NULL, NULL, NULL, NULL, NULL, NULL, NULL, NULL, NULL, NULL, NULL, NULL, NULL, NULL, '2019-05-14 08:53:00', '2019-05-14 09:00:33'),
(110, 31, 1, 1, 9, 60, 11, 10, NULL, NULL, NULL, NULL, NULL, NULL, NULL, NULL, NULL, NULL, NULL, NULL, NULL, NULL, NULL, NULL, NULL, '2019-05-14 08:53:00', '2019-05-14 09:00:33'),
(111, 31, 1, 1, 9, 61, 11, 6.5, NULL, NULL, NULL, NULL, NULL, NULL, NULL, NULL, NULL, NULL, NULL, NULL, NULL, NULL, NULL, NULL, NULL, '2019-05-14 08:53:00', '2019-05-14 09:00:33'),
(112, 31, 1, 1, 9, 62, NULL, NULL, NULL, NULL, NULL, NULL, NULL, NULL, NULL, NULL, NULL, NULL, NULL, NULL, NULL, NULL, NULL, NULL, NULL, '2019-05-14 08:53:00', '2019-05-14 08:53:00'),
(113, 31, 1, 1, 9, 63, 14, 15.5, NULL, NULL, NULL, NULL, NULL, NULL, NULL, NULL, NULL, NULL, NULL, NULL, NULL, NULL, NULL, NULL, NULL, '2019-05-14 08:53:00', '2019-05-14 09:00:33'),
(114, 31, 1, 1, 9, 64, 12, 10, NULL, NULL, NULL, NULL, NULL, NULL, NULL, NULL, NULL, NULL, NULL, NULL, NULL, NULL, NULL, NULL, NULL, '2019-05-14 08:53:00', '2019-05-14 09:00:33'),
(115, 31, 1, 1, 9, 65, NULL, NULL, NULL, NULL, NULL, NULL, NULL, NULL, NULL, NULL, NULL, NULL, NULL, NULL, NULL, NULL, NULL, NULL, NULL, '2019-05-14 08:53:00', '2019-05-14 08:53:00'),
(116, 31, 1, 1, 9, 66, NULL, NULL, NULL, NULL, NULL, NULL, NULL, NULL, NULL, NULL, NULL, NULL, NULL, NULL, NULL, NULL, NULL, NULL, NULL, '2019-05-14 08:53:00', '2019-05-14 08:53:00'),
(117, 31, 1, 1, 9, 67, 10, 7.5, NULL, NULL, NULL, NULL, NULL, NULL, NULL, NULL, NULL, NULL, NULL, NULL, NULL, NULL, NULL, NULL, NULL, '2019-05-14 08:53:00', '2019-05-14 09:00:33'),
(118, 31, 1, 1, 9, 68, 10, 6.5, NULL, NULL, NULL, NULL, NULL, NULL, NULL, NULL, NULL, NULL, NULL, NULL, NULL, NULL, NULL, NULL, NULL, '2019-05-14 08:53:00', '2019-05-14 09:00:33'),
(119, 31, 1, 1, 9, 69, 13, 12, NULL, NULL, NULL, NULL, NULL, NULL, NULL, NULL, NULL, NULL, NULL, NULL, NULL, NULL, NULL, NULL, NULL, '2019-05-14 08:53:00', '2019-05-14 09:00:34'),
(120, 31, 1, 1, 9, 70, NULL, NULL, NULL, NULL, NULL, NULL, NULL, NULL, NULL, NULL, NULL, NULL, NULL, NULL, NULL, NULL, NULL, NULL, NULL, '2019-05-14 08:53:00', '2019-05-14 08:53:00'),
(121, 31, 1, 1, 9, 71, NULL, NULL, NULL, NULL, NULL, NULL, NULL, NULL, NULL, NULL, NULL, NULL, NULL, NULL, NULL, NULL, NULL, NULL, NULL, '2019-05-14 08:53:00', '2019-05-14 08:53:00'),
(122, 31, 1, 1, 9, 72, 12, 11.5, NULL, NULL, NULL, NULL, NULL, NULL, NULL, NULL, NULL, NULL, NULL, NULL, NULL, NULL, NULL, NULL, NULL, '2019-05-14 08:53:00', '2019-05-14 09:00:34'),
(123, 31, 1, 1, 9, 73, 10, 5, NULL, NULL, NULL, NULL, NULL, NULL, NULL, NULL, NULL, NULL, NULL, NULL, NULL, NULL, NULL, NULL, NULL, '2019-05-14 08:53:00', '2019-05-14 09:00:34'),
(124, 31, 1, 1, 9, 74, 10, 8.5, NULL, NULL, NULL, NULL, NULL, NULL, NULL, NULL, NULL, NULL, NULL, NULL, NULL, NULL, NULL, NULL, NULL, '2019-05-14 08:53:01', '2019-05-14 09:00:34'),
(125, 31, 1, 1, 9, 75, 10, 8.5, NULL, NULL, NULL, NULL, NULL, NULL, NULL, NULL, NULL, NULL, NULL, NULL, NULL, NULL, NULL, NULL, NULL, '2019-05-14 08:53:01', '2019-05-14 09:00:34'),
(126, 31, 1, 1, 9, 76, NULL, NULL, NULL, NULL, NULL, NULL, NULL, NULL, NULL, NULL, NULL, NULL, NULL, NULL, NULL, NULL, NULL, NULL, NULL, '2019-05-14 08:53:01', '2019-05-14 08:53:01'),
(127, 31, 1, 1, 9, 77, NULL, NULL, NULL, NULL, NULL, NULL, NULL, NULL, NULL, NULL, NULL, NULL, NULL, NULL, NULL, NULL, NULL, NULL, NULL, '2019-05-14 08:53:01', '2019-05-14 09:00:34'),
(128, 31, 1, 1, 9, 78, 15, 14, NULL, NULL, NULL, NULL, NULL, NULL, NULL, NULL, NULL, NULL, NULL, NULL, NULL, NULL, NULL, NULL, NULL, '2019-05-14 08:53:01', '2019-05-14 09:00:34'),
(129, 31, 1, 1, 9, 79, 13, 12, NULL, NULL, NULL, NULL, NULL, NULL, NULL, NULL, NULL, NULL, NULL, NULL, NULL, NULL, NULL, NULL, NULL, '2019-05-14 08:53:01', '2019-05-14 09:00:34'),
(130, 31, 1, 1, 9, 80, NULL, NULL, NULL, NULL, NULL, NULL, NULL, NULL, NULL, NULL, NULL, NULL, NULL, NULL, NULL, NULL, NULL, NULL, NULL, '2019-05-14 08:53:01', '2019-05-14 08:53:01'),
(131, 31, 1, 1, 9, 81, 13, 14, NULL, NULL, NULL, NULL, NULL, NULL, NULL, NULL, NULL, NULL, NULL, NULL, NULL, NULL, NULL, NULL, NULL, '2019-05-14 08:53:01', '2019-05-14 09:00:34'),
(132, 31, 1, 1, 9, 82, 14, 13.5, NULL, NULL, NULL, NULL, NULL, NULL, NULL, NULL, NULL, NULL, NULL, NULL, NULL, NULL, NULL, NULL, NULL, '2019-05-14 08:53:01', '2019-05-14 09:00:34'),
(133, 31, 1, 1, 9, 83, 15, 13.5, NULL, NULL, NULL, NULL, NULL, NULL, NULL, NULL, NULL, NULL, NULL, NULL, NULL, NULL, NULL, NULL, NULL, '2019-05-14 08:53:01', '2019-05-14 09:00:34'),
(134, 31, 1, 1, 9, 84, 11, 9, NULL, NULL, NULL, NULL, NULL, NULL, NULL, NULL, NULL, NULL, NULL, NULL, NULL, NULL, NULL, NULL, NULL, '2019-05-14 08:53:01', '2019-05-14 09:00:34'),
(135, 31, 1, 1, 9, 85, 11, 10.5, NULL, NULL, NULL, NULL, NULL, NULL, NULL, NULL, NULL, NULL, NULL, NULL, NULL, NULL, NULL, NULL, NULL, '2019-05-14 08:53:01', '2019-05-14 09:00:34'),
(136, 31, 1, 1, 9, 86, 13, 12, NULL, NULL, NULL, NULL, NULL, NULL, NULL, NULL, NULL, NULL, NULL, NULL, NULL, NULL, NULL, NULL, NULL, '2019-05-14 08:53:01', '2019-05-14 09:00:34'),
(137, 31, 1, 1, 9, 87, 12, 11.5, NULL, NULL, NULL, NULL, NULL, NULL, NULL, NULL, NULL, NULL, NULL, NULL, NULL, NULL, NULL, NULL, NULL, '2019-05-14 08:53:01', '2019-05-14 09:00:34'),
(138, 31, 1, 1, 9, 88, 11, 9, NULL, NULL, NULL, NULL, NULL, NULL, NULL, NULL, NULL, NULL, NULL, NULL, NULL, NULL, NULL, NULL, NULL, '2019-05-14 08:53:01', '2019-05-14 09:00:34'),
(139, 31, 1, 1, 9, 89, 12, 11.5, NULL, NULL, NULL, NULL, NULL, NULL, NULL, NULL, NULL, NULL, NULL, NULL, NULL, NULL, NULL, NULL, NULL, '2019-05-14 08:53:01', '2019-05-14 09:00:34'),
(140, 31, 1, 1, 9, 90, 16, 18, NULL, NULL, NULL, NULL, NULL, NULL, NULL, NULL, NULL, NULL, NULL, NULL, NULL, NULL, NULL, NULL, NULL, '2019-05-14 08:53:01', '2019-05-14 09:00:34'),
(141, 31, 1, 1, 9, 91, 11, 9.5, NULL, NULL, NULL, NULL, NULL, NULL, NULL, NULL, NULL, NULL, NULL, NULL, NULL, NULL, NULL, NULL, NULL, '2019-05-14 08:53:01', '2019-05-14 09:00:34'),
(142, 31, 1, 1, 9, 92, 11, 10, NULL, NULL, NULL, NULL, NULL, NULL, NULL, NULL, NULL, NULL, NULL, NULL, NULL, NULL, NULL, NULL, NULL, '2019-05-14 08:53:01', '2019-05-14 09:00:34'),
(143, 31, 1, 1, 9, 93, 16, 18.5, NULL, NULL, NULL, NULL, NULL, NULL, NULL, NULL, NULL, NULL, NULL, NULL, NULL, NULL, NULL, NULL, NULL, '2019-05-14 08:53:01', '2019-05-14 09:00:34'),
(144, 31, 1, 1, 9, 94, 11, 9.5, NULL, NULL, NULL, NULL, NULL, NULL, NULL, NULL, NULL, NULL, NULL, NULL, NULL, NULL, NULL, NULL, NULL, '2019-05-14 08:53:01', '2019-05-14 09:00:34'),
(145, 31, 1, 1, 9, 95, 11, 9, NULL, NULL, NULL, NULL, NULL, NULL, NULL, NULL, NULL, NULL, NULL, NULL, NULL, NULL, NULL, NULL, NULL, '2019-05-14 08:53:01', '2019-05-14 09:00:34'),
(146, 31, 1, 1, 9, 96, 12, 11, NULL, NULL, NULL, NULL, NULL, NULL, NULL, NULL, NULL, NULL, NULL, NULL, NULL, NULL, NULL, NULL, NULL, '2019-05-14 08:53:01', '2019-05-14 09:00:34'),
(147, 31, 1, 1, 9, 97, 12, 11.5, NULL, NULL, NULL, NULL, NULL, NULL, NULL, NULL, NULL, NULL, NULL, NULL, NULL, NULL, NULL, NULL, NULL, '2019-05-14 08:53:01', '2019-05-14 09:00:34'),
(148, 31, 1, 1, 9, 98, NULL, NULL, NULL, NULL, NULL, NULL, NULL, NULL, NULL, NULL, NULL, NULL, NULL, NULL, NULL, NULL, NULL, NULL, NULL, '2019-05-14 08:53:01', '2019-05-14 09:00:34'),
(149, 31, 1, 1, 9, 99, 11, 6.5, NULL, NULL, NULL, NULL, NULL, NULL, NULL, NULL, NULL, NULL, NULL, NULL, NULL, NULL, NULL, NULL, NULL, '2019-05-14 08:53:01', '2019-05-14 09:00:34'),
(150, 31, 1, 1, 9, 100, NULL, NULL, NULL, NULL, NULL, NULL, NULL, NULL, NULL, NULL, NULL, NULL, NULL, NULL, NULL, NULL, NULL, NULL, NULL, '2019-05-14 08:53:01', '2019-05-14 08:53:01'),
(151, 31, 1, 2, 9, 51, 8, 13, NULL, NULL, NULL, NULL, NULL, NULL, NULL, NULL, NULL, NULL, NULL, NULL, NULL, NULL, NULL, NULL, NULL, '2019-05-14 09:04:09', '2019-05-25 10:49:42'),
(152, 31, 1, 2, 9, 52, 11, 9, NULL, NULL, NULL, NULL, NULL, NULL, NULL, NULL, NULL, NULL, NULL, NULL, NULL, NULL, NULL, NULL, NULL, '2019-05-14 09:04:09', '2019-05-14 09:04:09'),
(153, 31, 1, 2, 9, 53, 11, 10.5, NULL, NULL, NULL, NULL, NULL, NULL, NULL, NULL, NULL, NULL, NULL, NULL, NULL, NULL, NULL, NULL, NULL, '2019-05-14 09:04:09', '2019-05-14 09:04:09'),
(154, 31, 1, 2, 9, 54, NULL, NULL, NULL, NULL, NULL, NULL, NULL, NULL, NULL, NULL, NULL, NULL, NULL, NULL, NULL, NULL, NULL, NULL, NULL, '2019-05-14 09:04:09', '2019-05-14 09:04:09'),
(155, 31, 1, 2, 9, 55, NULL, NULL, NULL, NULL, NULL, NULL, NULL, NULL, NULL, NULL, NULL, NULL, NULL, NULL, NULL, NULL, NULL, NULL, NULL, '2019-05-14 09:04:09', '2019-05-14 09:04:09'),
(156, 31, 1, 2, 9, 56, 10, 7, NULL, NULL, NULL, NULL, NULL, NULL, NULL, NULL, NULL, NULL, NULL, NULL, NULL, NULL, NULL, NULL, NULL, '2019-05-14 09:04:09', '2019-05-14 09:04:09'),
(157, 31, 1, 2, 9, 57, 13, 12.5, NULL, NULL, NULL, NULL, NULL, NULL, NULL, NULL, NULL, NULL, NULL, NULL, NULL, NULL, NULL, NULL, NULL, '2019-05-14 09:04:09', '2019-05-14 09:04:09'),
(158, 31, 1, 2, 9, 58, 10, 7, NULL, NULL, NULL, NULL, NULL, NULL, NULL, NULL, NULL, NULL, NULL, NULL, NULL, NULL, NULL, NULL, NULL, '2019-05-14 09:04:09', '2019-05-14 09:04:09'),
(159, 31, 1, 2, 9, 59, 11, 10.5, NULL, NULL, NULL, NULL, NULL, NULL, NULL, NULL, NULL, NULL, NULL, NULL, NULL, NULL, NULL, NULL, NULL, '2019-05-14 09:04:09', '2019-05-14 09:04:09'),
(160, 31, 1, 2, 9, 60, 11, 10, NULL, NULL, NULL, NULL, NULL, NULL, NULL, NULL, NULL, NULL, NULL, NULL, NULL, NULL, NULL, NULL, NULL, '2019-05-14 09:04:09', '2019-05-14 09:04:09'),
(161, 31, 1, 2, 9, 61, 11, 6.5, NULL, NULL, NULL, NULL, NULL, NULL, NULL, NULL, NULL, NULL, NULL, NULL, NULL, NULL, NULL, NULL, NULL, '2019-05-14 09:04:09', '2019-05-14 09:04:09'),
(162, 31, 1, 2, 9, 62, NULL, NULL, NULL, NULL, NULL, NULL, NULL, NULL, NULL, NULL, NULL, NULL, NULL, NULL, NULL, NULL, NULL, NULL, NULL, '2019-05-14 09:04:09', '2019-05-14 09:04:09'),
(163, 31, 1, 2, 9, 63, 14, 15.5, NULL, NULL, NULL, NULL, NULL, NULL, NULL, NULL, NULL, NULL, NULL, NULL, NULL, NULL, NULL, NULL, NULL, '2019-05-14 09:04:09', '2019-05-14 09:04:09'),
(164, 31, 1, 2, 9, 64, 12, 10, NULL, NULL, NULL, NULL, NULL, NULL, NULL, NULL, NULL, NULL, NULL, NULL, NULL, NULL, NULL, NULL, NULL, '2019-05-14 09:04:09', '2019-05-14 09:04:09'),
(165, 31, 1, 2, 9, 65, NULL, NULL, NULL, NULL, NULL, NULL, NULL, NULL, NULL, NULL, NULL, NULL, NULL, NULL, NULL, NULL, NULL, NULL, NULL, '2019-05-14 09:04:09', '2019-05-14 09:04:09'),
(166, 31, 1, 2, 9, 66, NULL, NULL, NULL, NULL, NULL, NULL, NULL, NULL, NULL, NULL, NULL, NULL, NULL, NULL, NULL, NULL, NULL, NULL, NULL, '2019-05-14 09:04:09', '2019-05-14 09:04:09'),
(167, 31, 1, 2, 9, 67, 10, 7.5, NULL, NULL, NULL, NULL, NULL, NULL, NULL, NULL, NULL, NULL, NULL, NULL, NULL, NULL, NULL, NULL, NULL, '2019-05-14 09:04:09', '2019-05-14 09:04:09'),
(168, 31, 1, 2, 9, 68, 10, 6.5, NULL, NULL, NULL, NULL, NULL, NULL, NULL, NULL, NULL, NULL, NULL, NULL, NULL, NULL, NULL, NULL, NULL, '2019-05-14 09:04:09', '2019-05-14 09:04:09'),
(169, 31, 1, 2, 9, 69, 13, 12, NULL, NULL, NULL, NULL, NULL, NULL, NULL, NULL, NULL, NULL, NULL, NULL, NULL, NULL, NULL, NULL, NULL, '2019-05-14 09:04:09', '2019-05-14 09:04:09'),
(170, 31, 1, 2, 9, 70, NULL, NULL, NULL, NULL, NULL, NULL, NULL, NULL, NULL, NULL, NULL, NULL, NULL, NULL, NULL, NULL, NULL, NULL, NULL, '2019-05-14 09:04:09', '2019-05-14 09:04:09'),
(171, 31, 1, 2, 9, 71, NULL, NULL, NULL, NULL, NULL, NULL, NULL, NULL, NULL, NULL, NULL, NULL, NULL, NULL, NULL, NULL, NULL, NULL, NULL, '2019-05-14 09:04:09', '2019-05-14 09:04:09'),
(172, 31, 1, 2, 9, 72, 12, 11.5, NULL, NULL, NULL, NULL, NULL, NULL, NULL, NULL, NULL, NULL, NULL, NULL, NULL, NULL, NULL, NULL, NULL, '2019-05-14 09:04:09', '2019-05-14 09:04:09'),
(173, 31, 1, 2, 9, 73, 10, 5, NULL, NULL, NULL, NULL, NULL, NULL, NULL, NULL, NULL, NULL, NULL, NULL, NULL, NULL, NULL, NULL, NULL, '2019-05-14 09:04:09', '2019-05-14 09:04:09'),
(174, 31, 1, 2, 9, 74, 10, 8.5, NULL, NULL, NULL, NULL, NULL, NULL, NULL, NULL, NULL, NULL, NULL, NULL, NULL, NULL, NULL, NULL, NULL, '2019-05-14 09:04:09', '2019-05-14 09:04:09'),
(175, 31, 1, 2, 9, 75, 10, 8.5, NULL, NULL, NULL, NULL, NULL, NULL, NULL, NULL, NULL, NULL, NULL, NULL, NULL, NULL, NULL, NULL, NULL, '2019-05-14 09:04:09', '2019-05-14 09:04:09'),
(176, 31, 1, 2, 9, 76, NULL, NULL, NULL, NULL, NULL, NULL, NULL, NULL, NULL, NULL, NULL, NULL, NULL, NULL, NULL, NULL, NULL, NULL, NULL, '2019-05-14 09:04:09', '2019-05-14 09:04:09'),
(177, 31, 1, 2, 9, 77, NULL, NULL, NULL, NULL, NULL, NULL, NULL, NULL, NULL, NULL, NULL, NULL, NULL, NULL, NULL, NULL, NULL, NULL, NULL, '2019-05-14 09:04:09', '2019-05-14 09:04:09'),
(178, 31, 1, 2, 9, 78, 15, 14, NULL, NULL, NULL, NULL, NULL, NULL, NULL, NULL, NULL, NULL, NULL, NULL, NULL, NULL, NULL, NULL, NULL, '2019-05-14 09:04:09', '2019-05-14 09:04:09'),
(179, 31, 1, 2, 9, 79, 13, 12, NULL, NULL, NULL, NULL, NULL, NULL, NULL, NULL, NULL, NULL, NULL, NULL, NULL, NULL, NULL, NULL, NULL, '2019-05-14 09:04:09', '2019-05-14 09:04:09'),
(180, 31, 1, 2, 9, 80, NULL, NULL, NULL, NULL, NULL, NULL, NULL, NULL, NULL, NULL, NULL, NULL, NULL, NULL, NULL, NULL, NULL, NULL, NULL, '2019-05-14 09:04:09', '2019-05-14 09:04:09'),
(181, 31, 1, 2, 9, 81, 13, 14, NULL, NULL, NULL, NULL, NULL, NULL, NULL, NULL, NULL, NULL, NULL, NULL, NULL, NULL, NULL, NULL, NULL, '2019-05-14 09:04:09', '2019-05-14 09:04:09'),
(182, 31, 1, 2, 9, 82, 14, 13.5, NULL, NULL, NULL, NULL, NULL, NULL, NULL, NULL, NULL, NULL, NULL, NULL, NULL, NULL, NULL, NULL, NULL, '2019-05-14 09:04:09', '2019-05-14 09:04:09'),
(183, 31, 1, 2, 9, 83, 15, 13.5, NULL, NULL, NULL, NULL, NULL, NULL, NULL, NULL, NULL, NULL, NULL, NULL, NULL, NULL, NULL, NULL, NULL, '2019-05-14 09:04:09', '2019-05-14 09:04:09'),
(184, 31, 1, 2, 9, 84, 11, 9, NULL, NULL, NULL, NULL, NULL, NULL, NULL, NULL, NULL, NULL, NULL, NULL, NULL, NULL, NULL, NULL, NULL, '2019-05-14 09:04:09', '2019-05-14 09:04:09'),
(185, 31, 1, 2, 9, 85, 11, 10.5, NULL, NULL, NULL, NULL, NULL, NULL, NULL, NULL, NULL, NULL, NULL, NULL, NULL, NULL, NULL, NULL, NULL, '2019-05-14 09:04:09', '2019-05-14 09:04:09'),
(186, 31, 1, 2, 9, 86, 13, 12, NULL, NULL, NULL, NULL, NULL, NULL, NULL, NULL, NULL, NULL, NULL, NULL, NULL, NULL, NULL, NULL, NULL, '2019-05-14 09:04:09', '2019-05-14 09:04:09'),
(187, 31, 1, 2, 9, 87, 12, 11.5, NULL, NULL, NULL, NULL, NULL, NULL, NULL, NULL, NULL, NULL, NULL, NULL, NULL, NULL, NULL, NULL, NULL, '2019-05-14 09:04:09', '2019-05-14 09:04:09'),
(188, 31, 1, 2, 9, 88, 11, 9, NULL, NULL, NULL, NULL, NULL, NULL, NULL, NULL, NULL, NULL, NULL, NULL, NULL, NULL, NULL, NULL, NULL, '2019-05-14 09:04:09', '2019-05-14 09:04:09'),
(189, 31, 1, 2, 9, 89, 12, 11.5, NULL, NULL, NULL, NULL, NULL, NULL, NULL, NULL, NULL, NULL, NULL, NULL, NULL, NULL, NULL, NULL, NULL, '2019-05-14 09:04:09', '2019-05-14 09:04:09'),
(190, 31, 1, 2, 9, 90, 16, 18, NULL, NULL, NULL, NULL, NULL, NULL, NULL, NULL, NULL, NULL, NULL, NULL, NULL, NULL, NULL, NULL, NULL, '2019-05-14 09:04:09', '2019-05-14 09:04:09'),
(191, 31, 1, 2, 9, 91, 11, 9.5, NULL, NULL, NULL, NULL, NULL, NULL, NULL, NULL, NULL, NULL, NULL, NULL, NULL, NULL, NULL, NULL, NULL, '2019-05-14 09:04:09', '2019-05-14 09:04:09'),
(192, 31, 1, 2, 9, 92, 11, 10, NULL, NULL, NULL, NULL, NULL, NULL, NULL, NULL, NULL, NULL, NULL, NULL, NULL, NULL, NULL, NULL, NULL, '2019-05-14 09:04:09', '2019-05-14 09:04:09'),
(193, 31, 1, 2, 9, 93, 16, 18.5, NULL, NULL, NULL, NULL, NULL, NULL, NULL, NULL, NULL, NULL, NULL, NULL, NULL, NULL, NULL, NULL, NULL, '2019-05-14 09:04:09', '2019-05-14 09:04:09'),
(194, 31, 1, 2, 9, 94, 11, 9.5, NULL, NULL, NULL, NULL, NULL, NULL, NULL, NULL, NULL, NULL, NULL, NULL, NULL, NULL, NULL, NULL, NULL, '2019-05-14 09:04:09', '2019-05-14 09:04:09'),
(195, 31, 1, 2, 9, 95, 11, 9, NULL, NULL, NULL, NULL, NULL, NULL, NULL, NULL, NULL, NULL, NULL, NULL, NULL, NULL, NULL, NULL, NULL, '2019-05-14 09:04:09', '2019-05-14 09:04:09'),
(196, 31, 1, 2, 9, 96, 12, 11, NULL, NULL, NULL, NULL, NULL, NULL, NULL, NULL, NULL, NULL, NULL, NULL, NULL, NULL, NULL, NULL, NULL, '2019-05-14 09:04:10', '2019-05-14 09:04:10'),
(197, 31, 1, 2, 9, 97, 12, 11.5, NULL, NULL, NULL, NULL, NULL, NULL, NULL, NULL, NULL, NULL, NULL, NULL, NULL, NULL, NULL, NULL, NULL, '2019-05-14 09:04:10', '2019-05-14 09:04:10'),
(198, 31, 1, 2, 9, 98, NULL, NULL, NULL, NULL, NULL, NULL, NULL, NULL, NULL, NULL, NULL, NULL, NULL, NULL, NULL, NULL, NULL, NULL, NULL, '2019-05-14 09:04:10', '2019-05-14 09:04:10'),
(199, 31, 1, 2, 9, 99, 11, 6.5, NULL, NULL, NULL, NULL, NULL, NULL, NULL, NULL, NULL, NULL, NULL, NULL, NULL, NULL, NULL, NULL, NULL, '2019-05-14 09:04:10', '2019-05-14 09:04:10'),
(200, 31, 1, 2, 9, 100, NULL, NULL, NULL, NULL, NULL, NULL, NULL, NULL, NULL, NULL, NULL, NULL, NULL, NULL, NULL, NULL, NULL, NULL, NULL, '2019-05-14 09:04:10', '2019-05-14 09:04:10'),
(201, 24, 25, 10, 19, 189, 14.4, 8, NULL, NULL, NULL, NULL, NULL, NULL, NULL, NULL, NULL, NULL, NULL, NULL, NULL, NULL, NULL, NULL, NULL, '2019-05-25 10:53:21', '2019-05-25 10:53:21'),
(202, 24, 25, 10, 19, 190, 15.6, 5, NULL, NULL, NULL, NULL, NULL, NULL, NULL, NULL, NULL, NULL, NULL, NULL, NULL, NULL, NULL, NULL, NULL, '2019-05-25 10:53:21', '2019-05-25 10:53:21'),
(203, 24, 25, 10, 19, 191, 12.5, 5.5, NULL, NULL, NULL, NULL, NULL, NULL, NULL, NULL, NULL, NULL, NULL, NULL, NULL, NULL, NULL, NULL, NULL, '2019-05-25 10:53:21', '2019-05-25 10:53:21'),
(204, 24, 25, 10, 19, 192, 16.5, 7, NULL, NULL, NULL, NULL, NULL, NULL, NULL, NULL, NULL, NULL, NULL, NULL, NULL, NULL, NULL, NULL, NULL, '2019-05-25 10:53:21', '2019-05-25 10:53:21'),
(205, 24, 25, 10, 19, 193, 17.3, 5, NULL, NULL, NULL, NULL, NULL, NULL, NULL, NULL, NULL, NULL, NULL, NULL, NULL, NULL, NULL, NULL, NULL, '2019-05-25 10:53:21', '2019-05-25 10:53:21'),
(206, 24, 25, 10, 19, 194, 10.8, 5.5, NULL, NULL, NULL, NULL, NULL, NULL, NULL, NULL, NULL, NULL, NULL, NULL, NULL, NULL, NULL, NULL, NULL, '2019-05-25 10:53:21', '2019-05-25 10:53:21'),
(207, 24, 25, 10, 19, 195, 7, 5, NULL, NULL, NULL, NULL, NULL, NULL, NULL, NULL, NULL, NULL, NULL, NULL, NULL, NULL, NULL, NULL, NULL, '2019-05-25 10:53:21', '2019-05-25 10:53:21'),
(208, 24, 25, 10, 19, 196, 8.6, 5, NULL, NULL, NULL, NULL, NULL, NULL, NULL, NULL, NULL, NULL, NULL, NULL, NULL, NULL, NULL, NULL, NULL, '2019-05-25 10:53:22', '2019-05-25 10:53:22'),
(209, 24, 25, 10, 19, 197, 11.5, 5, NULL, NULL, NULL, NULL, NULL, NULL, NULL, NULL, NULL, NULL, NULL, NULL, NULL, NULL, NULL, NULL, NULL, '2019-05-25 10:53:22', '2019-05-25 10:53:22'),
(210, 24, 25, 10, 19, 198, 16, 8, NULL, NULL, NULL, NULL, NULL, NULL, NULL, NULL, NULL, NULL, NULL, NULL, NULL, NULL, NULL, NULL, NULL, '2019-05-25 10:53:22', '2019-05-25 10:53:22'),
(211, 24, 25, 10, 19, 199, 11, 6, NULL, NULL, NULL, NULL, NULL, NULL, NULL, NULL, NULL, NULL, NULL, NULL, NULL, NULL, NULL, NULL, NULL, '2019-05-25 10:53:22', '2019-05-25 10:53:22'),
(212, 24, 25, 10, 19, 200, 12.6, 5, NULL, NULL, NULL, NULL, NULL, NULL, NULL, NULL, NULL, NULL, NULL, NULL, NULL, NULL, NULL, NULL, NULL, '2019-05-25 10:53:22', '2019-05-25 10:53:22'),
(213, 24, 25, 10, 19, 201, 12, 5, NULL, NULL, NULL, NULL, NULL, NULL, NULL, NULL, NULL, NULL, NULL, NULL, NULL, NULL, NULL, NULL, NULL, '2019-05-25 10:53:22', '2019-05-25 10:53:22'),
(214, 24, 25, 10, 19, 202, 15, 8, NULL, NULL, NULL, NULL, NULL, NULL, NULL, NULL, NULL, NULL, NULL, NULL, NULL, NULL, NULL, NULL, NULL, '2019-05-25 10:53:22', '2019-05-25 10:53:22'),
(215, 24, 25, 10, 19, 203, 12, 10.5, NULL, NULL, NULL, NULL, NULL, NULL, NULL, NULL, NULL, NULL, NULL, NULL, NULL, NULL, NULL, NULL, NULL, '2019-05-25 10:53:22', '2019-05-25 10:53:22'),
(216, 24, 25, 10, 19, 204, 15, 16, NULL, NULL, NULL, NULL, NULL, NULL, NULL, NULL, NULL, NULL, NULL, NULL, NULL, NULL, NULL, NULL, NULL, '2019-05-25 10:53:22', '2019-05-25 10:53:22'),
(217, 24, 25, 10, 19, 205, 14, 10, NULL, NULL, NULL, NULL, NULL, NULL, NULL, NULL, NULL, NULL, NULL, NULL, NULL, NULL, NULL, NULL, NULL, '2019-05-25 10:53:22', '2019-05-25 10:53:22'),
(218, 24, 25, 10, 19, 206, NULL, NULL, NULL, NULL, NULL, NULL, NULL, NULL, NULL, NULL, NULL, NULL, NULL, NULL, NULL, NULL, NULL, NULL, NULL, '2019-05-25 10:53:22', '2019-05-25 10:53:22'),
(219, 24, 25, 10, 19, 207, 12.3, 5, NULL, NULL, NULL, NULL, NULL, NULL, NULL, NULL, NULL, NULL, NULL, NULL, NULL, NULL, NULL, NULL, NULL, '2019-05-25 10:53:22', '2019-05-25 10:53:22'),
(220, 24, 25, 10, 19, 208, 11, 14, NULL, NULL, NULL, NULL, NULL, NULL, NULL, NULL, NULL, NULL, NULL, NULL, NULL, NULL, NULL, NULL, NULL, '2019-05-25 10:53:22', '2019-05-25 10:53:22'),
(221, 24, 25, 10, 19, 209, 12.5, 5, NULL, NULL, NULL, NULL, NULL, NULL, NULL, NULL, NULL, NULL, NULL, NULL, NULL, NULL, NULL, NULL, NULL, '2019-05-25 10:53:22', '2019-05-25 10:53:22'),
(222, 24, 25, 10, 19, 210, 12.6, 14, NULL, NULL, NULL, NULL, NULL, NULL, NULL, NULL, NULL, NULL, NULL, NULL, NULL, NULL, NULL, NULL, NULL, '2019-05-25 10:53:22', '2019-05-25 10:53:22'),
(223, 24, 25, 10, 19, 211, 19, 3.5, NULL, NULL, NULL, NULL, NULL, NULL, NULL, NULL, NULL, NULL, NULL, NULL, NULL, NULL, NULL, NULL, NULL, '2019-05-25 10:53:22', '2019-05-25 10:53:22'),
(224, 24, 25, 10, 19, 212, 11.3, 15, NULL, NULL, NULL, NULL, NULL, NULL, NULL, NULL, NULL, NULL, NULL, NULL, NULL, NULL, NULL, NULL, NULL, '2019-05-25 10:53:22', '2019-05-25 10:53:22'),
(225, 24, 25, 10, 19, 213, 0, 7, NULL, NULL, NULL, NULL, NULL, NULL, NULL, NULL, NULL, NULL, NULL, NULL, NULL, NULL, NULL, NULL, NULL, '2019-05-25 10:53:22', '2019-05-25 10:53:22'),
(226, 24, 25, 10, 19, 214, NULL, NULL, NULL, NULL, NULL, NULL, NULL, NULL, NULL, NULL, NULL, NULL, NULL, NULL, NULL, NULL, NULL, NULL, NULL, '2019-05-25 10:53:23', '2019-05-25 10:53:23'),
(227, 24, 25, 10, 19, 215, 15.3, 13, NULL, NULL, NULL, NULL, NULL, NULL, NULL, NULL, NULL, NULL, NULL, NULL, NULL, NULL, NULL, NULL, NULL, '2019-05-25 10:53:23', '2019-05-25 10:53:23'),
(228, 24, 25, 10, 19, 216, 16.7, 5, NULL, NULL, NULL, NULL, NULL, NULL, NULL, NULL, NULL, NULL, NULL, NULL, NULL, NULL, NULL, NULL, NULL, '2019-05-25 10:53:23', '2019-05-25 10:53:23'),
(229, 24, 25, 10, 19, 217, 17.7, 5, NULL, NULL, NULL, NULL, NULL, NULL, NULL, NULL, NULL, NULL, NULL, NULL, NULL, NULL, NULL, NULL, NULL, '2019-05-25 10:53:23', '2019-05-25 10:53:23'),
(230, 24, 25, 10, 19, 218, NULL, NULL, NULL, NULL, NULL, NULL, NULL, NULL, NULL, NULL, NULL, NULL, NULL, NULL, NULL, NULL, NULL, NULL, NULL, '2019-05-25 10:53:23', '2019-05-25 10:53:23'),
(231, 24, 25, 10, 19, 219, NULL, NULL, NULL, NULL, NULL, NULL, NULL, NULL, NULL, NULL, NULL, NULL, NULL, NULL, NULL, NULL, NULL, NULL, NULL, '2019-05-25 10:53:23', '2019-05-25 10:53:23'),
(232, 24, 25, 10, 19, 220, 14, 7, NULL, NULL, NULL, NULL, NULL, NULL, NULL, NULL, NULL, NULL, NULL, NULL, NULL, NULL, NULL, NULL, NULL, '2019-05-25 10:53:23', '2019-05-25 10:53:23'),
(233, 24, 25, 10, 19, 221, 16.8, 14, NULL, NULL, NULL, NULL, NULL, NULL, NULL, NULL, NULL, NULL, NULL, NULL, NULL, NULL, NULL, NULL, NULL, '2019-05-25 10:53:23', '2019-05-25 10:53:23'),
(234, 24, 25, 10, 19, 222, 11.9, 8.1, NULL, NULL, NULL, NULL, NULL, NULL, NULL, NULL, NULL, NULL, NULL, NULL, NULL, NULL, NULL, NULL, NULL, '2019-05-25 10:53:23', '2019-05-25 10:53:23'),
(235, 24, 25, 10, 19, 223, 10, 5, NULL, NULL, NULL, NULL, NULL, NULL, NULL, NULL, NULL, NULL, NULL, NULL, NULL, NULL, NULL, NULL, NULL, '2019-05-25 10:53:23', '2019-05-25 10:53:23'),
(236, 24, 25, 10, 19, 224, 15.2, 15.5, NULL, NULL, NULL, NULL, NULL, NULL, NULL, NULL, NULL, NULL, NULL, NULL, NULL, NULL, NULL, NULL, NULL, '2019-05-25 10:53:23', '2019-05-25 10:53:23'),
(237, 24, 25, 10, 19, 225, 12, 5, NULL, NULL, NULL, NULL, NULL, NULL, NULL, NULL, NULL, NULL, NULL, NULL, NULL, NULL, NULL, NULL, NULL, '2019-05-25 10:53:24', '2019-05-25 10:53:24'),
(238, 24, 25, 10, 19, 226, 19.8, 15.5, NULL, NULL, NULL, NULL, NULL, NULL, NULL, NULL, NULL, NULL, NULL, NULL, NULL, NULL, NULL, NULL, NULL, '2019-05-25 10:53:24', '2019-05-25 10:53:24'),
(239, 24, 25, 10, 19, 227, 11, 5, NULL, NULL, NULL, NULL, NULL, NULL, NULL, NULL, NULL, NULL, NULL, NULL, NULL, NULL, NULL, NULL, NULL, '2019-05-25 10:53:24', '2019-05-25 10:53:24'),
(240, 24, 25, 10, 19, 228, 12, 6, NULL, NULL, NULL, NULL, NULL, NULL, NULL, NULL, NULL, NULL, NULL, NULL, NULL, NULL, NULL, NULL, NULL, '2019-05-25 10:53:24', '2019-05-25 10:53:24'),
(241, 24, 25, 10, 19, 229, 12.6, 5, NULL, NULL, NULL, NULL, NULL, NULL, NULL, NULL, NULL, NULL, NULL, NULL, NULL, NULL, NULL, NULL, NULL, '2019-05-25 10:53:24', '2019-05-25 10:53:24'),
(242, 24, 25, 10, 19, 230, 15.5, 5, NULL, NULL, NULL, NULL, NULL, NULL, NULL, NULL, NULL, NULL, NULL, NULL, NULL, NULL, NULL, NULL, NULL, '2019-05-25 10:53:24', '2019-05-25 10:53:24'),
(243, 24, 25, 10, 19, 231, 12, 5, NULL, NULL, NULL, NULL, NULL, NULL, NULL, NULL, NULL, NULL, NULL, NULL, NULL, NULL, NULL, NULL, NULL, '2019-05-25 10:53:24', '2019-05-25 10:53:24'),
(244, 16, 17, 10, 11, 144, 11.9, 2.5, NULL, NULL, NULL, NULL, NULL, NULL, NULL, NULL, NULL, NULL, NULL, NULL, NULL, NULL, NULL, NULL, NULL, '2019-05-25 11:05:48', '2019-05-25 11:05:48'),
(245, 16, 17, 10, 11, 145, 13.8, 8, NULL, NULL, NULL, NULL, NULL, NULL, NULL, NULL, NULL, NULL, NULL, NULL, NULL, NULL, NULL, NULL, NULL, '2019-05-25 11:05:48', '2019-05-25 11:05:48'),
(246, 16, 17, 10, 11, 146, 10, 0, NULL, NULL, NULL, NULL, NULL, NULL, NULL, NULL, NULL, NULL, NULL, NULL, NULL, NULL, NULL, NULL, NULL, '2019-05-25 11:05:48', '2019-05-25 11:05:48'),
(247, 16, 17, 10, 11, 147, 11.9, 13.5, NULL, NULL, NULL, NULL, NULL, NULL, NULL, NULL, NULL, NULL, NULL, NULL, NULL, NULL, NULL, NULL, NULL, '2019-05-25 11:05:48', '2019-05-25 11:05:48'),
(248, 16, 17, 10, 11, 148, NULL, NULL, NULL, NULL, NULL, NULL, NULL, NULL, NULL, NULL, NULL, NULL, NULL, NULL, NULL, NULL, NULL, NULL, NULL, '2019-05-25 11:05:48', '2019-05-25 11:05:48'),
(249, 16, 17, 10, 11, 149, 12.3, 15, NULL, NULL, NULL, NULL, NULL, NULL, NULL, NULL, NULL, NULL, NULL, NULL, NULL, NULL, NULL, NULL, NULL, '2019-05-25 11:05:48', '2019-05-25 11:05:48'),
(250, 16, 17, 10, 11, 150, NULL, NULL, NULL, NULL, NULL, NULL, NULL, NULL, NULL, NULL, NULL, NULL, NULL, NULL, NULL, NULL, NULL, NULL, NULL, '2019-05-25 11:05:49', '2019-05-25 11:05:49'),
(251, 16, 17, 10, 11, 151, 11.6, 12, NULL, NULL, NULL, NULL, NULL, NULL, NULL, NULL, NULL, NULL, NULL, NULL, NULL, NULL, NULL, NULL, NULL, '2019-05-25 11:05:49', '2019-05-25 11:05:49'),
(252, 16, 17, 10, 11, 152, 15, 15, NULL, NULL, NULL, NULL, NULL, NULL, NULL, NULL, NULL, NULL, NULL, NULL, NULL, NULL, NULL, NULL, NULL, '2019-05-25 11:05:49', '2019-05-25 11:05:49'),
(253, 16, 17, 10, 11, 153, 16.6, 9.5, NULL, NULL, NULL, NULL, NULL, NULL, NULL, NULL, NULL, NULL, NULL, NULL, NULL, NULL, NULL, NULL, NULL, '2019-05-25 11:05:49', '2019-05-25 11:05:49'),
(254, 16, 17, 10, 11, 154, 11.4, 11.5, NULL, NULL, NULL, NULL, NULL, NULL, NULL, NULL, NULL, NULL, NULL, NULL, NULL, NULL, NULL, NULL, NULL, '2019-05-25 11:05:49', '2019-05-25 11:05:49'),
(255, 16, 17, 10, 11, 155, 18.3, 20, NULL, NULL, NULL, NULL, NULL, NULL, NULL, NULL, NULL, NULL, NULL, NULL, NULL, NULL, NULL, NULL, NULL, '2019-05-25 11:05:49', '2019-05-25 11:05:49'),
(256, 16, 17, 10, 11, 156, 16.6, 15.5, NULL, NULL, NULL, NULL, NULL, NULL, NULL, NULL, NULL, NULL, NULL, NULL, NULL, NULL, NULL, NULL, NULL, '2019-05-25 11:05:49', '2019-05-25 11:05:49'),
(257, 16, 17, 10, 11, 157, 11.7, 7, NULL, NULL, NULL, NULL, NULL, NULL, NULL, NULL, NULL, NULL, NULL, NULL, NULL, NULL, NULL, NULL, NULL, '2019-05-25 11:05:49', '2019-05-25 11:05:49'),
(258, 16, 17, 10, 11, 158, NULL, NULL, NULL, NULL, NULL, NULL, NULL, NULL, NULL, NULL, NULL, NULL, NULL, NULL, NULL, NULL, NULL, NULL, NULL, '2019-05-25 11:05:49', '2019-05-25 11:05:49'),
(259, 16, 17, 10, 11, 159, 17, 17.5, NULL, NULL, NULL, NULL, NULL, NULL, NULL, NULL, NULL, NULL, NULL, NULL, NULL, NULL, NULL, NULL, NULL, '2019-05-25 11:05:49', '2019-05-25 11:05:49'),
(260, 16, 17, 10, 11, 160, NULL, NULL, NULL, NULL, NULL, NULL, NULL, NULL, NULL, NULL, NULL, NULL, NULL, NULL, NULL, NULL, NULL, NULL, NULL, '2019-05-25 11:05:49', '2019-05-25 11:05:49'),
(261, 16, 17, 10, 11, 161, NULL, NULL, NULL, NULL, NULL, NULL, NULL, NULL, NULL, NULL, NULL, NULL, NULL, NULL, NULL, NULL, NULL, NULL, NULL, '2019-05-25 11:05:49', '2019-05-25 11:05:49'),
(262, 16, 17, 10, 11, 162, 18, 14, NULL, NULL, NULL, NULL, NULL, NULL, NULL, NULL, NULL, NULL, NULL, NULL, NULL, NULL, NULL, NULL, NULL, '2019-05-25 11:05:50', '2019-05-25 11:05:50'),
(263, 16, 17, 10, 11, 163, 10.9, 2, NULL, NULL, NULL, NULL, NULL, NULL, NULL, NULL, NULL, NULL, NULL, NULL, NULL, NULL, NULL, NULL, NULL, '2019-05-25 11:05:50', '2019-05-25 11:05:50'),
(264, 16, 17, 10, 11, 164, 8.3, 7, NULL, NULL, NULL, NULL, NULL, NULL, NULL, NULL, NULL, NULL, NULL, NULL, NULL, NULL, NULL, NULL, NULL, '2019-05-25 11:05:51', '2019-05-25 11:05:51'),
(265, 16, 17, 10, 11, 165, 13.5, 12.5, NULL, NULL, NULL, NULL, NULL, NULL, NULL, NULL, NULL, NULL, NULL, NULL, NULL, NULL, NULL, NULL, NULL, '2019-05-25 11:05:51', '2019-05-25 11:05:51'),
(266, 16, 17, 10, 11, 166, 16, 20, NULL, NULL, NULL, NULL, NULL, NULL, NULL, NULL, NULL, NULL, NULL, NULL, NULL, NULL, NULL, NULL, NULL, '2019-05-25 11:05:51', '2019-05-25 11:05:51'),
(267, 16, 17, 10, 11, 167, 13.9, 17, NULL, NULL, NULL, NULL, NULL, NULL, NULL, NULL, NULL, NULL, NULL, NULL, NULL, NULL, NULL, NULL, NULL, '2019-05-25 11:05:51', '2019-05-25 11:05:51'),
(268, 16, 17, 10, 11, 168, 12.2, 5, NULL, NULL, NULL, NULL, NULL, NULL, NULL, NULL, NULL, NULL, NULL, NULL, NULL, NULL, NULL, NULL, NULL, '2019-05-25 11:05:51', '2019-05-25 11:05:51'),
(269, 16, 17, 10, 11, 169, 15.5, 9.5, NULL, NULL, NULL, NULL, NULL, NULL, NULL, NULL, NULL, NULL, NULL, NULL, NULL, NULL, NULL, NULL, NULL, '2019-05-25 11:05:51', '2019-05-25 11:05:51'),
(270, 16, 17, 10, 11, 170, NULL, NULL, NULL, NULL, NULL, NULL, NULL, NULL, NULL, NULL, NULL, NULL, NULL, NULL, NULL, NULL, NULL, NULL, NULL, '2019-05-25 11:05:51', '2019-05-25 11:05:51'),
(271, 16, 17, 10, 11, 171, NULL, NULL, NULL, NULL, NULL, NULL, NULL, NULL, NULL, NULL, NULL, NULL, NULL, NULL, NULL, NULL, NULL, NULL, NULL, '2019-05-25 11:05:51', '2019-05-25 11:05:51'),
(272, 16, 17, 10, 11, 172, 14.9, 7.5, NULL, NULL, NULL, NULL, NULL, NULL, NULL, NULL, NULL, NULL, NULL, NULL, NULL, NULL, NULL, NULL, NULL, '2019-05-25 11:05:51', '2019-05-25 11:05:51'),
(273, 16, 17, 10, 11, 173, 11.7, 5, NULL, NULL, NULL, NULL, NULL, NULL, NULL, NULL, NULL, NULL, NULL, NULL, NULL, NULL, NULL, NULL, NULL, '2019-05-25 11:05:51', '2019-05-25 11:05:51'),
(274, 16, 17, 10, 11, 174, NULL, NULL, NULL, NULL, NULL, NULL, NULL, NULL, NULL, NULL, NULL, NULL, NULL, NULL, NULL, NULL, NULL, NULL, NULL, '2019-05-25 11:05:51', '2019-05-25 11:05:51'),
(275, 16, 17, 10, 11, 175, 17, 20, NULL, NULL, NULL, NULL, NULL, NULL, NULL, NULL, NULL, NULL, NULL, NULL, NULL, NULL, NULL, NULL, NULL, '2019-05-25 11:05:51', '2019-05-25 11:05:51'),
(276, 16, 17, 10, 11, 176, 12.6, 6.5, NULL, NULL, NULL, NULL, NULL, NULL, NULL, NULL, NULL, NULL, NULL, NULL, NULL, NULL, NULL, NULL, NULL, '2019-05-25 11:05:51', '2019-05-25 11:05:51'),
(277, 16, 17, 10, 11, 177, 11.7, 8.5, NULL, NULL, NULL, NULL, NULL, NULL, NULL, NULL, NULL, NULL, NULL, NULL, NULL, NULL, NULL, NULL, NULL, '2019-05-25 11:05:51', '2019-05-25 11:05:51'),
(278, 16, 17, 10, 11, 178, 16.5, 20, NULL, NULL, NULL, NULL, NULL, NULL, NULL, NULL, NULL, NULL, NULL, NULL, NULL, NULL, NULL, NULL, NULL, '2019-05-25 11:05:51', '2019-05-25 11:05:51'),
(279, 16, 17, 10, 11, 179, 14.6, 16, NULL, NULL, NULL, NULL, NULL, NULL, NULL, NULL, NULL, NULL, NULL, NULL, NULL, NULL, NULL, NULL, NULL, '2019-05-25 11:05:51', '2019-05-25 11:05:51'),
(280, 16, 17, 10, 11, 180, 14, 13, NULL, NULL, NULL, NULL, NULL, NULL, NULL, NULL, NULL, NULL, NULL, NULL, NULL, NULL, NULL, NULL, NULL, '2019-05-25 11:05:51', '2019-05-25 11:05:51'),
(281, 16, 17, 10, 11, 181, NULL, NULL, NULL, NULL, NULL, NULL, NULL, NULL, NULL, NULL, NULL, NULL, NULL, NULL, NULL, NULL, NULL, NULL, NULL, '2019-05-25 11:05:51', '2019-05-25 11:05:51'),
(282, 16, 17, 10, 11, 182, 14.7, 18, NULL, NULL, NULL, NULL, NULL, NULL, NULL, NULL, NULL, NULL, NULL, NULL, NULL, NULL, NULL, NULL, NULL, '2019-05-25 11:05:51', '2019-05-25 11:05:51'),
(283, 16, 17, 10, 11, 183, 12.9, 15, NULL, NULL, NULL, NULL, NULL, NULL, NULL, NULL, NULL, NULL, NULL, NULL, NULL, NULL, NULL, NULL, NULL, '2019-05-25 11:05:51', '2019-05-25 11:05:51'),
(284, 16, 17, 10, 11, 184, 12.6, 5, NULL, NULL, NULL, NULL, NULL, NULL, NULL, NULL, NULL, NULL, NULL, NULL, NULL, NULL, NULL, NULL, NULL, '2019-05-25 11:05:51', '2019-05-25 11:05:51'),
(285, 16, 17, 10, 11, 185, 13.6, 7.5, NULL, NULL, NULL, NULL, NULL, NULL, NULL, NULL, NULL, NULL, NULL, NULL, NULL, NULL, NULL, NULL, NULL, '2019-05-25 11:05:51', '2019-05-25 11:05:51'),
(286, 16, 17, 10, 11, 186, 12.9, 7.5, NULL, NULL, NULL, NULL, NULL, NULL, NULL, NULL, NULL, NULL, NULL, NULL, NULL, NULL, NULL, NULL, NULL, '2019-05-25 11:05:51', '2019-05-25 11:05:51'),
(287, 16, 17, 10, 11, 187, 8.2, 0, NULL, NULL, NULL, NULL, NULL, NULL, NULL, NULL, NULL, NULL, NULL, NULL, NULL, NULL, NULL, NULL, NULL, '2019-05-25 11:05:51', '2019-05-25 11:05:51'),
(288, 16, 17, 10, 11, 188, 19.4, 20, NULL, NULL, NULL, NULL, NULL, NULL, NULL, NULL, NULL, NULL, NULL, NULL, NULL, NULL, NULL, NULL, NULL, '2019-05-25 11:05:51', '2019-05-25 11:05:51'),
(289, 29, 30, 6, 18, 232, 18.5, 11.5, NULL, NULL, NULL, NULL, NULL, NULL, NULL, NULL, NULL, NULL, NULL, NULL, NULL, NULL, NULL, NULL, NULL, '2019-05-25 11:15:56', '2019-05-25 11:15:56'),
(290, 29, 30, 6, 18, 233, 14.5, 20, NULL, NULL, NULL, NULL, NULL, NULL, NULL, NULL, NULL, NULL, NULL, NULL, NULL, NULL, NULL, NULL, NULL, '2019-05-25 11:15:56', '2019-05-25 11:15:56'),
(291, 29, 30, 6, 18, 234, 12.5, 18.5, NULL, NULL, NULL, NULL, NULL, NULL, NULL, NULL, NULL, NULL, NULL, NULL, NULL, NULL, NULL, NULL, NULL, '2019-05-25 11:15:56', '2019-05-25 11:15:56'),
(292, 29, 30, 6, 18, 235, 16, 19, NULL, NULL, NULL, NULL, NULL, NULL, NULL, NULL, NULL, NULL, NULL, NULL, NULL, NULL, NULL, NULL, NULL, '2019-05-25 11:15:56', '2019-05-25 11:15:56'),
(293, 29, 30, 6, 18, 236, 17.5, 19, NULL, NULL, NULL, NULL, NULL, NULL, NULL, NULL, NULL, NULL, NULL, NULL, NULL, NULL, NULL, NULL, NULL, '2019-05-25 11:15:56', '2019-05-25 11:15:56'),
(294, 29, 30, 6, 18, 237, 7.5, 13.5, NULL, NULL, NULL, NULL, NULL, NULL, NULL, NULL, NULL, NULL, NULL, NULL, NULL, NULL, NULL, NULL, NULL, '2019-05-25 11:15:57', '2019-05-25 11:15:57'),
(295, 29, 30, 6, 18, 238, 12, 9, NULL, NULL, NULL, NULL, NULL, NULL, NULL, NULL, NULL, NULL, NULL, NULL, NULL, NULL, NULL, NULL, NULL, '2019-05-25 11:15:57', '2019-05-25 11:15:57'),
(296, 29, 30, 6, 18, 239, 5, 5, NULL, NULL, NULL, NULL, NULL, NULL, NULL, NULL, NULL, NULL, NULL, NULL, NULL, NULL, NULL, NULL, NULL, '2019-05-25 11:15:57', '2019-05-25 11:15:57'),
(297, 29, 30, 6, 18, 240, 8, 13, NULL, NULL, NULL, NULL, NULL, NULL, NULL, NULL, NULL, NULL, NULL, NULL, NULL, NULL, NULL, NULL, NULL, '2019-05-25 11:15:57', '2019-05-25 11:15:57'),
(298, 29, 30, 6, 18, 241, 7, 20, NULL, NULL, NULL, NULL, NULL, NULL, NULL, NULL, NULL, NULL, NULL, NULL, NULL, NULL, NULL, NULL, NULL, '2019-05-25 11:15:57', '2019-05-25 11:15:57'),
(299, 29, 30, 6, 18, 242, 6, 11, NULL, NULL, NULL, NULL, NULL, NULL, NULL, NULL, NULL, NULL, NULL, NULL, NULL, NULL, NULL, NULL, NULL, '2019-05-25 11:15:57', '2019-05-25 11:15:57'),
(300, 29, 30, 6, 18, 243, 4.5, 10.5, NULL, NULL, NULL, NULL, NULL, NULL, NULL, NULL, NULL, NULL, NULL, NULL, NULL, NULL, NULL, NULL, NULL, '2019-05-25 11:15:57', '2019-05-25 11:15:57'),
(301, 29, 30, 6, 18, 244, 5, 7.5, NULL, NULL, NULL, NULL, NULL, NULL, NULL, NULL, NULL, NULL, NULL, NULL, NULL, NULL, NULL, NULL, NULL, '2019-05-25 11:15:57', '2019-05-25 11:15:57'),
(302, 29, 30, 6, 18, 245, 9.5, 6, NULL, NULL, NULL, NULL, NULL, NULL, NULL, NULL, NULL, NULL, NULL, NULL, NULL, NULL, NULL, NULL, NULL, '2019-05-25 11:15:57', '2019-05-25 11:15:57'),
(303, 29, 30, 6, 18, 246, 15, 15.5, NULL, NULL, NULL, NULL, NULL, NULL, NULL, NULL, NULL, NULL, NULL, NULL, NULL, NULL, NULL, NULL, NULL, '2019-05-25 11:15:57', '2019-05-25 11:15:57'),
(304, 29, 30, 6, 18, 247, 9, 7, NULL, NULL, NULL, NULL, NULL, NULL, NULL, NULL, NULL, NULL, NULL, NULL, NULL, NULL, NULL, NULL, NULL, '2019-05-25 11:15:57', '2019-05-25 11:15:57'),
(305, 29, 30, 6, 18, 248, 11.5, 16, NULL, NULL, NULL, NULL, NULL, NULL, NULL, NULL, NULL, NULL, NULL, NULL, NULL, NULL, NULL, NULL, NULL, '2019-05-25 11:15:57', '2019-05-25 11:15:57'),
(306, 29, 30, 6, 18, 249, 15.5, 16, NULL, NULL, NULL, NULL, NULL, NULL, NULL, NULL, NULL, NULL, NULL, NULL, NULL, NULL, NULL, NULL, NULL, '2019-05-25 11:15:57', '2019-05-25 11:15:57'),
(307, 29, 30, 6, 18, 250, 5, 11, NULL, NULL, NULL, NULL, NULL, NULL, NULL, NULL, NULL, NULL, NULL, NULL, NULL, NULL, NULL, NULL, NULL, '2019-05-25 11:15:57', '2019-05-25 11:15:57'),
(308, 29, 30, 6, 18, 251, 5, 8.5, NULL, NULL, NULL, NULL, NULL, NULL, NULL, NULL, NULL, NULL, NULL, NULL, NULL, NULL, NULL, NULL, NULL, '2019-05-25 11:15:57', '2019-05-25 11:15:57'),
(309, 29, 30, 6, 18, 252, NULL, NULL, NULL, NULL, NULL, NULL, NULL, NULL, NULL, NULL, NULL, NULL, NULL, NULL, NULL, NULL, NULL, NULL, NULL, '2019-05-25 11:15:58', '2019-05-25 11:15:58'),
(310, 29, 30, 6, 18, 253, NULL, NULL, NULL, NULL, NULL, NULL, NULL, NULL, NULL, NULL, NULL, NULL, NULL, NULL, NULL, NULL, NULL, NULL, NULL, '2019-05-25 11:15:58', '2019-05-25 11:15:58'),
(311, 29, 30, 6, 18, 254, 5, 14, NULL, NULL, NULL, NULL, NULL, NULL, NULL, NULL, NULL, NULL, NULL, NULL, NULL, NULL, NULL, NULL, NULL, '2019-05-25 11:15:58', '2019-05-25 11:15:58'),
(312, 29, 30, 6, 18, 255, 8, 6, NULL, NULL, NULL, NULL, NULL, NULL, NULL, NULL, NULL, NULL, NULL, NULL, NULL, NULL, NULL, NULL, NULL, '2019-05-25 11:15:58', '2019-05-25 11:15:58'),
(313, 29, 30, 6, 18, 256, 9, 5, NULL, NULL, NULL, NULL, NULL, NULL, NULL, NULL, NULL, NULL, NULL, NULL, NULL, NULL, NULL, NULL, NULL, '2019-05-25 11:15:58', '2019-05-25 11:15:58'),
(314, 29, 30, 6, 18, 257, 12, 13, NULL, NULL, NULL, NULL, NULL, NULL, NULL, NULL, NULL, NULL, NULL, NULL, NULL, NULL, NULL, NULL, NULL, '2019-05-25 11:15:58', '2019-05-25 11:15:58'),
(315, 29, 30, 6, 18, 258, 4, 11, NULL, NULL, NULL, NULL, NULL, NULL, NULL, NULL, NULL, NULL, NULL, NULL, NULL, NULL, NULL, NULL, NULL, '2019-05-25 11:15:58', '2019-05-25 11:15:58'),
(316, 29, 30, 6, 18, 259, 17, 16, NULL, NULL, NULL, NULL, NULL, NULL, NULL, NULL, NULL, NULL, NULL, NULL, NULL, NULL, NULL, NULL, NULL, '2019-05-25 11:15:58', '2019-05-25 11:15:58'),
(317, 29, 30, 6, 18, 260, 11.5, 14, NULL, NULL, NULL, NULL, NULL, NULL, NULL, NULL, NULL, NULL, NULL, NULL, NULL, NULL, NULL, NULL, NULL, '2019-05-25 11:15:58', '2019-05-25 11:15:58'),
(318, 29, 30, 6, 18, 261, 8.5, 10, NULL, NULL, NULL, NULL, NULL, NULL, NULL, NULL, NULL, NULL, NULL, NULL, NULL, NULL, NULL, NULL, NULL, '2019-05-25 11:15:58', '2019-05-25 11:15:58'),
(319, 29, 30, 6, 18, 262, 4, 12.5, NULL, NULL, NULL, NULL, NULL, NULL, NULL, NULL, NULL, NULL, NULL, NULL, NULL, NULL, NULL, NULL, NULL, '2019-05-25 11:15:58', '2019-05-25 11:15:58'),
(320, 29, 30, 6, 18, 263, 6.5, 11, NULL, NULL, NULL, NULL, NULL, NULL, NULL, NULL, NULL, NULL, NULL, NULL, NULL, NULL, NULL, NULL, NULL, '2019-05-25 11:15:58', '2019-05-25 11:15:58'),
(321, 29, 30, 6, 18, 264, 16, 17.5, NULL, NULL, NULL, NULL, NULL, NULL, NULL, NULL, NULL, NULL, NULL, NULL, NULL, NULL, NULL, NULL, NULL, '2019-05-25 11:15:58', '2019-05-25 11:15:58'),
(322, 29, 30, 6, 18, 265, NULL, NULL, NULL, NULL, NULL, NULL, NULL, NULL, NULL, NULL, NULL, NULL, NULL, NULL, NULL, NULL, NULL, NULL, NULL, '2019-05-25 11:15:58', '2019-05-25 11:15:58'),
(323, 29, 30, 6, 18, 266, 18.5, 17.5, NULL, NULL, NULL, NULL, NULL, NULL, NULL, NULL, NULL, NULL, NULL, NULL, NULL, NULL, NULL, NULL, NULL, '2019-05-25 11:15:58', '2019-05-25 11:15:58'),
(324, 29, 30, 6, 18, 267, NULL, NULL, NULL, NULL, NULL, NULL, NULL, NULL, NULL, NULL, NULL, NULL, NULL, NULL, NULL, NULL, NULL, NULL, NULL, '2019-05-25 11:15:58', '2019-05-25 11:15:58'),
(325, 29, 30, 6, 18, 268, 16.5, 17.5, NULL, NULL, NULL, NULL, NULL, NULL, NULL, NULL, NULL, NULL, NULL, NULL, NULL, NULL, NULL, NULL, NULL, '2019-05-25 11:15:58', '2019-05-25 11:15:58'),
(326, 29, 30, 6, 18, 269, 4.5, 7, NULL, NULL, NULL, NULL, NULL, NULL, NULL, NULL, NULL, NULL, NULL, NULL, NULL, NULL, NULL, NULL, NULL, '2019-05-25 11:15:58', '2019-05-25 11:15:58'),
(327, 29, 30, 6, 18, 270, 12.5, 16, NULL, NULL, NULL, NULL, NULL, NULL, NULL, NULL, NULL, NULL, NULL, NULL, NULL, NULL, NULL, NULL, NULL, '2019-05-25 11:15:58', '2019-05-25 11:15:58'),
(328, 29, 30, 6, 18, 271, 4, 5, NULL, NULL, NULL, NULL, NULL, NULL, NULL, NULL, NULL, NULL, NULL, NULL, NULL, NULL, NULL, NULL, NULL, '2019-05-25 11:15:58', '2019-05-25 11:15:58'),
(329, 29, 30, 6, 18, 272, 15, 17.5, NULL, NULL, NULL, NULL, NULL, NULL, NULL, NULL, NULL, NULL, NULL, NULL, NULL, NULL, NULL, NULL, NULL, '2019-05-25 11:15:58', '2019-05-25 11:15:58'),
(330, 29, 30, 6, 18, 273, 7.5, 15, NULL, NULL, NULL, NULL, NULL, NULL, NULL, NULL, NULL, NULL, NULL, NULL, NULL, NULL, NULL, NULL, NULL, '2019-05-25 11:15:58', '2019-05-25 11:15:58'),
(331, 29, 30, 6, 18, 274, 14.5, 5, NULL, NULL, NULL, NULL, NULL, NULL, NULL, NULL, NULL, NULL, NULL, NULL, NULL, NULL, NULL, NULL, NULL, '2019-05-25 11:15:58', '2019-05-25 11:15:58'),
(332, 36, 37, 10, 17, 101, NULL, NULL, NULL, NULL, NULL, NULL, NULL, NULL, NULL, NULL, NULL, NULL, NULL, NULL, NULL, NULL, NULL, NULL, NULL, '2019-05-25 11:40:23', '2019-05-25 11:40:23'),
(333, 36, 37, 10, 17, 102, 10, 10, NULL, NULL, NULL, NULL, NULL, NULL, NULL, NULL, NULL, NULL, NULL, NULL, NULL, NULL, NULL, NULL, NULL, '2019-05-25 11:40:23', '2019-05-25 11:40:23'),
(334, 36, 37, 10, 17, 103, 19.75, 15, NULL, NULL, NULL, NULL, NULL, NULL, NULL, NULL, NULL, NULL, NULL, NULL, NULL, NULL, NULL, NULL, NULL, '2019-05-25 11:40:23', '2019-05-25 11:40:23'),
(335, 36, 37, 10, 17, 104, 14.8, 14, NULL, NULL, NULL, NULL, NULL, NULL, NULL, NULL, NULL, NULL, NULL, NULL, NULL, NULL, NULL, NULL, NULL, '2019-05-25 11:40:23', '2019-05-25 11:40:23'),
(336, 36, 37, 10, 17, 105, 12, 12, NULL, NULL, NULL, NULL, NULL, NULL, NULL, NULL, NULL, NULL, NULL, NULL, NULL, NULL, NULL, NULL, NULL, '2019-05-25 11:40:23', '2019-05-25 11:40:23'),
(337, 36, 37, 10, 17, 106, 12.5, 10, NULL, NULL, NULL, NULL, NULL, NULL, NULL, NULL, NULL, NULL, NULL, NULL, NULL, NULL, NULL, NULL, NULL, '2019-05-25 11:40:23', '2019-05-25 11:40:23'),
(338, 36, 37, 10, 17, 107, 10, 10, NULL, NULL, NULL, NULL, NULL, NULL, NULL, NULL, NULL, NULL, NULL, NULL, NULL, NULL, NULL, NULL, NULL, '2019-05-25 11:40:24', '2019-05-25 11:40:24'),
(339, 36, 37, 10, 17, 108, 7, 8, NULL, NULL, NULL, NULL, NULL, NULL, NULL, NULL, NULL, NULL, NULL, NULL, NULL, NULL, NULL, NULL, NULL, '2019-05-25 11:40:24', '2019-05-25 11:40:24'),
(340, 36, 37, 10, 17, 275, 18.8, 16, NULL, NULL, NULL, NULL, NULL, NULL, NULL, NULL, NULL, NULL, NULL, NULL, NULL, NULL, NULL, NULL, NULL, '2019-05-25 11:40:24', '2019-05-25 11:40:24'),
(341, 36, 37, 10, 17, 109, NULL, NULL, NULL, NULL, NULL, NULL, NULL, NULL, NULL, NULL, NULL, NULL, NULL, NULL, NULL, NULL, NULL, NULL, NULL, '2019-05-25 11:40:24', '2019-05-25 11:40:24'),
(342, 36, 37, 10, 17, 110, 5, 10, NULL, NULL, NULL, NULL, NULL, NULL, NULL, NULL, NULL, NULL, NULL, NULL, NULL, NULL, NULL, NULL, NULL, '2019-05-25 11:40:24', '2019-05-25 11:40:24'),
(343, 36, 37, 10, 17, 111, 10.25, 7, NULL, NULL, NULL, NULL, NULL, NULL, NULL, NULL, NULL, NULL, NULL, NULL, NULL, NULL, NULL, NULL, NULL, '2019-05-25 11:40:24', '2019-05-25 11:40:24'),
(344, 36, 37, 10, 17, 112, 14.5, 7, NULL, NULL, NULL, NULL, NULL, NULL, NULL, NULL, NULL, NULL, NULL, NULL, NULL, NULL, NULL, NULL, NULL, '2019-05-25 11:40:24', '2019-05-25 11:40:24'),
(345, 36, 37, 10, 17, 113, 12, 15, NULL, NULL, NULL, NULL, NULL, NULL, NULL, NULL, NULL, NULL, NULL, NULL, NULL, NULL, NULL, NULL, NULL, '2019-05-25 11:40:24', '2019-05-25 11:40:24'),
(346, 36, 37, 10, 17, 114, 19, 17, NULL, NULL, NULL, NULL, NULL, NULL, NULL, NULL, NULL, NULL, NULL, NULL, NULL, NULL, NULL, NULL, NULL, '2019-05-25 11:40:24', '2019-05-25 11:40:24'),
(347, 36, 37, 10, 17, 115, 12, 2, NULL, NULL, NULL, NULL, NULL, NULL, NULL, NULL, NULL, NULL, NULL, NULL, NULL, NULL, NULL, NULL, NULL, '2019-05-25 11:40:24', '2019-05-25 11:40:24'),
(348, 36, 37, 10, 17, 116, 10.5, 13, NULL, NULL, NULL, NULL, NULL, NULL, NULL, NULL, NULL, NULL, NULL, NULL, NULL, NULL, NULL, NULL, NULL, '2019-05-25 11:40:24', '2019-05-25 11:40:24'),
(349, 36, 37, 10, 17, 117, 16, 12, NULL, NULL, NULL, NULL, NULL, NULL, NULL, NULL, NULL, NULL, NULL, NULL, NULL, NULL, NULL, NULL, NULL, '2019-05-25 11:40:24', '2019-05-25 11:40:24'),
(350, 36, 37, 10, 17, 118, 6, 1, NULL, NULL, NULL, NULL, NULL, NULL, NULL, NULL, NULL, NULL, NULL, NULL, NULL, NULL, NULL, NULL, NULL, '2019-05-25 11:40:24', '2019-05-25 11:40:24'),
(351, 36, 37, 10, 17, 121, 7.5, 2, NULL, NULL, NULL, NULL, NULL, NULL, NULL, NULL, NULL, NULL, NULL, NULL, NULL, NULL, NULL, NULL, NULL, '2019-05-25 11:40:24', '2019-05-25 11:40:24'),
(352, 36, 37, 10, 17, 122, 11.5, 14, NULL, NULL, NULL, NULL, NULL, NULL, NULL, NULL, NULL, NULL, NULL, NULL, NULL, NULL, NULL, NULL, NULL, '2019-05-25 11:40:24', '2019-05-25 11:40:24'),
(353, 36, 37, 10, 17, 123, 10, NULL, NULL, NULL, NULL, NULL, NULL, NULL, NULL, NULL, NULL, NULL, NULL, NULL, NULL, NULL, NULL, NULL, NULL, '2019-05-25 11:40:24', '2019-05-25 11:40:24'),
(354, 36, 37, 10, 17, 124, NULL, NULL, NULL, NULL, NULL, NULL, NULL, NULL, NULL, NULL, NULL, NULL, NULL, NULL, NULL, NULL, NULL, NULL, NULL, '2019-05-25 11:40:24', '2019-05-25 11:40:24'),
(355, 36, 37, 10, 17, 125, 6, NULL, NULL, NULL, NULL, NULL, NULL, NULL, NULL, NULL, NULL, NULL, NULL, NULL, NULL, NULL, NULL, NULL, NULL, '2019-05-25 11:40:25', '2019-05-25 11:40:25'),
(356, 36, 37, 10, 17, 126, 15, 10, NULL, NULL, NULL, NULL, NULL, NULL, NULL, NULL, NULL, NULL, NULL, NULL, NULL, NULL, NULL, NULL, NULL, '2019-05-25 11:40:25', '2019-05-25 11:40:25'),
(357, 36, 37, 10, 17, 127, 15, 7, NULL, NULL, NULL, NULL, NULL, NULL, NULL, NULL, NULL, NULL, NULL, NULL, NULL, NULL, NULL, NULL, NULL, '2019-05-25 11:40:25', '2019-05-25 11:40:25'),
(358, 36, 37, 10, 17, 128, 6, 6, NULL, NULL, NULL, NULL, NULL, NULL, NULL, NULL, NULL, NULL, NULL, NULL, NULL, NULL, NULL, NULL, NULL, '2019-05-25 11:40:25', '2019-05-25 11:40:25'),
(359, 36, 37, 10, 17, 129, 7.5, 8, NULL, NULL, NULL, NULL, NULL, NULL, NULL, NULL, NULL, NULL, NULL, NULL, NULL, NULL, NULL, NULL, NULL, '2019-05-25 11:40:25', '2019-05-25 11:40:25'),
(360, 36, 37, 10, 17, 130, 4, 12, NULL, NULL, NULL, NULL, NULL, NULL, NULL, NULL, NULL, NULL, NULL, NULL, NULL, NULL, NULL, NULL, NULL, '2019-05-25 11:40:25', '2019-05-25 11:40:25'),
(361, 36, 37, 10, 17, 131, 9.5, 14, NULL, NULL, NULL, NULL, NULL, NULL, NULL, NULL, NULL, NULL, NULL, NULL, NULL, NULL, NULL, NULL, NULL, '2019-05-25 11:40:25', '2019-05-25 11:40:25'),
(362, 36, 37, 10, 17, 132, 7.5, 7, NULL, NULL, NULL, NULL, NULL, NULL, NULL, NULL, NULL, NULL, NULL, NULL, NULL, NULL, NULL, NULL, NULL, '2019-05-25 11:40:25', '2019-05-25 11:40:25'),
(363, 36, 37, 10, 17, 133, 18.8, 17, NULL, NULL, NULL, NULL, NULL, NULL, NULL, NULL, NULL, NULL, NULL, NULL, NULL, NULL, NULL, NULL, NULL, '2019-05-25 11:40:25', '2019-05-25 11:40:25'),
(364, 36, 37, 10, 17, 134, 7, 15, NULL, NULL, NULL, NULL, NULL, NULL, NULL, NULL, NULL, NULL, NULL, NULL, NULL, NULL, NULL, NULL, NULL, '2019-05-25 11:40:25', '2019-05-25 11:40:25'),
(365, 36, 37, 10, 17, 135, 5.5, 6, NULL, NULL, NULL, NULL, NULL, NULL, NULL, NULL, NULL, NULL, NULL, NULL, NULL, NULL, NULL, NULL, NULL, '2019-05-25 11:40:25', '2019-05-25 11:40:25'),
(366, 36, 37, 10, 17, 136, 10, 3, NULL, NULL, NULL, NULL, NULL, NULL, NULL, NULL, NULL, NULL, NULL, NULL, NULL, NULL, NULL, NULL, NULL, '2019-05-25 11:40:25', '2019-05-25 11:40:25'),
(367, 36, 37, 10, 17, 137, 10, 3, NULL, NULL, NULL, NULL, NULL, NULL, NULL, NULL, NULL, NULL, NULL, NULL, NULL, NULL, NULL, NULL, NULL, '2019-05-25 11:40:25', '2019-05-25 11:40:25'),
(368, 36, 37, 10, 17, 138, 10.3, 5, NULL, NULL, NULL, NULL, NULL, NULL, NULL, NULL, NULL, NULL, NULL, NULL, NULL, NULL, NULL, NULL, NULL, '2019-05-25 11:40:25', '2019-05-25 11:40:25'),
(369, 36, 37, 10, 17, 139, NULL, NULL, NULL, NULL, NULL, NULL, NULL, NULL, NULL, NULL, NULL, NULL, NULL, NULL, NULL, NULL, NULL, NULL, NULL, '2019-05-25 11:40:25', '2019-05-25 11:40:25'),
(370, 36, 37, 10, 17, 140, 10, 0, NULL, NULL, NULL, NULL, NULL, NULL, NULL, NULL, NULL, NULL, NULL, NULL, NULL, NULL, NULL, NULL, NULL, '2019-05-25 11:40:25', '2019-05-25 11:40:25'),
(371, 36, 37, 10, 17, 141, 12, 8, NULL, NULL, NULL, NULL, NULL, NULL, NULL, NULL, NULL, NULL, NULL, NULL, NULL, NULL, NULL, NULL, NULL, '2019-05-25 11:40:25', '2019-05-25 11:40:25'),
(372, 36, 37, 10, 17, 142, 8, 12, NULL, NULL, NULL, NULL, NULL, NULL, NULL, NULL, NULL, NULL, NULL, NULL, NULL, NULL, NULL, NULL, NULL, '2019-05-25 11:40:25', '2019-05-25 11:40:25'),
(373, 36, 37, 10, 17, 143, 16, 4, NULL, NULL, NULL, NULL, NULL, NULL, NULL, NULL, NULL, NULL, NULL, NULL, NULL, NULL, NULL, NULL, NULL, '2019-05-25 11:40:25', '2019-05-25 11:40:25');

-- --------------------------------------------------------

--
-- Stand-in structure for view `avaliacoes_view`
-- (See below for the actual view)
--
CREATE TABLE `avaliacoes_view` (
`id` int(10) unsigned
,`professor_id` int(10) unsigned
,`user_id` int(10) unsigned
,`disciplina_id` int(10) unsigned
,`turma_id` int(10) unsigned
,`aluno_id` int(10) unsigned
,`mac1` double
,`p11` double
,`p12` double
,`fnj1` int(11)
,`fj1` int(11)
,`mac2` double
,`p21` double
,`p22` double
,`fnj2` int(11)
,`fj2` int(11)
,`mac3` double
,`p31` double
,`p32` double
,`fnj3` int(11)
,`fj3` int(11)
,`idade` int(5)
,`ct1a` double(18,1)
,`ct1b` double(18,1)
,`ct2a` double(18,1)
,`ct2b` double(18,1)
,`ct3a` double(18,1)
,`ct3b` double(18,1)
,`mtca` double(18,1)
,`mtcb` double(18,1)
,`sessentaa` double(18,1)
,`sessentab` double(18,1)
,`quarenta` double(18,1)
,`notafinala` double(18,1)
,`notafinalb` double(18,1)
,`exame1` double(18,1)
,`exame2` double(18,1)
,`exame3` double(18,1)
,`avaliacao_status` varchar(191)
,`created_at` timestamp
,`updated_at` timestamp
,`numero` int(11)
,`aluno_status` enum('Activo','Desistido','Suspenso','Transferido')
,`aluno` varchar(191)
,`idmatricula` varchar(191)
,`modulo_id` int(10) unsigned
,`turma` varchar(191)
,`ano_lectivo` int(11)
,`disciplina` varchar(191)
,`acronimo` varchar(191)
,`categoria` varchar(191)
,`usuario` varchar(191)
);

-- --------------------------------------------------------

--
-- Table structure for table `classes`
--

CREATE TABLE `classes` (
  `id` int(10) UNSIGNED NOT NULL,
  `nome` varchar(191) COLLATE utf8mb4_unicode_ci NOT NULL,
  `user_id` int(10) UNSIGNED NOT NULL DEFAULT '1',
  `por_extenso` varchar(191) COLLATE utf8mb4_unicode_ci NOT NULL,
  `created_at` timestamp NULL DEFAULT NULL,
  `updated_at` timestamp NULL DEFAULT NULL
) ENGINE=InnoDB DEFAULT CHARSET=utf8mb4 COLLATE=utf8mb4_unicode_ci;

--
-- Dumping data for table `classes`
--

INSERT INTO `classes` (`id`, `nome`, `user_id`, `por_extenso`, `created_at`, `updated_at`) VALUES
(1, '10ª', 1, 'Décima', '2018-10-02 06:07:40', '2019-04-02 08:46:59'),
(2, '11ª', 1, 'Décima Primeira', '2018-10-02 06:07:48', '2019-04-02 08:46:47'),
(3, '12ª', 1, 'Décima Segunda', '2018-10-02 06:08:02', '2019-04-02 08:46:19'),
(4, '13ª', 1, 'Décima Terceira', '2019-04-02 08:47:23', '2019-04-02 08:47:23');

-- --------------------------------------------------------

--
-- Table structure for table `cursos`
--

CREATE TABLE `cursos` (
  `id` int(10) UNSIGNED NOT NULL,
  `nome` varchar(191) COLLATE utf8mb4_unicode_ci NOT NULL,
  `acronimo` varchar(191) COLLATE utf8mb4_unicode_ci NOT NULL,
  `user_id` int(10) UNSIGNED NOT NULL DEFAULT '1',
  `professor_id` int(10) UNSIGNED NOT NULL DEFAULT '1',
  `area_id` int(10) UNSIGNED NOT NULL DEFAULT '1',
  `nome_instituto_mae` varchar(191) COLLATE utf8mb4_unicode_ci DEFAULT NULL,
  `director_instituto_mae` varchar(191) COLLATE utf8mb4_unicode_ci DEFAULT NULL,
  `created_at` timestamp NULL DEFAULT NULL,
  `updated_at` timestamp NULL DEFAULT NULL
) ENGINE=InnoDB DEFAULT CHARSET=utf8mb4 COLLATE=utf8mb4_unicode_ci;

--
-- Dumping data for table `cursos`
--

INSERT INTO `cursos` (`id`, `nome`, `acronimo`, `user_id`, `professor_id`, `area_id`, `nome_instituto_mae`, `director_instituto_mae`, `created_at`, `updated_at`) VALUES
(2, 'Técnico de Informática', 'TI', 1, 1, 1, 'Instituto Médio Politécnico de Cabinda', 'Maria da Graça S. M. Morais', '2019-05-11 11:52:52', '2019-05-11 11:55:36'),
(3, 'Petroquímica', 'PQ', 1, 2, 2, 'Instituto Médio Politécnico de Chiazi', 'Samuel Mavungo', '2019-05-11 11:54:58', '2019-05-11 11:54:58'),
(4, 'Técnico de Finanças', 'TF', 1, 5, 4, 'A', 'José Cumbu', '2019-05-11 11:58:07', '2019-05-13 05:56:30'),
(5, 'Técnico de Electrónica e Telecomunicações', 'TET', 1, 3, 5, 'Instituto Politécnico de Cabinda', 'Maria da Graça S. M. Morais', '2019-05-11 12:00:01', '2019-05-13 05:43:26'),
(6, 'Desenhador Progetista', 'DP', 1, 4, 3, 'Instituto Politécnico de Cabinda', 'Maria da Graça S. M. Morais', '2019-05-11 12:03:27', '2019-05-11 12:03:27'),
(7, 'Técnico de Energia e Instalações Eléctricas', 'TEIE', 1, 3, 5, 'Instituto Politécnico de Cabinda', 'Maria da Graça S. M. Morais', '2019-05-11 12:05:12', '2019-05-11 12:05:12');

-- --------------------------------------------------------

--
-- Table structure for table `disciplinas`
--

CREATE TABLE `disciplinas` (
  `id` int(10) UNSIGNED NOT NULL,
  `nome` varchar(191) COLLATE utf8mb4_unicode_ci NOT NULL,
  `acronimo` varchar(191) COLLATE utf8mb4_unicode_ci NOT NULL,
  `user_id` int(10) UNSIGNED NOT NULL DEFAULT '1',
  `categoria` varchar(191) COLLATE utf8mb4_unicode_ci NOT NULL,
  `created_at` timestamp NULL DEFAULT NULL,
  `updated_at` timestamp NULL DEFAULT NULL
) ENGINE=InnoDB DEFAULT CHARSET=utf8mb4 COLLATE=utf8mb4_unicode_ci;

--
-- Dumping data for table `disciplinas`
--

INSERT INTO `disciplinas` (`id`, `nome`, `acronimo`, `user_id`, `categoria`, `created_at`, `updated_at`) VALUES
(1, 'Técnicas e Linguagens de Programação', 'TLP', 1, 'Técnica, Tecnológica e Prática', '2019-04-01 09:18:26', '2019-04-01 09:18:48'),
(2, 'Tecnologia de Informação e Comunicação', 'TIC', 1, 'Técnica, Tecnológica e Prática', '2019-04-01 09:20:59', '2019-04-01 09:20:59'),
(3, 'Sistemas de Exploração e Arquitetura de Computadores', 'SEAC', 1, 'Técnica, Tecnológica e Prática', '2019-04-01 09:21:34', '2019-05-11 12:12:27'),
(4, 'Técnicas de Reparação de Equipamentos Informáticos', 'TREI', 1, 'Técnica, Tecnológica e Prática', '2019-04-01 09:22:44', '2019-04-01 09:22:44'),
(5, 'Português', 'PORT', 1, 'Sociocultural', '2019-04-01 09:23:26', '2019-04-02 08:18:02'),
(6, 'Inglês', 'ING', 1, 'Sociocultural', '2019-04-01 09:23:58', '2019-04-01 09:23:58'),
(7, 'Formação de Atitudes Integradoras', 'FAI', 1, 'Sociocultural', '2019-04-01 09:25:29', '2019-04-01 09:25:29'),
(8, 'Emprendedorismo', 'EMP', 1, 'Técnica, Tecnológica e Prática', '2019-04-01 09:26:29', '2019-04-01 09:26:29'),
(9, 'Religião Moral', 'RM', 1, 'Sociocultural', '2019-04-01 09:27:10', '2019-04-01 09:27:10'),
(10, 'Matemática', 'MAT', 1, 'Científica', '2019-04-01 09:29:05', '2019-04-01 09:29:05'),
(11, 'Física', 'FISICA', 1, 'Científica', '2019-04-01 09:30:29', '2019-05-11 12:09:26'),
(12, 'Química', 'QUIM', 1, 'Científica', '2019-04-01 09:31:48', '2019-04-02 07:45:50'),
(13, 'Eletrotecnia', 'ELECTN', 1, 'Científica', '2019-04-01 09:33:40', '2019-05-11 12:08:55'),
(14, 'Desenho Técnico', 'DT', 1, 'Técnica, Tecnológica e Prática', '2019-04-01 09:35:27', '2019-04-01 09:35:27'),
(17, 'Educação Física', 'EDF', 1, 'Sociocultural', '2019-04-02 07:48:18', '2019-04-02 08:15:15'),
(18, 'Geometria Descritiva', 'GD', 1, 'Científica', '2019-05-13 06:55:29', '2019-05-13 06:55:29'),
(19, 'Desenho Projecto', 'DP', 1, 'Técnica, Tecnológica e Prática', '2019-05-13 06:57:59', '2019-05-13 06:57:59'),
(20, 'Técnicas de Construção Civil', 'TCC', 1, 'Técnica, Tecnológica e Prática', '2019-05-13 06:58:37', '2019-05-13 06:58:37'),
(21, 'Informática Aplicada à Construção Civil', 'IACC', 1, 'Técnica, Tecnológica e Prática', '2019-05-13 06:59:54', '2019-05-13 06:59:54'),
(22, 'Organização E Gestão Industrial', 'OGI', 1, 'Técnica, Tecnológica e Prática', '2019-05-16 11:43:28', '2019-05-16 11:43:28'),
(23, 'Progecto Tecnológico', 'PT', 1, 'Técnica, Tecnológica e Prática', '2019-05-16 11:48:08', '2019-05-16 11:48:08'),
(24, 'Contabilidade Financeira', 'C.F', 30, 'Técnica, Tecnológica e Prática', '2019-05-25 09:21:42', '2019-05-25 09:21:42'),
(25, 'Química Analítica', 'QA', 17, 'Técnica, Tecnológica e Prática', '2019-05-25 09:25:48', '2019-05-25 09:25:48'),
(26, 'Documentação e Legislação Comercial', 'DLC', 25, 'Técnica, Tecnológica e Prática', '2019-05-25 09:27:09', '2019-05-25 09:27:09'),
(27, 'Química Orgânica', 'QO', 17, 'Técnica, Tecnológica e Prática', '2019-05-25 09:27:32', '2019-05-25 09:27:32'),
(28, 'Análise de Crédito, Financiamento e Investimento', 'ACFI', 25, 'Técnica, Tecnológica e Prática', '2019-05-25 09:28:34', '2019-05-25 09:28:34'),
(29, 'Práticas Oficinais e Laboratorias', 'POL', 16, 'Técnica, Tecnológica e Prática', '2019-05-25 09:28:35', '2019-05-25 10:17:41'),
(30, 'Informática', 'INFO', 17, 'Científica', '2019-05-25 09:29:37', '2019-05-25 09:29:37'),
(31, 'Técnico de Laboratório', 'TL', 17, 'Técnica, Tecnológica e Prática', '2019-05-25 09:31:25', '2019-05-25 09:31:25'),
(32, 'Tecnologias das Telecomunicações', 'T. TELECOM', 16, 'Técnica, Tecnológica e Prática', '2019-05-25 09:32:39', '2019-05-25 10:21:10'),
(33, 'Economia', 'ECON', 25, 'Científica', '2019-05-25 09:34:09', '2019-05-25 09:34:09'),
(34, 'Electricidade e Electrónica', 'E e E', 16, 'Técnica, Tecnológica e Prática', '2019-05-25 09:42:59', '2019-05-25 10:15:57');

-- --------------------------------------------------------

--
-- Table structure for table `disciplina_modulo`
--

CREATE TABLE `disciplina_modulo` (
  `modulo_id` int(10) UNSIGNED NOT NULL DEFAULT '1',
  `disciplina_id` int(10) UNSIGNED NOT NULL DEFAULT '1',
  `user_id` int(10) UNSIGNED NOT NULL DEFAULT '1',
  `carga` int(11) NOT NULL,
  `terminal` enum('N','S') COLLATE utf8mb4_unicode_ci NOT NULL DEFAULT 'N',
  `do_curso` enum('N','S') COLLATE utf8mb4_unicode_ci NOT NULL DEFAULT 'N',
  `curricular` enum('N','S') COLLATE utf8mb4_unicode_ci NOT NULL DEFAULT 'S'
) ENGINE=InnoDB DEFAULT CHARSET=utf8mb4 COLLATE=utf8mb4_unicode_ci;

--
-- Dumping data for table `disciplina_modulo`
--

INSERT INTO `disciplina_modulo` (`modulo_id`, `disciplina_id`, `user_id`, `carga`, `terminal`, `do_curso`, `curricular`) VALUES
(1, 13, 1, 2, 'N', 'N', 'S'),
(1, 8, 1, 2, 'N', 'N', 'S'),
(1, 11, 1, 2, 'N', 'N', 'S'),
(1, 7, 1, 2, 'N', 'N', 'S'),
(1, 6, 1, 2, 'N', 'N', 'S'),
(1, 10, 1, 2, 'N', 'N', 'S'),
(1, 5, 1, 2, 'N', 'N', 'S'),
(1, 12, 1, 2, 'N', 'N', 'S'),
(1, 9, 1, 2, 'N', 'N', 'N'),
(1, 3, 1, 2, 'N', 'N', 'S'),
(1, 4, 1, 2, 'N', 'N', 'N'),
(1, 1, 1, 2, 'N', 'N', 'S'),
(1, 2, 1, 2, 'S', 'N', 'S'),
(1, 17, 1, 2, 'N', 'N', 'S'),
(2, 14, 1, 2, 'S', 'N', 'S'),
(2, 17, 1, 2, 'S', 'N', 'S'),
(2, 13, 1, 2, 'S', 'N', 'S'),
(2, 8, 1, 2, 'N', 'N', 'S'),
(2, 11, 1, 2, 'N', 'N', 'S'),
(2, 7, 1, 2, 'S', 'N', 'S'),
(2, 6, 1, 2, 'S', 'N', 'S'),
(2, 10, 1, 2, 'N', 'N', 'S'),
(2, 5, 1, 2, 'S', 'N', 'S'),
(2, 12, 1, 2, 'S', 'N', 'S'),
(2, 9, 1, 2, 'S', 'N', 'N'),
(2, 3, 1, 2, 'N', 'N', 'S'),
(2, 4, 1, 2, 'N', 'N', 'S'),
(2, 1, 1, 2, 'N', 'N', 'S'),
(3, 8, 1, 2, 'S', 'N', 'S'),
(3, 10, 1, 2, 'S', 'N', 'S'),
(3, 15, 1, 2, 'S', 'N', 'S'),
(3, 16, 1, 2, 'N', 'N', 'S'),
(3, 3, 1, 2, 'S', 'N', 'S'),
(3, 4, 1, 2, 'S', 'N', 'S'),
(3, 1, 1, 2, 'S', 'N', 'S'),
(4, 16, 1, 2, 'S', 'N', 'S'),
(3, 11, 1, 2, 'S', 'N', 'S'),
(11, 17, 1, 2, 'N', 'N', 'S'),
(11, 13, 1, 2, 'N', 'N', 'S'),
(11, 8, 1, 2, 'N', 'N', 'S'),
(11, 11, 1, 2, 'N', 'N', 'S'),
(11, 7, 1, 2, 'N', 'N', 'S'),
(11, 6, 1, 2, 'N', 'N', 'S'),
(11, 10, 1, 2, 'N', 'N', 'S'),
(11, 5, 1, 2, 'N', 'N', 'S'),
(11, 12, 1, 2, 'N', 'N', 'S'),
(11, 9, 1, 2, 'N', 'N', 'S'),
(11, 3, 1, 2, 'N', 'N', 'S'),
(11, 4, 1, 2, 'N', 'N', 'S'),
(11, 1, 1, 2, 'N', 'N', 'S'),
(11, 2, 1, 2, 'N', 'N', 'S'),
(16, 17, 1, 2, 'N', 'N', 'S'),
(16, 8, 1, 2, 'N', 'N', 'S'),
(16, 11, 1, 2, 'N', 'N', 'S'),
(16, 6, 1, 3, 'N', 'N', 'S'),
(16, 10, 1, 5, 'N', 'N', 'S'),
(16, 5, 1, 3, 'N', 'N', 'S'),
(16, 12, 1, 2, 'N', 'N', 'S'),
(16, 9, 37, 2, 'N', 'N', 'N'),
(16, 19, 37, 3, 'N', 'N', 'S'),
(16, 18, 1, 2, 'N', 'N', 'S'),
(16, 21, 37, 3, 'N', 'N', 'S'),
(16, 20, 37, 3, 'N', 'N', 'S'),
(18, 14, 1, 2, 'S', 'N', 'S'),
(18, 17, 1, 2, 'N', 'N', 'S'),
(18, 13, 1, 2, 'S', 'N', 'S'),
(18, 8, 1, 2, 'N', 'N', 'S'),
(18, 11, 1, 2, 'N', 'N', 'S'),
(18, 7, 1, 2, 'N', 'N', 'S'),
(18, 6, 1, 2, 'N', 'N', 'S'),
(18, 10, 1, 2, 'N', 'N', 'S'),
(18, 5, 1, 2, 'N', 'N', 'S'),
(18, 12, 1, 2, 'S', 'N', 'S'),
(18, 9, 1, 2, 'S', 'N', 'N'),
(18, 3, 1, 2, 'N', 'N', 'S'),
(18, 4, 1, 2, 'N', 'N', 'N'),
(18, 1, 1, 2, 'N', 'N', 'S'),
(19, 8, 1, 2, 'S', 'N', 'S'),
(19, 11, 1, 2, 'S', 'N', 'S'),
(19, 10, 1, 2, 'S', 'N', 'S'),
(19, 23, 1, 2, 'N', 'N', 'S'),
(19, 3, 1, 2, 'S', 'N', 'S'),
(19, 4, 1, 2, 'N', 'N', 'S'),
(19, 1, 1, 2, 'S', 'N', 'S'),
(20, 23, 1, 2, 'S', 'N', 'S'),
(13, 17, 30, 2, 'S', 'N', 'S'),
(13, 6, 25, 3, 'N', 'N', 'S'),
(13, 8, 1, 2, 'N', 'N', 'S'),
(13, 9, 1, 2, 'N', 'N', 'S'),
(12, 17, 1, 2, 'N', 'N', 'S'),
(12, 8, 1, 2, 'N', 'N', 'S'),
(12, 11, 1, 3, 'N', 'N', 'S'),
(12, 7, 1, 2, 'N', 'N', 'S'),
(12, 6, 1, 2, 'N', 'N', 'S'),
(12, 10, 1, 4, 'N', 'N', 'S'),
(12, 5, 1, 3, 'N', 'N', 'S'),
(12, 9, 1, 2, 'N', 'N', 'S'),
(13, 10, 25, 4, 'N', 'N', 'S'),
(13, 5, 25, 3, 'N', 'N', 'S'),
(14, 17, 16, 2, 'N', 'N', 'S'),
(14, 8, 16, 2, 'N', 'N', 'S'),
(14, 11, 1, 2, 'N', 'N', 'S'),
(14, 7, 1, 2, 'N', 'N', 'S'),
(14, 6, 16, 3, 'N', 'N', 'S'),
(14, 10, 16, 5, 'N', 'N', 'S'),
(14, 5, 16, 3, 'N', 'N', 'S'),
(14, 12, 1, 2, 'N', 'N', 'S'),
(14, 9, 1, 2, 'N', 'N', 'S'),
(13, 28, 30, 3, 'N', 'S', 'S'),
(13, 24, 25, 4, 'N', 'N', 'S'),
(13, 26, 30, 3, 'S', 'N', 'S'),
(13, 33, 1, 2, 'N', 'N', 'S'),
(13, 7, 1, 2, 'N', 'N', 'S'),
(12, 30, 1, 2, 'N', 'N', 'S'),
(12, 25, 1, 3, 'N', 'N', 'S'),
(12, 27, 1, 3, 'N', 'N', 'S'),
(12, 31, 1, 6, 'N', 'N', 'S'),
(16, 7, 1, 2, 'N', 'N', 'S'),
(14, 30, 1, 2, 'N', 'N', 'S'),
(14, 29, 1, 2, 'N', 'N', 'S'),
(14, 32, 1, 2, 'N', 'N', 'S'),
(14, 34, 1, 2, 'N', 'N', 'S'),
(13, 30, 1, 2, 'N', 'N', 'S');

-- --------------------------------------------------------

--
-- Table structure for table `disciplina_turma`
--

CREATE TABLE `disciplina_turma` (
  `turma_id` int(10) UNSIGNED NOT NULL DEFAULT '1',
  `disciplina_id` int(10) UNSIGNED NOT NULL DEFAULT '1',
  `professor_id` int(10) UNSIGNED DEFAULT NULL,
  `user_id` int(10) UNSIGNED NOT NULL DEFAULT '1',
  `director` enum('N','S') COLLATE utf8mb4_unicode_ci NOT NULL DEFAULT 'N',
  `created_at` timestamp NULL DEFAULT NULL,
  `updated_at` timestamp NULL DEFAULT NULL
) ENGINE=InnoDB DEFAULT CHARSET=utf8mb4 COLLATE=utf8mb4_unicode_ci;

--
-- Dumping data for table `disciplina_turma`
--

INSERT INTO `disciplina_turma` (`turma_id`, `disciplina_id`, `professor_id`, `user_id`, `director`, `created_at`, `updated_at`) VALUES
(1, 13, NULL, 1, 'N', '2019-05-11 10:00:32', '2019-05-11 10:00:32'),
(1, 8, NULL, 1, 'N', '2019-05-11 10:00:32', '2019-05-11 10:00:32'),
(1, 11, NULL, 1, 'N', '2019-05-11 10:00:32', '2019-05-11 10:00:32'),
(1, 7, NULL, 1, 'N', '2019-05-11 10:00:32', '2019-05-11 10:00:32'),
(1, 6, NULL, 1, 'N', '2019-05-11 10:00:32', '2019-05-11 10:00:32'),
(1, 10, NULL, 1, 'N', '2019-05-11 10:00:33', '2019-05-11 10:00:33'),
(1, 5, NULL, 1, 'N', '2019-05-11 10:00:33', '2019-05-11 10:00:33'),
(1, 12, NULL, 1, 'N', '2019-05-11 10:00:33', '2019-05-11 10:00:33'),
(1, 9, NULL, 1, 'N', '2019-05-11 10:00:33', '2019-05-11 10:00:33'),
(1, 3, NULL, 1, 'N', '2019-05-11 10:00:33', '2019-05-11 10:00:33'),
(1, 4, NULL, 1, 'N', '2019-05-11 10:00:33', '2019-05-11 10:00:33'),
(1, 1, NULL, 1, 'N', '2019-05-11 10:00:33', '2019-05-11 10:00:33'),
(1, 2, NULL, 1, 'N', '2019-05-11 10:00:33', '2019-05-11 10:00:33'),
(1, 17, NULL, 1, 'N', '2019-05-11 10:00:33', '2019-05-11 10:00:33'),
(3, 1, 31, 1, 'N', '2019-05-11 12:59:16', '2019-05-11 13:14:02'),
(3, 2, NULL, 1, 'N', '2019-05-11 12:59:16', '2019-05-11 12:59:16'),
(3, 3, NULL, 1, 'N', '2019-05-11 12:59:16', '2019-05-11 12:59:16'),
(3, 4, NULL, 1, 'N', '2019-05-11 12:59:16', '2019-05-11 12:59:16'),
(3, 5, NULL, 1, 'N', '2019-05-11 12:59:16', '2019-05-11 12:59:16'),
(3, 6, NULL, 1, 'N', '2019-05-11 12:59:16', '2019-05-11 12:59:16'),
(3, 7, NULL, 1, 'N', '2019-05-11 12:59:16', '2019-05-11 12:59:16'),
(3, 8, NULL, 1, 'N', '2019-05-11 12:59:16', '2019-05-11 12:59:16'),
(3, 9, NULL, 1, 'N', '2019-05-11 12:59:16', '2019-05-11 12:59:16'),
(3, 10, NULL, 1, 'N', '2019-05-11 12:59:16', '2019-05-11 12:59:16'),
(3, 11, NULL, 1, 'N', '2019-05-11 12:59:16', '2019-05-11 12:59:16'),
(3, 12, NULL, 1, 'N', '2019-05-11 12:59:16', '2019-05-11 12:59:16'),
(3, 13, NULL, 1, 'N', '2019-05-11 12:59:16', '2019-05-11 12:59:16'),
(3, 17, NULL, 1, 'N', '2019-05-11 12:59:16', '2019-05-11 12:59:16'),
(5, 17, NULL, 1, 'N', '2019-05-11 13:42:46', '2019-05-11 13:42:46'),
(5, 13, NULL, 1, 'N', '2019-05-11 13:42:46', '2019-05-11 13:42:46'),
(5, 8, NULL, 1, 'N', '2019-05-11 13:42:46', '2019-05-11 13:42:46'),
(5, 11, NULL, 1, 'N', '2019-05-11 13:42:46', '2019-05-11 13:42:46'),
(5, 7, NULL, 1, 'N', '2019-05-11 13:42:46', '2019-05-11 13:42:46'),
(5, 6, NULL, 1, 'N', '2019-05-11 13:42:46', '2019-05-11 13:42:46'),
(5, 10, NULL, 1, 'N', '2019-05-11 13:42:46', '2019-05-11 13:42:46'),
(5, 5, NULL, 1, 'N', '2019-05-11 13:42:46', '2019-05-11 13:42:46'),
(5, 12, NULL, 1, 'N', '2019-05-11 13:42:46', '2019-05-11 13:42:46'),
(5, 9, NULL, 1, 'N', '2019-05-11 13:42:46', '2019-05-11 13:42:46'),
(5, 3, NULL, 1, 'N', '2019-05-11 13:42:46', '2019-05-11 13:42:46'),
(5, 4, NULL, 1, 'N', '2019-05-11 13:42:47', '2019-05-11 13:42:47'),
(5, 1, NULL, 1, 'N', '2019-05-11 13:42:47', '2019-05-11 13:42:47'),
(5, 2, NULL, 1, 'N', '2019-05-11 13:42:47', '2019-05-11 13:42:47'),
(4, 5, NULL, 1, 'N', '2019-05-11 13:52:31', '2019-05-11 13:52:31'),
(4, 6, NULL, 1, 'N', '2019-05-11 13:52:31', '2019-05-11 13:52:31'),
(4, 7, 10, 1, 'N', '2019-05-11 13:52:31', '2019-05-11 13:54:33'),
(4, 8, NULL, 1, 'N', '2019-05-11 13:52:31', '2019-05-11 13:52:31'),
(4, 9, 35, 1, 'N', '2019-05-11 13:52:31', '2019-05-11 13:55:55'),
(4, 10, NULL, 1, 'N', '2019-05-11 13:52:31', '2019-05-11 13:52:31'),
(4, 11, NULL, 1, 'N', '2019-05-11 13:52:31', '2019-05-11 13:52:31'),
(4, 12, NULL, 1, 'N', '2019-05-11 13:52:31', '2019-05-11 13:52:31'),
(4, 17, NULL, 1, 'N', '2019-05-11 13:52:31', '2019-05-11 13:52:31'),
(4, 18, NULL, 1, 'N', '2019-05-13 07:01:08', '2019-05-13 07:01:08'),
(4, 19, NULL, 1, 'N', '2019-05-13 07:01:08', '2019-05-13 07:01:08'),
(4, 20, NULL, 1, 'N', '2019-05-13 07:01:08', '2019-05-13 07:01:08'),
(4, 21, NULL, 1, 'N', '2019-05-13 07:01:08', '2019-05-13 07:01:08'),
(7, 17, NULL, 1, 'N', '2019-05-13 07:05:01', '2019-05-13 07:05:01'),
(7, 13, NULL, 1, 'N', '2019-05-13 07:05:01', '2019-05-13 07:05:01'),
(7, 8, NULL, 1, 'N', '2019-05-13 07:05:01', '2019-05-13 07:05:01'),
(7, 11, NULL, 1, 'N', '2019-05-13 07:05:01', '2019-05-13 07:05:01'),
(7, 7, NULL, 1, 'N', '2019-05-13 07:05:01', '2019-05-13 07:05:01'),
(7, 6, NULL, 1, 'N', '2019-05-13 07:05:01', '2019-05-13 07:05:01'),
(7, 10, NULL, 1, 'N', '2019-05-13 07:05:01', '2019-05-13 07:05:01'),
(7, 5, NULL, 1, 'N', '2019-05-13 07:05:01', '2019-05-13 07:05:01'),
(7, 12, NULL, 1, 'N', '2019-05-13 07:05:01', '2019-05-13 07:05:01'),
(7, 9, NULL, 1, 'N', '2019-05-13 07:05:02', '2019-05-13 07:05:02'),
(7, 3, NULL, 1, 'N', '2019-05-13 07:05:02', '2019-05-13 07:05:02'),
(7, 4, NULL, 1, 'N', '2019-05-13 07:05:02', '2019-05-13 07:05:02'),
(7, 1, 31, 1, 'N', '2019-05-13 07:05:02', '2019-05-14 08:18:19'),
(7, 2, 31, 1, 'N', '2019-05-13 07:05:02', '2019-05-14 08:18:36'),
(8, 17, NULL, 1, 'N', '2019-05-14 08:34:56', '2019-05-14 08:34:56'),
(8, 13, NULL, 1, 'N', '2019-05-14 08:34:56', '2019-05-14 08:34:56'),
(8, 8, NULL, 1, 'N', '2019-05-14 08:34:56', '2019-05-14 08:34:56'),
(8, 11, NULL, 1, 'N', '2019-05-14 08:34:57', '2019-05-14 08:34:57'),
(8, 7, NULL, 1, 'N', '2019-05-14 08:34:57', '2019-05-14 08:34:57'),
(8, 6, NULL, 1, 'N', '2019-05-14 08:34:57', '2019-05-14 08:34:57'),
(8, 10, NULL, 1, 'N', '2019-05-14 08:34:57', '2019-05-14 08:34:57'),
(8, 5, NULL, 1, 'N', '2019-05-14 08:34:57', '2019-05-14 08:34:57'),
(8, 12, NULL, 1, 'N', '2019-05-14 08:34:57', '2019-05-14 08:34:57'),
(8, 9, NULL, 1, 'N', '2019-05-14 08:34:57', '2019-05-14 08:34:57'),
(8, 3, NULL, 1, 'N', '2019-05-14 08:34:57', '2019-05-14 08:34:57'),
(8, 4, NULL, 1, 'N', '2019-05-14 08:34:57', '2019-05-14 08:34:57'),
(8, 1, NULL, 1, 'N', '2019-05-14 08:34:57', '2019-05-14 08:34:57'),
(8, 2, NULL, 1, 'N', '2019-05-14 08:34:57', '2019-05-14 08:34:57'),
(9, 17, NULL, 1, 'N', '2019-05-14 08:35:55', '2019-05-14 08:35:55'),
(9, 13, NULL, 1, 'N', '2019-05-14 08:35:55', '2019-05-14 08:35:55'),
(9, 8, NULL, 1, 'N', '2019-05-14 08:35:55', '2019-05-14 08:35:55'),
(9, 11, NULL, 1, 'N', '2019-05-14 08:35:55', '2019-05-14 08:35:55'),
(9, 7, NULL, 1, 'N', '2019-05-14 08:35:55', '2019-05-14 08:35:55'),
(9, 6, NULL, 1, 'N', '2019-05-14 08:35:55', '2019-05-14 08:35:55'),
(9, 10, NULL, 1, 'N', '2019-05-14 08:35:55', '2019-05-14 08:35:55'),
(9, 5, NULL, 1, 'N', '2019-05-14 08:35:55', '2019-05-14 08:35:55'),
(9, 12, NULL, 1, 'N', '2019-05-14 08:35:55', '2019-05-14 08:35:55'),
(9, 9, NULL, 1, 'N', '2019-05-14 08:35:55', '2019-05-14 08:35:55'),
(9, 3, NULL, 1, 'N', '2019-05-14 08:35:55', '2019-05-14 08:35:55'),
(9, 4, 7, 1, 'S', '2019-05-14 08:35:55', '2019-05-16 11:01:29'),
(9, 1, 31, 1, 'N', '2019-05-14 08:35:55', '2019-05-14 08:36:16'),
(9, 2, 31, 1, 'N', '2019-05-14 08:35:55', '2019-05-14 08:36:30'),
(10, 17, NULL, 1, 'N', '2019-05-16 11:35:06', '2019-05-16 11:35:06'),
(10, 13, NULL, 1, 'N', '2019-05-16 11:35:06', '2019-05-16 11:35:06'),
(10, 8, NULL, 1, 'N', '2019-05-16 11:35:06', '2019-05-16 11:35:06'),
(10, 11, NULL, 1, 'N', '2019-05-16 11:35:06', '2019-05-16 11:35:06'),
(10, 7, NULL, 1, 'N', '2019-05-16 11:35:06', '2019-05-16 11:35:06'),
(10, 6, NULL, 1, 'N', '2019-05-16 11:35:06', '2019-05-16 11:35:06'),
(10, 10, NULL, 1, 'N', '2019-05-16 11:35:06', '2019-05-16 11:35:06'),
(10, 5, NULL, 1, 'N', '2019-05-16 11:35:06', '2019-05-16 11:35:06'),
(10, 12, NULL, 1, 'N', '2019-05-16 11:35:06', '2019-05-16 11:35:06'),
(10, 9, NULL, 1, 'N', '2019-05-16 11:35:06', '2019-05-16 11:35:06'),
(10, 3, NULL, 1, 'N', '2019-05-16 11:35:06', '2019-05-16 11:35:06'),
(10, 4, NULL, 1, 'N', '2019-05-16 11:35:06', '2019-05-16 11:35:06'),
(10, 1, NULL, 1, 'N', '2019-05-16 11:35:06', '2019-05-16 11:35:06'),
(10, 2, NULL, 1, 'N', '2019-05-16 11:35:06', '2019-05-16 11:35:06'),
(12, 17, NULL, 1, 'N', '2019-05-25 09:13:25', '2019-05-25 09:13:25'),
(12, 6, NULL, 1, 'N', '2019-05-25 09:15:21', '2019-05-25 09:15:21'),
(12, 8, NULL, 1, 'N', '2019-05-25 09:15:44', '2019-05-25 09:15:44'),
(12, 9, NULL, 1, 'N', '2019-05-25 09:15:44', '2019-05-25 09:15:44'),
(11, 5, 42, 17, 'N', '2019-05-25 09:15:56', '2019-05-25 10:10:46'),
(11, 6, 20, 17, 'N', '2019-05-25 09:15:56', '2019-05-25 09:55:36'),
(11, 7, 32, 17, 'N', '2019-05-25 09:15:56', '2019-05-25 09:54:03'),
(11, 8, 37, 17, 'N', '2019-05-25 09:15:56', '2019-05-25 09:53:07'),
(11, 9, 30, 17, 'N', '2019-05-25 09:15:56', '2019-05-25 10:00:32'),
(11, 10, 16, 17, 'S', '2019-05-25 09:15:56', '2019-05-25 09:56:51'),
(11, 11, 8, 17, 'N', '2019-05-25 09:15:56', '2019-05-25 09:54:39'),
(11, 17, 22, 17, 'N', '2019-05-25 09:15:56', '2019-05-25 09:52:31'),
(13, 5, NULL, 1, 'N', '2019-05-25 09:15:56', '2019-05-25 09:15:56'),
(13, 6, NULL, 1, 'N', '2019-05-25 09:15:56', '2019-05-25 09:15:56'),
(13, 7, NULL, 1, 'N', '2019-05-25 09:15:56', '2019-05-25 09:15:56'),
(13, 8, NULL, 1, 'N', '2019-05-25 09:15:56', '2019-05-25 09:15:56'),
(13, 9, NULL, 1, 'N', '2019-05-25 09:15:56', '2019-05-25 09:15:56'),
(13, 10, NULL, 1, 'N', '2019-05-25 09:15:56', '2019-05-25 09:15:56'),
(13, 11, NULL, 1, 'N', '2019-05-25 09:15:56', '2019-05-25 09:15:56'),
(13, 17, NULL, 1, 'N', '2019-05-25 09:15:56', '2019-05-25 09:15:56'),
(12, 5, NULL, 1, 'N', '2019-05-25 09:16:27', '2019-05-25 09:16:27'),
(12, 10, NULL, 1, 'N', '2019-05-25 09:16:27', '2019-05-25 09:16:27'),
(14, 5, 17, 16, 'N', '2019-05-25 09:16:45', '2019-05-25 10:38:34'),
(14, 6, 19, 16, 'N', '2019-05-25 09:16:45', '2019-05-25 10:37:38'),
(14, 7, 10, 16, 'N', '2019-05-25 09:16:45', '2019-05-25 10:36:02'),
(14, 8, 37, 16, 'N', '2019-05-25 09:16:45', '2019-05-25 10:35:21'),
(14, 9, 30, 16, 'N', '2019-05-25 09:16:45', '2019-05-25 10:47:14'),
(14, 10, 24, 16, 'N', '2019-05-25 09:16:45', '2019-05-25 10:38:04'),
(14, 11, 8, 16, 'N', '2019-05-25 09:16:45', '2019-05-25 10:36:27'),
(14, 12, 6, 16, 'N', '2019-05-25 09:16:45', '2019-05-25 10:40:28'),
(14, 17, 22, 16, 'N', '2019-05-25 09:16:45', '2019-05-25 10:33:27'),
(12, 24, NULL, 1, 'N', '2019-05-25 09:35:58', '2019-05-25 09:35:58'),
(12, 26, NULL, 1, 'N', '2019-05-25 09:35:58', '2019-05-25 09:35:58'),
(12, 28, NULL, 1, 'N', '2019-05-25 09:35:58', '2019-05-25 09:35:58'),
(12, 33, NULL, 1, 'N', '2019-05-25 09:35:58', '2019-05-25 09:35:58'),
(12, 7, NULL, 1, 'N', '2019-05-25 09:36:12', '2019-05-25 09:36:12'),
(11, 25, 2, 17, 'N', '2019-05-25 09:37:06', '2019-05-25 09:59:18'),
(11, 27, 2, 17, 'N', '2019-05-25 09:37:06', '2019-05-25 09:59:49'),
(11, 30, 14, 17, 'N', '2019-05-25 09:37:06', '2019-05-25 09:55:08'),
(13, 25, NULL, 1, 'N', '2019-05-25 09:37:06', '2019-05-25 09:37:06'),
(13, 27, NULL, 1, 'N', '2019-05-25 09:37:06', '2019-05-25 09:37:06'),
(13, 30, NULL, 1, 'N', '2019-05-25 09:37:06', '2019-05-25 09:37:06'),
(11, 31, 23, 17, 'N', '2019-05-25 09:37:27', '2019-05-25 10:01:28'),
(13, 31, NULL, 1, 'N', '2019-05-25 09:37:27', '2019-05-25 09:37:27'),
(12, 30, NULL, 1, 'N', '2019-05-25 09:37:59', '2019-05-25 09:37:59'),
(12, 30, NULL, 1, 'N', '2019-05-25 09:39:26', '2019-05-25 09:39:26'),
(17, 17, 22, 37, 'N', '2019-05-25 09:41:49', '2019-05-25 09:49:33'),
(17, 8, 37, 37, 'N', '2019-05-25 09:41:49', '2019-05-25 09:50:19'),
(17, 11, 8, 37, 'N', '2019-05-25 09:41:49', '2019-05-25 09:50:56'),
(17, 6, 19, 37, 'N', '2019-05-25 09:41:49', '2019-05-25 09:52:04'),
(17, 10, 36, 37, 'S', '2019-05-25 09:41:49', '2019-05-25 09:52:25'),
(17, 5, 38, 37, 'N', '2019-05-25 09:41:49', '2019-05-25 09:52:42'),
(17, 12, 6, 37, 'N', '2019-05-25 09:41:49', '2019-05-25 09:54:00'),
(17, 9, 30, 37, 'N', '2019-05-25 09:41:49', '2019-05-25 09:54:19'),
(17, 19, 33, 37, 'N', '2019-05-25 09:41:49', '2019-05-25 09:48:27'),
(17, 18, 33, 37, 'N', '2019-05-25 09:41:49', '2019-05-25 09:51:14'),
(17, 21, 14, 37, 'N', '2019-05-25 09:41:49', '2019-05-25 09:51:46'),
(17, 20, 4, 37, 'N', '2019-05-25 09:41:49', '2019-05-25 09:54:42'),
(17, 7, 10, 37, 'N', '2019-05-25 09:46:50', '2019-05-25 09:50:44'),
(18, 17, 22, 30, 'N', '2019-05-25 09:53:27', '2019-05-25 10:02:58'),
(18, 6, 29, 30, 'S', '2019-05-25 09:53:27', '2019-05-25 10:11:25'),
(18, 8, 37, 30, 'N', '2019-05-25 09:53:27', '2019-05-25 10:03:28'),
(18, 9, 35, 30, 'N', '2019-05-25 09:53:28', '2019-05-25 10:12:23'),
(18, 10, 44, 30, 'N', '2019-05-25 09:53:28', '2019-05-25 11:26:06'),
(18, 5, 38, 30, 'N', '2019-05-25 09:53:28', '2019-05-25 11:21:16'),
(18, 28, 11, 30, 'N', '2019-05-25 09:53:28', '2019-05-25 09:55:56'),
(18, 24, 27, 30, 'N', '2019-05-25 09:53:28', '2019-05-25 09:56:23'),
(18, 26, 41, 30, 'N', '2019-05-25 09:53:28', '2019-05-25 10:02:11'),
(18, 33, 11, 30, 'N', '2019-05-25 09:53:28', '2019-05-25 10:02:34'),
(18, 7, 10, 30, 'N', '2019-05-25 09:53:28', '2019-05-25 10:03:54'),
(14, 29, 3, 16, 'N', '2019-05-25 09:53:34', '2019-05-25 10:39:35'),
(14, 30, 14, 16, 'N', '2019-05-25 09:53:34', '2019-05-25 10:37:02'),
(14, 32, 43, 16, 'N', '2019-05-25 09:53:34', '2019-05-25 10:54:30'),
(19, 17, 22, 25, 'N', '2019-05-25 09:53:56', '2019-05-25 10:03:06'),
(19, 6, 29, 25, 'N', '2019-05-25 09:53:56', '2019-05-25 10:04:13'),
(19, 8, 37, 25, 'N', '2019-05-25 09:53:56', '2019-05-25 10:03:29'),
(19, 9, 35, 25, 'N', '2019-05-25 09:53:56', '2019-05-25 10:08:44'),
(19, 10, 24, 25, 'S', '2019-05-25 09:53:56', '2019-05-25 10:04:28'),
(19, 5, 38, 25, 'N', '2019-05-25 09:53:56', '2019-05-25 10:04:53'),
(19, 28, 11, 25, 'N', '2019-05-25 09:53:56', '2019-05-25 09:57:25'),
(19, 24, 41, 25, 'N', '2019-05-25 09:53:57', '2019-05-25 10:01:43'),
(19, 26, 40, 25, 'N', '2019-05-25 09:53:57', '2019-05-25 10:02:32'),
(19, 33, 11, 25, 'N', '2019-05-25 09:53:57', '2019-05-25 10:02:47'),
(19, 7, 10, 25, 'N', '2019-05-25 09:53:57', '2019-05-25 10:03:45'),
(14, 34, 15, 16, 'S', '2019-05-25 10:21:41', '2019-05-25 10:33:56'),
(18, 30, 14, 30, 'N', '2019-05-25 11:19:59', '2019-05-25 11:20:37'),
(19, 30, NULL, 1, 'N', '2019-05-25 11:19:59', '2019-05-25 11:19:59');

-- --------------------------------------------------------

--
-- Table structure for table `epocas`
--

CREATE TABLE `epocas` (
  `id` int(10) UNSIGNED NOT NULL,
  `trimestre` enum('I','II','III') COLLATE utf8mb4_unicode_ci NOT NULL DEFAULT 'I',
  `ano_lectivo` int(11) NOT NULL,
  `start_time` date NOT NULL DEFAULT '2019-03-31',
  `end_time` date NOT NULL DEFAULT '2019-03-31',
  `planned_start_time` date DEFAULT NULL,
  `planned_end_time` date DEFAULT NULL,
  `activo` enum('S','N') COLLATE utf8mb4_unicode_ci NOT NULL DEFAULT 'N',
  `fechado` enum('S','N') COLLATE utf8mb4_unicode_ci NOT NULL DEFAULT 'N',
  `user_id` int(10) UNSIGNED NOT NULL DEFAULT '1',
  `created_at` timestamp NULL DEFAULT NULL,
  `updated_at` timestamp NULL DEFAULT NULL
) ENGINE=InnoDB DEFAULT CHARSET=utf8mb4 COLLATE=utf8mb4_unicode_ci;

--
-- Dumping data for table `epocas`
--

INSERT INTO `epocas` (`id`, `trimestre`, `ano_lectivo`, `start_time`, `end_time`, `planned_start_time`, `planned_end_time`, `activo`, `fechado`, `user_id`, `created_at`, `updated_at`) VALUES
(1, 'III', 2018, '2018-02-05', '2018-05-18', '2018-02-05', '2018-02-05', 'N', 'S', 1, NULL, '2019-05-11 12:54:19'),
(2, 'I', 2019, '2019-03-31', '2019-03-31', NULL, NULL, 'S', 'N', 1, '2019-04-02 15:42:19', '2019-05-11 13:23:50'),
(3, 'I', 2020, '2019-03-31', '2019-03-31', NULL, NULL, 'N', 'N', 1, '2019-04-07 20:25:02', '2019-05-01 03:42:10');

-- --------------------------------------------------------

--
-- Table structure for table `faltas`
--

CREATE TABLE `faltas` (
  `id` int(10) UNSIGNED NOT NULL,
  `atividade_id` int(10) UNSIGNED NOT NULL DEFAULT '1',
  `faltable_id` int(11) NOT NULL,
  `faltable_type` varchar(191) COLLATE utf8mb4_unicode_ci NOT NULL,
  `justificado` enum('S','N') COLLATE utf8mb4_unicode_ci NOT NULL DEFAULT 'N',
  `descricao` varchar(191) COLLATE utf8mb4_unicode_ci DEFAULT NULL,
  `anexo` varchar(191) COLLATE utf8mb4_unicode_ci DEFAULT NULL,
  `data_hora` datetime NOT NULL,
  `created_at` timestamp NULL DEFAULT NULL,
  `updated_at` timestamp NULL DEFAULT NULL
) ENGINE=InnoDB DEFAULT CHARSET=utf8mb4 COLLATE=utf8mb4_unicode_ci;

-- --------------------------------------------------------

--
-- Table structure for table `faltasmotivos`
--

CREATE TABLE `faltasmotivos` (
  `id` int(10) UNSIGNED NOT NULL,
  `nome` varchar(191) COLLATE utf8mb4_unicode_ci NOT NULL,
  `created_at` timestamp NULL DEFAULT NULL,
  `updated_at` timestamp NULL DEFAULT NULL
) ENGINE=InnoDB DEFAULT CHARSET=utf8mb4 COLLATE=utf8mb4_unicode_ci;

-- --------------------------------------------------------

--
-- Table structure for table `instituicaos`
--

CREATE TABLE `instituicaos` (
  `id` int(10) UNSIGNED NOT NULL,
  `nome` varchar(191) COLLATE utf8mb4_unicode_ci NOT NULL,
  `sigla` varchar(191) COLLATE utf8mb4_unicode_ci NOT NULL,
  `logo` varchar(191) COLLATE utf8mb4_unicode_ci NOT NULL,
  `lema` varchar(191) COLLATE utf8mb4_unicode_ci NOT NULL,
  `numero` varchar(191) COLLATE utf8mb4_unicode_ci NOT NULL,
  `email` varchar(191) COLLATE utf8mb4_unicode_ci NOT NULL,
  `telefone1` varchar(191) COLLATE utf8mb4_unicode_ci NOT NULL,
  `telefone2` varchar(191) COLLATE utf8mb4_unicode_ci NOT NULL,
  `telefone3` varchar(191) COLLATE utf8mb4_unicode_ci NOT NULL,
  `director_instituicao` varchar(191) COLLATE utf8mb4_unicode_ci NOT NULL,
  `director_instituicao_sexo` enum('M','F') COLLATE utf8mb4_unicode_ci NOT NULL DEFAULT 'M',
  `director_pedagogico` varchar(191) COLLATE utf8mb4_unicode_ci NOT NULL,
  `director_pedagogico_sexo` enum('M','F') COLLATE utf8mb4_unicode_ci NOT NULL DEFAULT 'M',
  `user_id` int(10) UNSIGNED NOT NULL DEFAULT '1',
  `created_at` timestamp NULL DEFAULT NULL,
  `updated_at` timestamp NULL DEFAULT NULL
) ENGINE=InnoDB DEFAULT CHARSET=utf8mb4 COLLATE=utf8mb4_unicode_ci;

--
-- Dumping data for table `instituicaos`
--

INSERT INTO `instituicaos` (`id`, `nome`, `sigla`, `logo`, `lema`, `numero`, `email`, `telefone1`, `telefone2`, `telefone3`, `director_instituicao`, `director_instituicao_sexo`, `director_pedagogico`, `director_pedagogico_sexo`, `user_id`, `created_at`, `updated_at`) VALUES
(1, 'Colégio Padre Builo', 'CPB', '', 'Fê e Ciência', '2', ': infobuilu2@gmail.com', '931962062', '923430879', '926873381', 'João Capita Chincocolo', 'M', 'Ernesto TIgre Issambo', 'M', 1, '2019-04-01 07:28:38', '2019-05-11 12:14:11');

-- --------------------------------------------------------

--
-- Table structure for table `migrations`
--

CREATE TABLE `migrations` (
  `id` int(10) UNSIGNED NOT NULL,
  `migration` varchar(191) COLLATE utf8mb4_unicode_ci NOT NULL,
  `batch` int(11) NOT NULL
) ENGINE=InnoDB DEFAULT CHARSET=utf8mb4 COLLATE=utf8mb4_unicode_ci;

--
-- Dumping data for table `migrations`
--

INSERT INTO `migrations` (`id`, `migration`, `batch`) VALUES
(1, '2014_10_12_000000_create_users_table', 1),
(2, '2014_10_12_100000_create_password_resets_table', 1),
(3, '2018_08_20_084549_create_artigos_table', 1),
(4, '2018_08_25_081004_add_autor_table_users', 1),
(5, '2018_08_25_081005_add_professor_table_users', 1),
(6, '2018_08_26_055613_add_user_id_table_artigos', 1),
(7, '2018_08_27_193018_add_admin_table_users', 1),
(8, '2018_09_03_224619_create_professores_table', 1),
(9, '2018_09_07_224619_create_areas_table', 1),
(10, '2018_09_07_224619_create_cursos_table', 1),
(11, '2018_09_07_230423_create_classes_table', 1),
(12, '2018_09_07_230529_create_modulos_table', 1),
(13, '2018_09_07_230530_create_alunos_table', 1),
(14, '2018_09_07_230801_create_disciplinas_table', 1),
(15, '2018_09_07_230945_create_instituicaos_table', 1),
(16, '2018_09_07_232308_create_salas_table', 1),
(17, '2018_09_07_232308_create_turmas_table', 1),
(18, '2018_10_01_133628_create_disciplina_modulo_table', 1),
(19, '2018_10_08_150856_create_aluno_turma_table', 1),
(20, '2018_10_08_150857_create_tempos_table', 1),
(21, '2018_10_08_151937_create_aluno_disciplina_table', 1),
(22, '2018_10_08_151937_create_disciplina_turma_table', 1),
(23, '2018_10_26_063904_create_aulas_table', 1),
(24, '2018_10_26_063904_create_epocas_table', 1),
(25, '2018_10_26_064821_create_atividade_grupos_table', 1),
(26, '2018_10_26_065032_create_atividades_table', 1),
(27, '2018_10_26_065207_create_atividadeables_table', 1),
(28, '2018_10_26_065437_create_faltas_motivos_table', 1),
(29, '2018_10_26_065601_create_faltas_table', 1),
(30, '2018_10_27_151938_create_avaliacao_table', 1),
(31, '2018_11_27_151938_create_aquisicaos_table', 1);

-- --------------------------------------------------------

--
-- Table structure for table `modulos`
--

CREATE TABLE `modulos` (
  `id` int(10) UNSIGNED NOT NULL,
  `nome` varchar(191) COLLATE utf8mb4_unicode_ci NOT NULL,
  `curso_id` int(10) UNSIGNED NOT NULL DEFAULT '1',
  `classe_id` int(10) UNSIGNED NOT NULL DEFAULT '1',
  `user_id` int(10) UNSIGNED NOT NULL DEFAULT '1',
  `ano` varchar(191) COLLATE utf8mb4_unicode_ci NOT NULL,
  `created_at` timestamp NULL DEFAULT NULL,
  `updated_at` timestamp NULL DEFAULT NULL
) ENGINE=InnoDB DEFAULT CHARSET=utf8mb4 COLLATE=utf8mb4_unicode_ci;

--
-- Dumping data for table `modulos`
--

INSERT INTO `modulos` (`id`, `nome`, `curso_id`, `classe_id`, `user_id`, `ano`, `created_at`, `updated_at`) VALUES
(11, 'TI 10ª', 2, 1, 1, '2019', '2019-05-11 12:55:05', '2019-05-11 12:55:05'),
(12, 'PQ 10ª', 3, 1, 1, '2019', '2019-05-11 12:55:14', '2019-05-11 12:55:14'),
(13, 'TF 10ª', 4, 1, 1, '2019', '2019-05-11 12:55:20', '2019-05-11 12:55:20'),
(14, 'TET 10ª', 5, 1, 1, '2019', '2019-05-11 12:55:33', '2019-05-11 12:55:33'),
(16, 'DP 10ª', 6, 1, 1, '2019', '2019-05-11 12:55:53', '2019-05-11 12:55:53'),
(17, 'TEIE 10ª', 7, 1, 1, '2019', '2019-05-11 12:55:58', '2019-05-11 12:55:58'),
(18, 'TI 11ª', 2, 2, 1, '2019', '2019-05-16 12:00:31', '2019-05-16 12:00:31'),
(19, 'TI 12ª', 2, 3, 1, '2019', '2019-05-16 12:00:47', '2019-05-16 12:00:47'),
(20, 'TI 13ª', 2, 4, 1, '2019', '2019-05-16 12:09:58', '2019-05-16 12:09:58'),
(21, 'DP 11ª', 6, 2, 25, '2019', '2019-05-25 09:03:50', '2019-05-25 09:03:50'),
(22, 'DP 12ª', 6, 3, 37, '2019', '2019-05-25 09:05:00', '2019-05-25 09:05:00'),
(23, 'PQ 11ª', 3, 2, 1, '2019', '2019-05-25 09:05:04', '2019-05-25 09:05:04'),
(24, 'TF 12ª', 4, 3, 17, '2019', '2019-05-25 09:05:18', '2019-05-25 09:05:18'),
(25, 'PQ 12ª', 3, 3, 1, '2019', '2019-05-25 09:05:39', '2019-05-25 09:05:39'),
(26, 'PQ 13ª', 3, 4, 1, '2019', '2019-05-25 09:05:59', '2019-05-25 09:05:59'),
(27, 'TET 12ª', 5, 3, 17, '2019', '2019-05-25 09:06:09', '2019-05-25 09:06:09'),
(28, 'DP 13ª', 6, 4, 25, '2019', '2019-05-25 09:06:54', '2019-05-25 09:06:54'),
(29, 'TF 11ª', 4, 2, 30, '2019', '2019-05-25 09:07:33', '2019-05-25 09:07:33');

-- --------------------------------------------------------

--
-- Table structure for table `password_resets`
--

CREATE TABLE `password_resets` (
  `email` varchar(191) COLLATE utf8mb4_unicode_ci NOT NULL,
  `token` varchar(191) COLLATE utf8mb4_unicode_ci NOT NULL,
  `created_at` timestamp NULL DEFAULT NULL
) ENGINE=InnoDB DEFAULT CHARSET=utf8mb4 COLLATE=utf8mb4_unicode_ci;

-- --------------------------------------------------------

--
-- Table structure for table `professors`
--

CREATE TABLE `professors` (
  `id` int(10) UNSIGNED NOT NULL,
  `nome` varchar(191) COLLATE utf8mb4_unicode_ci NOT NULL,
  `telefone` varchar(191) COLLATE utf8mb4_unicode_ci NOT NULL,
  `email` varchar(191) COLLATE utf8mb4_unicode_ci NOT NULL,
  `user_id` int(10) UNSIGNED NOT NULL DEFAULT '1',
  `sexo` enum('M','F') COLLATE utf8mb4_unicode_ci NOT NULL DEFAULT 'M',
  `created_at` timestamp NULL DEFAULT NULL,
  `updated_at` timestamp NULL DEFAULT NULL,
  `deleted_at` timestamp NULL DEFAULT NULL
) ENGINE=InnoDB DEFAULT CHARSET=utf8mb4 COLLATE=utf8mb4_unicode_ci;

--
-- Dumping data for table `professors`
--

INSERT INTO `professors` (`id`, `nome`, `telefone`, `email`, `user_id`, `sexo`, `created_at`, `updated_at`, `deleted_at`) VALUES
(1, 'José Luís Cabeche', '939284655', 'joseluis@mail.com', 1, 'M', '2019-05-11 11:44:18', '2019-05-11 11:44:18', NULL),
(2, 'Eugenio Muanda', '922053595', 'eugenio@mail.com', 1, 'M', '2019-05-11 11:45:27', '2019-05-11 11:45:27', NULL),
(3, 'Malúndama Romuald', '923789526', 'malundama@mail.com', 1, 'M', '2019-05-11 11:46:44', '2019-05-11 11:46:44', NULL),
(4, 'Miguel Maneta', '937311126', 'miguel@mail.com', 1, 'M', '2019-05-11 11:48:42', '2019-05-11 11:48:42', NULL),
(5, 'António Tiburcio Cala', '932181807', 'tiburcio@mail.com', 1, 'M', '2019-05-11 11:49:58', '2019-05-11 11:49:58', NULL),
(6, 'Adalberto Bamanga', '913000000', 'professor6@mail.com', 1, 'M', '2019-05-11 12:47:50', '2019-05-11 12:47:50', NULL),
(7, 'Adilson do Carmo', '913000000', 'professor7@mail.com', 1, 'M', '2019-05-11 12:47:50', '2019-05-11 12:47:50', NULL),
(8, 'Agostinho Simba', '913000000', 'professor8@mail.com', 1, 'M', '2019-05-11 12:47:50', '2019-05-11 12:47:50', NULL),
(9, 'Agostinho Simba', '913000000', 'professor9@mail.com', 1, 'M', '2019-05-11 12:47:50', '2019-05-14 11:45:39', '2019-05-14 11:45:39'),
(10, 'Albertina Lubota', '913000000', 'professor10@mail.com', 1, 'M', '2019-05-11 12:47:50', '2019-05-11 12:47:50', NULL),
(11, 'Alberto Domingos', '913000000', 'professor11@mail.com', 1, 'M', '2019-05-11 12:47:50', '2019-05-11 12:47:50', NULL),
(12, 'Alberto Mbizi', '913000000', 'professor12@mail.com', 1, 'M', '2019-05-11 12:47:50', '2019-05-11 12:47:50', NULL),
(13, 'Andre Lussiemo Mavinga', '913000000', 'professor13@mail.com', 1, 'M', '2019-05-11 12:47:50', '2019-05-11 12:47:50', NULL),
(14, 'Antonieta da Costa', '913000000', 'professor14@mail.com', 1, 'M', '2019-05-11 12:47:50', '2019-05-11 12:47:50', NULL),
(15, 'Arnolde Noe K. Ngoma', '934099132', 'professor15@mail.com', 16, 'M', '2019-05-11 12:47:50', '2019-05-25 08:04:02', NULL),
(16, 'Artur M. Sumbo', '913112519', 'professor16@mail.com', 17, 'M', '2019-05-11 12:47:50', '2019-05-25 08:03:46', NULL),
(17, 'Avelino Feliciano Conde', '913000000', 'professor17@mail.com', 1, 'M', '2019-05-11 12:47:50', '2019-05-11 12:47:50', NULL),
(18, 'Avelino Feliciano Conde', '913000000', 'professor18@mail.com', 1, 'M', '2019-05-11 12:47:50', '2019-05-11 12:47:50', NULL),
(19, 'Bernadino Napoleão Paca', '913000000', 'professor19@mail.com', 1, 'M', '2019-05-11 12:47:50', '2019-05-11 12:47:50', NULL),
(20, 'Bernardino Paca', '913000000', 'professor20@mail.com', 1, 'M', '2019-05-11 12:47:50', '2019-05-11 12:47:50', NULL),
(21, 'Bernardo Bilongo', '913000000', 'professor21@mail.com', 1, 'M', '2019-05-11 12:47:50', '2019-05-11 12:47:50', NULL),
(22, 'Carmem Bartolomeu', '913000000', 'professor22@mail.com', 1, 'M', '2019-05-11 12:47:50', '2019-05-11 12:47:50', NULL),
(23, 'Claisir Sotomayor', '913000000', 'professor23@mail.com', 1, 'M', '2019-05-11 12:47:50', '2019-05-11 12:47:50', NULL),
(24, 'Francisco Manuel', '940944757', 'professor24@mail.com', 25, 'M', '2019-05-11 12:47:50', '2019-05-25 08:06:02', NULL),
(25, 'Isidoro Manuel', '913000000', 'professor25@mail.com', 1, 'M', '2019-05-11 12:47:50', '2019-05-11 12:47:50', NULL),
(26, 'Jean Marie Kampota', '913000000', 'professor26@mail.com', 1, 'M', '2019-05-11 12:47:50', '2019-05-11 12:47:50', NULL),
(27, 'Joanino Peso Bambi', '913000000', 'professor27@mail.com', 1, 'M', '2019-05-11 12:47:50', '2019-05-11 12:47:50', NULL),
(28, 'João Alfredo', '913000000', 'professor28@mail.com', 1, 'M', '2019-05-11 12:47:50', '2019-05-11 12:47:50', NULL),
(29, 'João Baptista', '946769999', 'professor29@mail.com', 25, 'M', '2019-05-11 12:47:50', '2019-05-25 08:46:11', NULL),
(30, 'José Melo', '913000000', 'professor30@mail.com', 1, 'M', '2019-05-11 12:47:50', '2019-05-11 12:47:50', NULL),
(31, 'Luís Tigre', '846355920', 'professor31@mail.com', 1, 'M', '2019-05-11 12:47:50', '2019-05-11 12:51:41', NULL),
(32, 'Natália Fita Tigre', '913000000', 'professor32@mail.com', 1, 'M', '2019-05-11 12:47:50', '2019-05-11 12:47:50', NULL),
(33, 'Osvaldo Dias', '913000000', 'professor33@mail.com', 1, 'M', '2019-05-11 12:47:50', '2019-05-11 12:47:50', NULL),
(34, 'Paulo Francisco', '913000000', 'professor34@mail.com', 1, 'M', '2019-05-11 12:47:50', '2019-05-11 12:47:50', NULL),
(35, 'Samuel Chimpolo', '913000000', 'professor35@mail.com', 1, 'M', '2019-05-11 12:47:50', '2019-05-11 12:47:50', NULL),
(36, 'Sara Cristina da Silva Sumbo', '927729808/992288521', 'professor36@mail.com', 37, 'M', '2019-05-11 12:47:50', '2019-05-25 11:27:17', NULL),
(37, 'Silvestre Sumbo', '913000000', 'professor37@mail.com', 1, 'M', '2019-05-11 12:47:50', '2019-05-11 12:47:50', NULL),
(38, 'Simão Madalena', '913000000', 'professor38@mail.com', 1, 'M', '2019-05-11 12:47:50', '2019-05-11 12:47:50', NULL),
(39, 'António Calisto', '923621385', 'calisto@mail.com', 1, 'M', '2019-05-25 07:55:44', '2019-05-25 07:55:44', NULL),
(40, 'Augusta Sangula', '946769999', 'professor@mail.com', 25, 'M', '2019-05-25 10:00:58', '2019-05-25 10:00:58', NULL),
(41, 'Alexandre  Nhito', '913000000', 'alexandre@mail.com', 30, 'M', '2019-05-25 10:01:15', '2019-05-25 10:01:15', NULL),
(42, 'José Chicuanha', '918043138', 'chicuanha@mail.com', 17, 'M', '2019-05-25 10:09:14', '2019-05-25 10:09:14', NULL),
(43, 'Rafael Lelo', '913000000', 'rafael.lelo@mail.com', 16, 'M', '2019-05-25 10:53:11', '2019-05-25 10:53:11', NULL),
(44, 'Luis Neves', '913000000', 'luisneves@gmail.com', 30, 'M', '2019-05-25 11:24:30', '2019-05-25 11:24:30', NULL);

-- --------------------------------------------------------

--
-- Table structure for table `salas`
--

CREATE TABLE `salas` (
  `id` int(10) UNSIGNED NOT NULL,
  `nome` varchar(191) COLLATE utf8mb4_unicode_ci NOT NULL,
  `laboratorio` enum('S','N') COLLATE utf8mb4_unicode_ci NOT NULL DEFAULT 'N',
  `descricao` varchar(191) COLLATE utf8mb4_unicode_ci DEFAULT NULL,
  `user_id` int(10) UNSIGNED NOT NULL DEFAULT '1',
  `created_at` timestamp NULL DEFAULT NULL,
  `updated_at` timestamp NULL DEFAULT NULL
) ENGINE=InnoDB DEFAULT CHARSET=utf8mb4 COLLATE=utf8mb4_unicode_ci;

--
-- Dumping data for table `salas`
--

INSERT INTO `salas` (`id`, `nome`, `laboratorio`, `descricao`, `user_id`, `created_at`, `updated_at`) VALUES
(3, 'Sala nº 03', 'S', 'Laboratório de DP, no bloco A-piso 1', 1, '2019-05-13 05:58:15', '2019-05-13 06:40:41'),
(4, 'Sala nº 04', 'N', 'Sala de Aula', 1, '2019-05-13 06:01:11', '2019-05-13 06:01:11'),
(5, 'Sala nº 05', 'N', 'Sala de Aula', 1, '2019-05-13 06:01:58', '2019-05-13 06:01:58'),
(6, 'Sala nº 06', 'N', 'Sala de Aula', 1, '2019-05-13 06:02:25', '2019-05-13 06:02:25'),
(7, 'Sala nº 07', 'S', 'Laboratório 01, no bloco B-piso 0', 1, '2019-05-13 06:02:50', '2019-05-13 06:42:03'),
(8, 'Sala nº 08', 'S', 'Laboratório 02, no bloco B-piso 0', 1, '2019-05-13 06:03:46', '2019-05-13 06:41:53'),
(9, 'Sala nº 09', 'N', 'Sala de Aula', 1, '2019-05-13 06:04:02', '2019-05-13 06:04:02'),
(10, 'Sala nº 10', 'N', 'Sala de Aula', 1, '2019-05-13 06:04:17', '2019-05-13 06:04:17'),
(11, 'Sala nº 11', 'N', 'Sala de Aula', 1, '2019-05-13 06:04:30', '2019-05-13 06:04:30'),
(12, 'Sala nº 12', 'N', 'Sala de Aula', 1, '2019-05-13 06:04:58', '2019-05-13 06:04:58'),
(13, 'Sala nº 13', 'S', 'Laboratório de TREI, no bloco B-piso 1', 1, '2019-05-13 06:05:25', '2019-05-13 06:35:26'),
(14, 'Sala nº 14', 'N', 'Sala de Aula', 1, '2019-05-13 06:05:41', '2019-05-13 06:05:41'),
(15, 'Sala nº 15', 'N', 'Sala de Aula', 1, '2019-05-13 06:05:57', '2019-05-13 06:05:57'),
(16, 'Sala nº 16', 'S', 'Laboratório de EIE, no bloco B-piso 2', 1, '2019-05-13 06:06:12', '2019-05-13 06:36:39'),
(17, 'Sala nº 17', 'S', 'Laboratório de PQ, no bloco B-piso 2', 1, '2019-05-13 06:06:24', '2019-05-13 06:37:22'),
(18, 'Sala nº 02', 'N', 'Sala de Aula', 1, '2019-05-13 06:07:24', '2019-05-13 06:07:24'),
(19, 'Sala nº 01', 'N', 'Sala de Aula', 1, '2019-05-13 06:08:10', '2019-05-13 06:08:10'),
(20, 'Sala nº 18', 'N', 'Sala de Aula', 1, '2019-05-13 06:08:32', '2019-05-13 06:08:32'),
(21, 'Sala nº 19', 'N', 'Sala de Aula', 1, '2019-05-13 06:08:45', '2019-05-13 06:08:45'),
(22, 'Sala nº 20', 'N', 'Sala de Aula', 1, '2019-05-13 06:09:00', '2019-05-13 06:09:00'),
(23, 'Sala nº 21', 'N', 'Sala de Aula', 1, '2019-05-13 06:09:10', '2019-05-13 06:09:10'),
(24, 'Sala nº 22', 'S', 'Laboratório de ET, no bloco B-piso 3', 1, '2019-05-13 06:09:22', '2019-05-13 06:39:50'),
(25, 'Sala nº 23', 'N', 'Sala de Aula', 1, '2019-05-13 06:09:34', '2019-05-13 06:09:34'),
(26, 'Sala nº 24', 'N', 'Sala de Aula', 1, '2019-05-13 06:09:44', '2019-05-13 06:09:44');

-- --------------------------------------------------------

--
-- Table structure for table `tempos`
--

CREATE TABLE `tempos` (
  `id` int(10) UNSIGNED NOT NULL,
  `nome` varchar(191) COLLATE utf8mb4_unicode_ci NOT NULL,
  `dia` enum('Segunda','Terça','Quarta','Quinta','Sexta','Sábado') COLLATE utf8mb4_unicode_ci NOT NULL,
  `hora` int(11) NOT NULL DEFAULT '7',
  `periodo` enum('Manhã','Tarde') COLLATE utf8mb4_unicode_ci NOT NULL DEFAULT 'Manhã',
  `user_id` int(10) UNSIGNED NOT NULL DEFAULT '1',
  `created_at` timestamp NULL DEFAULT NULL,
  `updated_at` timestamp NULL DEFAULT NULL
) ENGINE=InnoDB DEFAULT CHARSET=utf8mb4 COLLATE=utf8mb4_unicode_ci;

--
-- Dumping data for table `tempos`
--

INSERT INTO `tempos` (`id`, `nome`, `dia`, `hora`, `periodo`, `user_id`, `created_at`, `updated_at`) VALUES
(1, 'Primeiro Tempo', 'Segunda', 7, 'Manhã', 1, NULL, NULL),
(2, 'Segundo Tempo', 'Segunda', 8, 'Manhã', 1, NULL, NULL),
(3, 'Terceiro Tempo', 'Segunda', 9, 'Manhã', 1, NULL, NULL),
(4, 'Quarto Tempo', 'Segunda', 10, 'Manhã', 1, NULL, NULL),
(5, 'Quinto Tempo', 'Segunda', 11, 'Manhã', 1, NULL, NULL),
(6, 'Sexto Tempo', 'Segunda', 12, 'Manhã', 1, NULL, NULL),
(7, 'Primeiro Tempo', 'Terça', 7, 'Manhã', 1, NULL, NULL),
(8, 'Segundo Tempo', 'Terça', 8, 'Manhã', 1, NULL, NULL),
(9, 'Terceiro Tempo', 'Terça', 9, 'Manhã', 1, NULL, NULL),
(10, 'Quarto Tempo', 'Terça', 10, 'Manhã', 1, NULL, NULL),
(11, 'Quinto Tempo', 'Terça', 11, 'Manhã', 1, NULL, NULL),
(12, 'Sexto Tempo', 'Terça', 12, 'Manhã', 1, NULL, NULL),
(13, 'Primeiro Tempo', 'Quarta', 7, 'Manhã', 1, NULL, NULL),
(14, 'Segundo Tempo', 'Quarta', 8, 'Manhã', 1, NULL, NULL),
(15, 'Terceiro Tempo', 'Quarta', 9, 'Manhã', 1, NULL, NULL),
(16, 'Quarto Tempo', 'Quarta', 10, 'Manhã', 1, NULL, NULL),
(17, 'Quinto Tempo', 'Quarta', 11, 'Manhã', 1, NULL, NULL),
(18, 'Sexto Tempo', 'Quarta', 12, 'Manhã', 1, NULL, NULL),
(19, 'Primeiro Tempo', 'Quinta', 7, 'Manhã', 1, NULL, NULL),
(20, 'Segundo Tempo', 'Quinta', 8, 'Manhã', 1, NULL, NULL),
(21, 'Terceiro Tempo', 'Quinta', 9, 'Manhã', 1, NULL, NULL),
(22, 'Quarto Tempo', 'Quinta', 10, 'Manhã', 1, NULL, NULL),
(23, 'Quinto Tempo', 'Quinta', 11, 'Manhã', 1, NULL, NULL),
(24, 'Sexto Tempo', 'Quinta', 12, 'Manhã', 1, NULL, NULL),
(25, 'Primeiro Tempo', 'Sexta', 7, 'Manhã', 1, NULL, NULL),
(26, 'Segundo Tempo', 'Sexta', 8, 'Manhã', 1, NULL, NULL),
(27, 'Terceiro Tempo', 'Sexta', 9, 'Manhã', 1, NULL, NULL),
(28, 'Quarto Tempo', 'Sexta', 10, 'Manhã', 1, NULL, NULL),
(29, 'Quinto Tempo', 'Sexta', 11, 'Manhã', 1, NULL, NULL),
(30, 'Sexto Tempo', 'Sexta', 12, 'Manhã', 1, NULL, NULL),
(31, 'Primeiro Tempo', 'Sábado', 7, 'Manhã', 1, NULL, NULL),
(32, 'Segundo Tempo', 'Sábado', 8, 'Manhã', 1, NULL, NULL),
(33, 'Terceiro Tempo', 'Sábado', 9, 'Manhã', 1, NULL, NULL),
(34, 'Quarto Tempo', 'Sábado', 10, 'Manhã', 1, NULL, NULL),
(35, 'Quinto Tempo', 'Sábado', 11, 'Manhã', 1, NULL, NULL),
(36, 'Sexto Tempo', 'Sábado', 12, 'Manhã', 1, NULL, NULL),
(37, 'Primeiro Tempo', 'Segunda', 13, 'Tarde', 1, NULL, NULL),
(38, 'Segundo Tempo', 'Segunda', 14, 'Tarde', 1, NULL, NULL),
(39, 'Terceiro Tempo', 'Segunda', 15, 'Tarde', 1, NULL, NULL),
(40, 'Quarto Tempo', 'Segunda', 16, 'Tarde', 1, NULL, NULL),
(41, 'Quinto Tempo', 'Segunda', 17, 'Tarde', 1, NULL, NULL),
(42, 'Primeiro Tempo', 'Terça', 13, 'Tarde', 1, NULL, NULL),
(43, 'Segundo Tempo', 'Terça', 14, 'Tarde', 1, NULL, NULL),
(44, 'Terceiro Tempo', 'Terça', 15, 'Tarde', 1, NULL, NULL),
(45, 'Quarto Tempo', 'Terça', 16, 'Tarde', 1, NULL, NULL),
(46, 'Quinto Tempo', 'Terça', 17, 'Tarde', 1, NULL, NULL),
(47, 'Primeiro Tempo', 'Quarta', 13, 'Tarde', 1, NULL, NULL),
(48, 'Segundo Tempo', 'Quarta', 14, 'Tarde', 1, NULL, NULL),
(49, 'Terceiro Tempo', 'Quarta', 15, 'Tarde', 1, NULL, NULL),
(50, 'Quarto Tempo', 'Quarta', 16, 'Tarde', 1, NULL, NULL),
(51, 'Quinto Tempo', 'Quarta', 17, 'Tarde', 1, NULL, NULL),
(52, 'Primeiro Tempo', 'Quinta', 13, 'Tarde', 1, NULL, NULL),
(53, 'Segundo Tempo', 'Quinta', 14, 'Tarde', 1, NULL, NULL),
(54, 'Terceiro Tempo', 'Quinta', 15, 'Tarde', 1, NULL, NULL),
(55, 'Quarto Tempo', 'Quinta', 16, 'Tarde', 1, NULL, NULL),
(56, 'Quinto Tempo', 'Quinta', 17, 'Tarde', 1, NULL, NULL),
(57, 'Primeiro Tempo', 'Sexta', 13, 'Tarde', 1, NULL, NULL),
(58, 'Segundo Tempo', 'Sexta', 14, 'Tarde', 1, NULL, NULL),
(59, 'Terceiro Tempo', 'Sexta', 15, 'Tarde', 1, NULL, NULL),
(60, 'Quarto Tempo', 'Sexta', 16, 'Tarde', 1, NULL, NULL),
(61, 'Quinto Tempo', 'Sexta', 17, 'Tarde', 1, NULL, NULL),
(62, 'Primeiro Tempo', 'Sábado', 13, 'Tarde', 1, NULL, NULL),
(63, 'Segundo Tempo', 'Sábado', 14, 'Tarde', 1, NULL, NULL),
(64, 'Terceiro Tempo', 'Sábado', 15, 'Tarde', 1, NULL, NULL),
(65, 'Quarto Tempo', 'Sábado', 16, 'Tarde', 1, NULL, NULL),
(66, 'Quinto Tempo', 'Sábado', 17, 'Tarde', 1, NULL, NULL);

-- --------------------------------------------------------

--
-- Table structure for table `turmas`
--

CREATE TABLE `turmas` (
  `id` int(10) UNSIGNED NOT NULL,
  `modulo_id` int(10) UNSIGNED NOT NULL DEFAULT '1',
  `user_id` int(10) UNSIGNED NOT NULL DEFAULT '1',
  `nome` varchar(191) COLLATE utf8mb4_unicode_ci NOT NULL,
  `ano_lectivo` int(11) NOT NULL,
  `periodo` enum('Matinal','Vespertino','Noturno') COLLATE utf8mb4_unicode_ci NOT NULL,
  `sala_id` int(10) UNSIGNED NOT NULL DEFAULT '1',
  `created_at` timestamp NULL DEFAULT NULL,
  `updated_at` timestamp NULL DEFAULT NULL
) ENGINE=InnoDB DEFAULT CHARSET=utf8mb4 COLLATE=utf8mb4_unicode_ci;

--
-- Dumping data for table `turmas`
--

INSERT INTO `turmas` (`id`, `modulo_id`, `user_id`, `nome`, `ano_lectivo`, `periodo`, `sala_id`, `created_at`, `updated_at`) VALUES
(9, 11, 16, 'TI 10ª A', 2019, 'Vespertino', 19, '2019-05-14 08:35:55', '2019-05-25 08:15:04'),
(11, 12, 17, 'PQ 10ª A', 2019, 'Vespertino', 4, '2019-05-25 08:29:01', '2019-05-25 08:29:01'),
(13, 12, 17, 'PQ 10ª B', 2019, 'Vespertino', 4, '2019-05-25 08:29:35', '2019-05-25 08:29:35'),
(14, 14, 16, 'TET 10ª A', 2019, 'Vespertino', 16, '2019-05-25 08:53:39', '2019-05-25 08:53:39'),
(17, 16, 37, 'DP 10ª A', 2019, 'Vespertino', 5, '2019-05-25 09:41:49', '2019-05-25 09:41:49'),
(18, 13, 30, 'TF 10ª A', 2019, 'Vespertino', 13, '2019-05-25 09:53:27', '2019-05-25 10:18:16'),
(19, 13, 25, 'TF 10ª B', 2019, 'Vespertino', 21, '2019-05-25 09:53:56', '2019-05-25 09:53:56');

-- --------------------------------------------------------

--
-- Table structure for table `users`
--

CREATE TABLE `users` (
  `id` int(10) UNSIGNED NOT NULL,
  `name` varchar(191) COLLATE utf8mb4_unicode_ci NOT NULL,
  `email` varchar(191) COLLATE utf8mb4_unicode_ci NOT NULL,
  `password` varchar(191) COLLATE utf8mb4_unicode_ci NOT NULL,
  `remember_token` varchar(100) COLLATE utf8mb4_unicode_ci DEFAULT NULL,
  `created_at` timestamp NULL DEFAULT NULL,
  `updated_at` timestamp NULL DEFAULT NULL,
  `autor` enum('N','S') COLLATE utf8mb4_unicode_ci NOT NULL DEFAULT 'N',
  `professor` enum('N','S') COLLATE utf8mb4_unicode_ci NOT NULL DEFAULT 'N',
  `director_turma` enum('N','S') COLLATE utf8mb4_unicode_ci NOT NULL DEFAULT 'N',
  `coordenador_curso` enum('N','S') COLLATE utf8mb4_unicode_ci NOT NULL DEFAULT 'N',
  `activo` enum('N','S') COLLATE utf8mb4_unicode_ci NOT NULL DEFAULT 'S',
  `admin` enum('N','S') COLLATE utf8mb4_unicode_ci NOT NULL DEFAULT 'N'
) ENGINE=InnoDB DEFAULT CHARSET=utf8mb4 COLLATE=utf8mb4_unicode_ci;

--
-- Dumping data for table `users`
--

INSERT INTO `users` (`id`, `name`, `email`, `password`, `remember_token`, `created_at`, `updated_at`, `autor`, `professor`, `director_turma`, `coordenador_curso`, `activo`, `admin`) VALUES
(1, 'Admin', 'admin@mail.com', '$2y$10$oXClHzxihexKEigTmxk6OuObgVehQm0AJfdOQnae/Zxr4pY5vwmke', 'RmscP1Gt69w8sLUUWfCWixv4ebJQvGfyrF7A8Ad4M5mf7QXppYty6QR7BlV9', '2018-10-02 06:01:38', '2018-10-02 06:01:38', 'N', 'N', 'N', 'N', 'S', 'S'),
(2, 'José Luís Cabeche', 'joseluis@mail.com', '$2y$10$N1R1ZZbgveM7gL.uYCrGzud7C7k10iYgkKkvf8P3qobhS0BafAqeW', NULL, '2019-05-11 11:44:18', '2019-05-11 11:44:18', 'N', 'S', 'N', 'N', 'S', 'N'),
(3, 'Eugenio Muanda', 'eugenio@mail.com', '$2y$10$UH1EGCuSlP3/AsKdhjZC8utFIfSav2kR28VZdCw9mwgjQwkONv6Ja', NULL, '2019-05-11 11:45:27', '2019-05-11 11:45:27', 'N', 'S', 'N', 'N', 'S', 'N'),
(4, 'Malúndama Romuald', 'malundama@mail.com', '$2y$10$TPmMN40UXhn32og8GVdyXO8aIr0X1LCILPH1TMnDnCfwE83qZFs76', NULL, '2019-05-11 11:46:44', '2019-05-11 11:46:44', 'N', 'S', 'N', 'N', 'S', 'N'),
(5, 'Miguel Maneta', 'miguel@mail.com', '$2y$10$f0x84iffB2bSz7LO/P2VnuFiJsT5fCjDTzAPMD39FMASs50fvTe9q', NULL, '2019-05-11 11:48:42', '2019-05-11 11:48:42', 'N', 'S', 'N', 'N', 'S', 'N'),
(6, 'António Tiburcio Cala', 'tiburcio@mail.com', '$2y$10$3L3/4I7sDMfeebP7cPWKv.1XPsmD9Sqh3KGOsoRb4iN6cxeAkM1xi', NULL, '2019-05-11 11:49:58', '2019-05-11 11:49:58', 'N', 'S', 'N', 'N', 'S', 'N'),
(7, 'Adalberto Bamanga', 'professor6@mail.com', '123456', NULL, '2019-05-11 12:47:50', '2019-05-11 12:47:50', 'N', 'S', 'N', 'N', 'S', 'N'),
(8, 'Adilson do Carmo', 'professor7@mail.com', '123456', NULL, '2019-05-11 12:47:50', '2019-05-11 12:47:50', 'N', 'S', 'N', 'N', 'S', 'N'),
(9, 'Agostinho Simba', 'professor8@mail.com', '123456', NULL, '2019-05-11 12:47:50', '2019-05-11 12:47:50', 'N', 'S', 'N', 'N', 'S', 'N'),
(11, 'Albertina Lubota', 'professor10@mail.com', '123456', NULL, '2019-05-11 12:47:50', '2019-05-11 12:47:50', 'N', 'S', 'N', 'N', 'S', 'N'),
(12, 'Alberto Domingos', 'professor11@mail.com', '123456', NULL, '2019-05-11 12:47:50', '2019-05-11 12:47:50', 'N', 'S', 'N', 'N', 'S', 'N'),
(13, 'Alberto Mbizi', 'professor12@mail.com', '123456', NULL, '2019-05-11 12:47:50', '2019-05-11 12:47:50', 'N', 'S', 'N', 'N', 'S', 'N'),
(14, 'Andre Lussiemo Mavinga', 'professor13@mail.com', '123456', NULL, '2019-05-11 12:47:50', '2019-05-11 12:47:50', 'N', 'S', 'N', 'N', 'S', 'N'),
(15, 'Antonieta da Costa', 'professor14@mail.com', '123456', NULL, '2019-05-11 12:47:50', '2019-05-11 12:47:50', 'N', 'S', 'N', 'N', 'S', 'N'),
(16, 'Arnolde Noe K. Ngoma', 'professor15@mail.com', '$2y$10$p.qZkv7TYDMumjfVRE7YEu3Bknw5prMlSa2JNEz2IMgQSl9iBLQHC', NULL, '2019-05-11 12:47:50', '2019-05-25 08:10:55', 'N', 'S', 'N', 'N', 'S', 'S'),
(17, 'Artur M. Sumbo', 'professor16@mail.com', '$2y$10$DRVzzMCjLSLu/asgle7J7.Eku0K3QKRjyjK4F/jeaiZI5Cl4eNYxq', 'UFJ4ohk1ByzolXiTrbau4QgRvh4FQPgFF0XBEy3IEXBzzjM69pCcG6gUdh3V', '2019-05-11 12:47:50', '2019-05-25 08:14:16', 'N', 'S', 'N', 'N', 'S', 'S'),
(18, 'Avelino Feliciano Conde', 'professor17@mail.com', '123456', NULL, '2019-05-11 12:47:50', '2019-05-11 12:47:50', 'N', 'S', 'N', 'N', 'S', 'N'),
(19, 'Avelino Feliciano Conde', 'professor18@mail.com', '123456', NULL, '2019-05-11 12:47:50', '2019-05-11 12:47:50', 'N', 'S', 'N', 'N', 'S', 'N'),
(20, 'Bernadino Napoleão Paca', 'professor19@mail.com', '123456', NULL, '2019-05-11 12:47:50', '2019-05-11 12:47:50', 'N', 'S', 'N', 'N', 'S', 'N'),
(21, 'Bernardino Paca', 'professor20@mail.com', '123456', NULL, '2019-05-11 12:47:50', '2019-05-11 12:47:50', 'N', 'S', 'N', 'N', 'S', 'N'),
(22, 'Bernardo Bilongo', 'professor21@mail.com', '123456', NULL, '2019-05-11 12:47:50', '2019-05-11 12:47:50', 'N', 'S', 'N', 'N', 'S', 'N'),
(23, 'Carmem Bartolomeu', 'professor22@mail.com', '123456', NULL, '2019-05-11 12:47:50', '2019-05-11 12:47:50', 'N', 'S', 'N', 'N', 'S', 'N'),
(24, 'Claisir Sotomayor', 'professor23@mail.com', '$2y$10$7cqyyXi9ZHeFZP30dBVGaeZSCQeWFhLRK23J6Yxw/OIFQQufyHE5e', NULL, '2019-05-11 12:47:50', '2019-05-25 08:46:24', 'N', 'S', 'N', 'N', 'S', 'S'),
(25, 'Francisco Manuel', 'professor24@mail.com', '$2y$10$BYTBu.5Cnbvi23CiDhz1Te.BdBtZCQWRZxHLLoJGhDj2SMuPdJ8t.', 'fvIVED4aFuNqXVPlmrsK0oATi9VosBjtdQ90zgxgx459EfqKCCUQrbVak8Dk', '2019-05-11 12:47:50', '2019-05-25 07:49:04', 'N', 'S', 'N', 'N', 'S', 'S'),
(26, 'Isidoro Manuel', 'professor25@mail.com', '123456', NULL, '2019-05-11 12:47:50', '2019-05-11 12:47:50', 'N', 'S', 'N', 'N', 'S', 'N'),
(27, 'Jean Marie Kampota', 'professor26@mail.com', '123456', NULL, '2019-05-11 12:47:50', '2019-05-11 12:47:50', 'N', 'S', 'N', 'N', 'S', 'N'),
(28, 'Joanino Peso Bambi', 'professor27@mail.com', '123456', NULL, '2019-05-11 12:47:50', '2019-05-11 12:47:50', 'N', 'S', 'N', 'N', 'S', 'N'),
(29, 'João Alfredo', 'professor28@mail.com', '123456', NULL, '2019-05-11 12:47:50', '2019-05-11 12:47:50', 'N', 'S', 'N', 'N', 'S', 'N'),
(30, 'João Baptista', 'professor29@mail.com', '$2y$10$qMkpx9A6daGNyNNwif0FF.zWYpVXIAxN6jSQhyraPkMed.G38ipju', 'UurTs46fGuhhmlgfg3vaL4w35DvttRJbqXvwEhdkYZ5aw7R0P8TBFm2kWReP', '2019-05-11 12:47:50', '2019-05-25 08:52:00', 'N', 'S', 'N', 'N', 'S', 'S'),
(31, 'José Melo', 'professor30@mail.com', '123456', NULL, '2019-05-11 12:47:50', '2019-05-11 12:47:50', 'N', 'S', 'N', 'N', 'S', 'N'),
(32, 'Luís Tigre', 'professor31@mail.com', '$2y$10$iLEESngwyPgt84bk7aJ/Kuk9YYNzHg230HJh1CMfn2q6HIYubLoU6', 'AeTgZ4041h7L5HE2xhdbNvxV7CGEminfMEDJjCWC3YWGqQB2YIh5ruEVNpST', '2019-05-11 12:47:50', '2019-05-14 09:30:09', 'N', 'S', 'N', 'N', 'S', 'N'),
(33, 'Natália Fita Tigre', 'professor32@mail.com', '123456', NULL, '2019-05-11 12:47:50', '2019-05-11 12:47:50', 'N', 'S', 'N', 'N', 'S', 'N'),
(34, 'Osvaldo Dias', 'professor33@mail.com', '123456', NULL, '2019-05-11 12:47:50', '2019-05-11 12:47:50', 'N', 'S', 'N', 'N', 'S', 'N'),
(35, 'Paulo Francisco', 'professor34@mail.com', '123456', NULL, '2019-05-11 12:47:50', '2019-05-11 12:47:50', 'N', 'S', 'N', 'N', 'S', 'N'),
(36, 'Samuel Chimpolo', 'professor35@mail.com', '123456', NULL, '2019-05-11 12:47:50', '2019-05-11 12:47:50', 'N', 'S', 'N', 'N', 'S', 'N'),
(37, 'Sara Cristina da Silva Sumbo', 'professor36@mail.com', '$2y$10$ffKkPGL61c5.gRvBC6ZSj.C4sbNNFpjJ4pirfhid7ogya/K3TN05i', NULL, '2019-05-11 12:47:50', '2019-05-25 11:27:16', 'N', 'S', 'N', 'N', 'S', 'S'),
(38, 'Silvestre Sumbo', 'professor37@mail.com', '123456', NULL, '2019-05-11 12:47:50', '2019-05-11 12:47:50', 'N', 'S', 'N', 'N', 'S', 'N'),
(39, 'Simão Madalena', 'professor38@mail.com', '123456', NULL, '2019-05-11 12:47:50', '2019-05-11 12:47:50', 'N', 'S', 'N', 'N', 'S', 'N'),
(47, 'Rogério de Assunção Barros Tomás', 'rotomas@mail.com', '$2y$10$KUSoZGyHbQkSHevjthOCOOFSG63iqwQZn97syhpyaN/zZ38yjirv.', 'zwludbObXE9yzhEBx91ZEZn3vJvGazG5ku2w8vWVvqrC1UIfDe5WHBUJsPBg', '2019-05-13 05:45:37', '2019-05-13 05:45:37', 'N', 'N', 'N', 'N', 'S', 'N'),
(48, 'Joaquim Binda', 'jobinda@mail.com', '$2y$10$mi70UIRjbY9ruHXMMBC7uOttL6SXqpPfyZzLm1Q26qrcCiZC5V5Eu', '7eYANNHlOXZrz2nCQ849pEWpbteQh3XMtfvJU5U5rXxpQvrUTkzhpE8Oj1mC', '2019-05-14 09:56:08', '2019-05-14 10:11:21', 'S', 'N', 'N', 'N', 'S', 'S'),
(49, 'Pedro Chico', 'pedro@builo.com', '$2y$10$AS1C.M2aUDCjZ/vy2vyx0Ow2nymAcKkUXv9hn1TRRKNdvtjPE2RtW', '76Z8Gv52riSxTA95RKjJuyGnIdFgrVwpfI3rcgFjGUYRRWJbgmKbplovFrqL', '2019-05-14 10:19:13', '2019-05-14 10:19:13', 'S', 'N', 'N', 'N', 'S', 'S'),
(50, 'Ernesto Tigre Issambo', 'eisambo@gmail.com', '$2y$10$lmQKAxJmMvGYoYo1je3wlOK2HO8nKPR2HrRZaUD5/DzYt/W5.wFnO', NULL, '2019-05-14 10:23:28', '2019-05-14 10:25:18', 'S', 'N', 'N', 'N', 'S', 'S'),
(51, 'Rogerio Tomas', 'rogeriotomas@builo.com', '$2y$10$61ErpFTfhr24PxfQRbbXsOP6C0A3sZ5AflxlCxxQNS1AN4y47Pkxu', NULL, '2019-05-14 10:30:19', '2019-05-14 10:30:19', 'S', 'N', 'N', 'N', 'S', 'N'),
(52, 'António Calisto', 'calisto@mail.com', '$2y$10$z8A6skasthC7dluHFeAou.clL64CA3hB.Ccx1zNsyYJ.BKcDphUq2', NULL, '2019-05-25 07:55:44', '2019-05-25 07:55:44', 'N', 'S', 'N', 'N', 'S', 'N'),
(53, 'Augusta Sangula', 'professor@mail.com', '$2y$10$xgQ0Tre9zgdCspcKTj2DkujlhtNIHRHZEm7hDiQG36C7XghKnP/me', NULL, '2019-05-25 10:00:58', '2019-05-25 10:00:58', 'N', 'S', 'N', 'N', 'S', 'N'),
(54, 'Alexandre  Nhito', 'alexandre@mail.com', '$2y$10$lDPi3wi2sCH0CrYQG3IJKuS72ZNZ7gr//8TvpH03zLW/kBPuErbs.', NULL, '2019-05-25 10:01:14', '2019-05-25 10:01:14', 'N', 'S', 'N', 'N', 'S', 'N'),
(55, 'José Chicuanha', 'chicuanha@mail.com', '$2y$10$DI.lpD/hb3I7P9j3pFVDz.5PVMxS4hn8iL9pDQvp1bWQb5MMZzv2m', NULL, '2019-05-25 10:09:13', '2019-05-25 10:09:13', 'N', 'S', 'N', 'N', 'S', 'N'),
(56, 'Rafael Lelo', 'rafael.lelo@mail.com', '$2y$10$gccM7uo2F8vrX49ld0DOzuD2XfYHRGDVqVzA6LanO4xf//Rt6Y722', NULL, '2019-05-25 10:53:11', '2019-05-25 10:53:11', 'N', 'S', 'N', 'N', 'S', 'N'),
(57, 'Luis Neves', 'luisneves@gmail.com', '$2y$10$by6QdKSEvsh491Q7LXTGyubz7EBFqpfa4fMSXUb8me/c8kvscBC2i', NULL, '2019-05-25 11:24:30', '2019-05-25 11:24:30', 'N', 'S', 'N', 'N', 'S', 'N');

-- --------------------------------------------------------

--
-- Structure for view `avaliacoes_view`
--
DROP TABLE IF EXISTS `avaliacoes_view`;

CREATE ALGORITHM=UNDEFINED DEFINER=`root`@`localhost` SQL SECURITY DEFINER VIEW `avaliacoes_view`  AS  (select `av`.`id` AS `id`,`av`.`professor_id` AS `professor_id`,`av`.`user_id` AS `user_id`,`av`.`disciplina_id` AS `disciplina_id`,`av`.`turma_id` AS `turma_id`,`av`.`aluno_id` AS `aluno_id`,`av`.`mac1` AS `mac1`,`av`.`p11` AS `p11`,`av`.`p12` AS `p12`,`av`.`fnj1` AS `fnj1`,`av`.`fj1` AS `fj1`,`av`.`mac2` AS `mac2`,`av`.`p21` AS `p21`,`av`.`p22` AS `p22`,`av`.`fnj2` AS `fnj2`,`av`.`fj2` AS `fj2`,`av`.`mac3` AS `mac3`,`av`.`p31` AS `p31`,`av`.`p32` AS `p32`,`av`.`fnj3` AS `fnj3`,`av`.`fj3` AS `fj3`,(year(now()) - year(`al`.`data_de_nascimento`)) AS `idade`,round((((`av`.`mac1` + `av`.`p11`) + `av`.`p12`) / 3),1) AS `ct1a`,round(((`av`.`mac1` + `av`.`p11`) / 2),1) AS `ct1b`,round((((((`av`.`mac1` + `av`.`p11`) + `av`.`p12`) / 3) + (((`av`.`mac2` + `av`.`p21`) + `av`.`p22`) / 3)) / 2),1) AS `ct2a`,round(((((`av`.`mac1` + `av`.`p11`) / 2) + ((`av`.`mac2` + `av`.`p21`) / 2)) / 2),1) AS `ct2b`,round((((((((`av`.`mac1` + `av`.`p11`) + `av`.`p12`) / 3) + (((`av`.`mac2` + `av`.`p21`) + `av`.`p22`) / 3)) / 2) + ((`av`.`mac3` + `av`.`p31`) / 2)) / 2),1) AS `ct3a`,round(((((((`av`.`mac1` + `av`.`p11`) / 2) + ((`av`.`mac2` + `av`.`p21`) / 2)) / 2) + ((`av`.`mac3` + `av`.`p31`) / 2)) / 2),1) AS `ct3b`,round((((((((`av`.`mac1` + `av`.`p11`) + `av`.`p12`) / 3) + (((`av`.`mac2` + `av`.`p21`) + `av`.`p22`) / 3)) / 2) + ((`av`.`mac3` + `av`.`p31`) / 2)) / 2),1) AS `mtca`,round(((((((`av`.`mac1` + `av`.`p11`) / 2) + ((`av`.`mac2` + `av`.`p21`) / 2)) / 2) + ((`av`.`mac3` + `av`.`p31`) / 2)) / 2),1) AS `mtcb`,round(((((((((`av`.`mac1` + `av`.`p11`) + `av`.`p12`) / 3) + (((`av`.`mac2` + `av`.`p21`) + `av`.`p22`) / 3)) / 2) + ((`av`.`mac3` + `av`.`p31`) / 2)) / 2) * 0.6),1) AS `sessentaa`,round((((((((`av`.`mac1` + `av`.`p11`) / 2) + ((`av`.`mac2` + `av`.`p21`) / 2)) / 2) + ((`av`.`mac3` + `av`.`p31`) / 2)) / 2) * 0.6),1) AS `sessentab`,round((`av`.`p32` * 0.4),1) AS `quarenta`,round((((((((((`av`.`mac1` + `av`.`p11`) + `av`.`p12`) / 3) + (((`av`.`mac2` + `av`.`p21`) + `av`.`p22`) / 3)) / 2) + ((`av`.`mac3` + `av`.`p31`) / 2)) / 2) * 0.6) + (`av`.`p32` * 0.4)),1) AS `notafinala`,round(((((((((`av`.`mac1` + `av`.`p11`) / 2) + ((`av`.`mac2` + `av`.`p21`) / 2)) / 2) + ((`av`.`mac3` + `av`.`p31`) / 2)) / 2) * 0.6) + (`av`.`p32` * 0.4)),1) AS `notafinalb`,round(`av`.`exame1`,1) AS `exame1`,round(`av`.`exame2`,1) AS `exame2`,round(`av`.`exame3`,1) AS `exame3`,`av`.`status` AS `avaliacao_status`,`av`.`created_at` AS `created_at`,`av`.`updated_at` AS `updated_at`,`atu`.`numero` AS `numero`,`al`.`status` AS `aluno_status`,`al`.`nome` AS `aluno`,`al`.`idmatricula` AS `idmatricula`,`tur`.`modulo_id` AS `modulo_id`,`tur`.`nome` AS `turma`,`tur`.`ano_lectivo` AS `ano_lectivo`,`disc`.`nome` AS `disciplina`,`disc`.`acronimo` AS `acronimo`,`disc`.`categoria` AS `categoria`,`us`.`name` AS `usuario` from ((((((`avaliacaos` `av` join `alunos` `al` on((`av`.`aluno_id` = `al`.`id`))) join `turmas` `tur` on((`av`.`turma_id` = `tur`.`id`))) join `disciplinas` `disc` on((`av`.`disciplina_id` = `disc`.`id`))) join `professors` `prof` on((`av`.`professor_id` = `prof`.`id`))) join `aluno_turma` `atu` on((`av`.`aluno_id` = `atu`.`aluno_id`))) left join `users` `us` on((`av`.`user_id` = `us`.`id`))) group by `av`.`id`) ;

--
-- Indexes for dumped tables
--

--
-- Indexes for table `alunos`
--
ALTER TABLE `alunos`
  ADD PRIMARY KEY (`id`),
  ADD KEY `alunos_user_id_foreign` (`user_id`),
  ADD KEY `alunos_modulo_id_foreign` (`modulo_id`);

--
-- Indexes for table `aluno_disciplina`
--
ALTER TABLE `aluno_disciplina`
  ADD KEY `aluno_disciplina_turma_id_index` (`turma_id`),
  ADD KEY `aluno_disciplina_disciplina_id_index` (`disciplina_id`),
  ADD KEY `aluno_disciplina_aluno_id_index` (`aluno_id`),
  ADD KEY `aluno_disciplina_user_id_index` (`user_id`);

--
-- Indexes for table `aluno_turma`
--
ALTER TABLE `aluno_turma`
  ADD KEY `aluno_turma_turma_id_index` (`turma_id`),
  ADD KEY `aluno_turma_aluno_id_index` (`aluno_id`),
  ADD KEY `aluno_turma_user_id_index` (`user_id`);

--
-- Indexes for table `aquisicaos`
--
ALTER TABLE `aquisicaos`
  ADD PRIMARY KEY (`id`),
  ADD KEY `aquisicaos_aluno_id_index` (`aluno_id`),
  ADD KEY `aquisicaos_user_id_index` (`user_id`);

--
-- Indexes for table `areas`
--
ALTER TABLE `areas`
  ADD PRIMARY KEY (`id`),
  ADD KEY `areas_user_id_foreign` (`user_id`);

--
-- Indexes for table `artigos`
--
ALTER TABLE `artigos`
  ADD PRIMARY KEY (`id`),
  ADD KEY `artigos_user_id_foreign` (`user_id`);

--
-- Indexes for table `atividadeables`
--
ALTER TABLE `atividadeables`
  ADD PRIMARY KEY (`id`);

--
-- Indexes for table `atividades`
--
ALTER TABLE `atividades`
  ADD PRIMARY KEY (`id`),
  ADD KEY `atividades_atividadegrupo_id_foreign` (`atividadeGrupo_id`),
  ADD KEY `atividades_epoca_id_foreign` (`epoca_id`),
  ADD KEY `atividades_user_id_foreign` (`user_id`);

--
-- Indexes for table `atividade_grupos`
--
ALTER TABLE `atividade_grupos`
  ADD PRIMARY KEY (`id`),
  ADD KEY `atividade_grupos_user_id_foreign` (`user_id`);

--
-- Indexes for table `aulas`
--
ALTER TABLE `aulas`
  ADD PRIMARY KEY (`id`),
  ADD KEY `aulas_user_id_foreign` (`user_id`),
  ADD KEY `aulas_turma_id_foreign` (`turma_id`),
  ADD KEY `aulas_disciplina_id_foreign` (`disciplina_id`),
  ADD KEY `aulas_sala_id_foreign` (`sala_id`),
  ADD KEY `aulas_tempo_id_foreign` (`tempo_id`),
  ADD KEY `aulas_professor_id_foreign` (`professor_id`);

--
-- Indexes for table `avaliacaos`
--
ALTER TABLE `avaliacaos`
  ADD PRIMARY KEY (`id`),
  ADD KEY `avaliacaos_professor_id_foreign` (`professor_id`),
  ADD KEY `avaliacaos_user_id_foreign` (`user_id`),
  ADD KEY `avaliacaos_disciplina_id_foreign` (`disciplina_id`),
  ADD KEY `avaliacaos_turma_id_foreign` (`turma_id`),
  ADD KEY `avaliacaos_aluno_id_foreign` (`aluno_id`);

--
-- Indexes for table `classes`
--
ALTER TABLE `classes`
  ADD PRIMARY KEY (`id`),
  ADD KEY `classes_user_id_foreign` (`user_id`);

--
-- Indexes for table `cursos`
--
ALTER TABLE `cursos`
  ADD PRIMARY KEY (`id`),
  ADD KEY `cursos_user_id_foreign` (`user_id`),
  ADD KEY `cursos_professor_id_foreign` (`professor_id`),
  ADD KEY `cursos_area_id_foreign` (`area_id`);

--
-- Indexes for table `disciplinas`
--
ALTER TABLE `disciplinas`
  ADD PRIMARY KEY (`id`),
  ADD KEY `disciplinas_user_id_foreign` (`user_id`);

--
-- Indexes for table `disciplina_modulo`
--
ALTER TABLE `disciplina_modulo`
  ADD KEY `disciplina_modulo_modulo_id_index` (`modulo_id`),
  ADD KEY `disciplina_modulo_disciplina_id_index` (`disciplina_id`),
  ADD KEY `disciplina_modulo_user_id_index` (`user_id`);

--
-- Indexes for table `disciplina_turma`
--
ALTER TABLE `disciplina_turma`
  ADD KEY `disciplina_turma_turma_id_index` (`turma_id`),
  ADD KEY `disciplina_turma_disciplina_id_index` (`disciplina_id`),
  ADD KEY `disciplina_turma_professor_id_index` (`professor_id`),
  ADD KEY `disciplina_turma_user_id_index` (`user_id`);

--
-- Indexes for table `epocas`
--
ALTER TABLE `epocas`
  ADD PRIMARY KEY (`id`),
  ADD KEY `epocas_user_id_foreign` (`user_id`);

--
-- Indexes for table `faltas`
--
ALTER TABLE `faltas`
  ADD PRIMARY KEY (`id`),
  ADD KEY `faltas_atividade_id_foreign` (`atividade_id`);

--
-- Indexes for table `faltasmotivos`
--
ALTER TABLE `faltasmotivos`
  ADD PRIMARY KEY (`id`);

--
-- Indexes for table `instituicaos`
--
ALTER TABLE `instituicaos`
  ADD PRIMARY KEY (`id`),
  ADD KEY `instituicaos_user_id_foreign` (`user_id`);

--
-- Indexes for table `migrations`
--
ALTER TABLE `migrations`
  ADD PRIMARY KEY (`id`);

--
-- Indexes for table `modulos`
--
ALTER TABLE `modulos`
  ADD PRIMARY KEY (`id`),
  ADD KEY `modulos_curso_id_foreign` (`curso_id`),
  ADD KEY `modulos_classe_id_foreign` (`classe_id`),
  ADD KEY `modulos_user_id_foreign` (`user_id`);

--
-- Indexes for table `password_resets`
--
ALTER TABLE `password_resets`
  ADD KEY `password_resets_email_index` (`email`);

--
-- Indexes for table `professors`
--
ALTER TABLE `professors`
  ADD PRIMARY KEY (`id`),
  ADD KEY `professors_user_id_foreign` (`user_id`);

--
-- Indexes for table `salas`
--
ALTER TABLE `salas`
  ADD PRIMARY KEY (`id`),
  ADD KEY `salas_user_id_foreign` (`user_id`);

--
-- Indexes for table `tempos`
--
ALTER TABLE `tempos`
  ADD PRIMARY KEY (`id`),
  ADD KEY `tempos_user_id_foreign` (`user_id`);

--
-- Indexes for table `turmas`
--
ALTER TABLE `turmas`
  ADD PRIMARY KEY (`id`),
  ADD KEY `turmas_modulo_id_foreign` (`modulo_id`),
  ADD KEY `turmas_user_id_foreign` (`user_id`),
  ADD KEY `turmas_sala_id_foreign` (`sala_id`);

--
-- Indexes for table `users`
--
ALTER TABLE `users`
  ADD PRIMARY KEY (`id`),
  ADD UNIQUE KEY `users_email_unique` (`email`);

--
-- AUTO_INCREMENT for dumped tables
--

--
-- AUTO_INCREMENT for table `alunos`
--
ALTER TABLE `alunos`
  MODIFY `id` int(10) UNSIGNED NOT NULL AUTO_INCREMENT, AUTO_INCREMENT=321;

--
-- AUTO_INCREMENT for table `aquisicaos`
--
ALTER TABLE `aquisicaos`
  MODIFY `id` int(10) UNSIGNED NOT NULL AUTO_INCREMENT;

--
-- AUTO_INCREMENT for table `areas`
--
ALTER TABLE `areas`
  MODIFY `id` int(10) UNSIGNED NOT NULL AUTO_INCREMENT, AUTO_INCREMENT=6;

--
-- AUTO_INCREMENT for table `artigos`
--
ALTER TABLE `artigos`
  MODIFY `id` int(10) UNSIGNED NOT NULL AUTO_INCREMENT, AUTO_INCREMENT=2;

--
-- AUTO_INCREMENT for table `atividadeables`
--
ALTER TABLE `atividadeables`
  MODIFY `id` int(10) UNSIGNED NOT NULL AUTO_INCREMENT;

--
-- AUTO_INCREMENT for table `atividades`
--
ALTER TABLE `atividades`
  MODIFY `id` int(10) UNSIGNED NOT NULL AUTO_INCREMENT;

--
-- AUTO_INCREMENT for table `atividade_grupos`
--
ALTER TABLE `atividade_grupos`
  MODIFY `id` int(10) UNSIGNED NOT NULL AUTO_INCREMENT;

--
-- AUTO_INCREMENT for table `aulas`
--
ALTER TABLE `aulas`
  MODIFY `id` int(10) UNSIGNED NOT NULL AUTO_INCREMENT, AUTO_INCREMENT=193;

--
-- AUTO_INCREMENT for table `avaliacaos`
--
ALTER TABLE `avaliacaos`
  MODIFY `id` int(10) UNSIGNED NOT NULL AUTO_INCREMENT, AUTO_INCREMENT=374;

--
-- AUTO_INCREMENT for table `classes`
--
ALTER TABLE `classes`
  MODIFY `id` int(10) UNSIGNED NOT NULL AUTO_INCREMENT, AUTO_INCREMENT=5;

--
-- AUTO_INCREMENT for table `cursos`
--
ALTER TABLE `cursos`
  MODIFY `id` int(10) UNSIGNED NOT NULL AUTO_INCREMENT, AUTO_INCREMENT=8;

--
-- AUTO_INCREMENT for table `disciplinas`
--
ALTER TABLE `disciplinas`
  MODIFY `id` int(10) UNSIGNED NOT NULL AUTO_INCREMENT, AUTO_INCREMENT=35;

--
-- AUTO_INCREMENT for table `epocas`
--
ALTER TABLE `epocas`
  MODIFY `id` int(10) UNSIGNED NOT NULL AUTO_INCREMENT, AUTO_INCREMENT=4;

--
-- AUTO_INCREMENT for table `faltas`
--
ALTER TABLE `faltas`
  MODIFY `id` int(10) UNSIGNED NOT NULL AUTO_INCREMENT;

--
-- AUTO_INCREMENT for table `faltasmotivos`
--
ALTER TABLE `faltasmotivos`
  MODIFY `id` int(10) UNSIGNED NOT NULL AUTO_INCREMENT;

--
-- AUTO_INCREMENT for table `instituicaos`
--
ALTER TABLE `instituicaos`
  MODIFY `id` int(10) UNSIGNED NOT NULL AUTO_INCREMENT, AUTO_INCREMENT=2;

--
-- AUTO_INCREMENT for table `migrations`
--
ALTER TABLE `migrations`
  MODIFY `id` int(10) UNSIGNED NOT NULL AUTO_INCREMENT, AUTO_INCREMENT=32;

--
-- AUTO_INCREMENT for table `modulos`
--
ALTER TABLE `modulos`
  MODIFY `id` int(10) UNSIGNED NOT NULL AUTO_INCREMENT, AUTO_INCREMENT=30;

--
-- AUTO_INCREMENT for table `professors`
--
ALTER TABLE `professors`
  MODIFY `id` int(10) UNSIGNED NOT NULL AUTO_INCREMENT, AUTO_INCREMENT=45;

--
-- AUTO_INCREMENT for table `salas`
--
ALTER TABLE `salas`
  MODIFY `id` int(10) UNSIGNED NOT NULL AUTO_INCREMENT, AUTO_INCREMENT=27;

--
-- AUTO_INCREMENT for table `tempos`
--
ALTER TABLE `tempos`
  MODIFY `id` int(10) UNSIGNED NOT NULL AUTO_INCREMENT, AUTO_INCREMENT=67;

--
-- AUTO_INCREMENT for table `turmas`
--
ALTER TABLE `turmas`
  MODIFY `id` int(10) UNSIGNED NOT NULL AUTO_INCREMENT, AUTO_INCREMENT=20;

--
-- AUTO_INCREMENT for table `users`
--
ALTER TABLE `users`
  MODIFY `id` int(10) UNSIGNED NOT NULL AUTO_INCREMENT, AUTO_INCREMENT=58;

--
-- Constraints for dumped tables
--

--
-- Constraints for table `alunos`
--
ALTER TABLE `alunos`
  ADD CONSTRAINT `alunos_modulo_id_foreign` FOREIGN KEY (`modulo_id`) REFERENCES `modulos` (`id`) ON DELETE CASCADE,
  ADD CONSTRAINT `alunos_user_id_foreign` FOREIGN KEY (`user_id`) REFERENCES `users` (`id`) ON DELETE CASCADE;

--
-- Constraints for table `aluno_disciplina`
--
ALTER TABLE `aluno_disciplina`
  ADD CONSTRAINT `aluno_disciplina_aluno_id_foreign` FOREIGN KEY (`aluno_id`) REFERENCES `alunos` (`id`) ON DELETE CASCADE,
  ADD CONSTRAINT `aluno_disciplina_disciplina_id_foreign` FOREIGN KEY (`disciplina_id`) REFERENCES `disciplinas` (`id`) ON DELETE CASCADE,
  ADD CONSTRAINT `aluno_disciplina_turma_id_foreign` FOREIGN KEY (`turma_id`) REFERENCES `turmas` (`id`) ON DELETE CASCADE,
  ADD CONSTRAINT `aluno_disciplina_user_id_foreign` FOREIGN KEY (`user_id`) REFERENCES `users` (`id`) ON DELETE CASCADE;

--
-- Constraints for table `aluno_turma`
--
ALTER TABLE `aluno_turma`
  ADD CONSTRAINT `aluno_turma_aluno_id_foreign` FOREIGN KEY (`aluno_id`) REFERENCES `alunos` (`id`) ON DELETE CASCADE,
  ADD CONSTRAINT `aluno_turma_turma_id_foreign` FOREIGN KEY (`turma_id`) REFERENCES `turmas` (`id`) ON DELETE CASCADE,
  ADD CONSTRAINT `aluno_turma_user_id_foreign` FOREIGN KEY (`user_id`) REFERENCES `users` (`id`) ON DELETE CASCADE;

--
-- Constraints for table `aquisicaos`
--
ALTER TABLE `aquisicaos`
  ADD CONSTRAINT `aquisicaos_aluno_id_foreign` FOREIGN KEY (`aluno_id`) REFERENCES `alunos` (`id`) ON DELETE CASCADE,
  ADD CONSTRAINT `aquisicaos_user_id_foreign` FOREIGN KEY (`user_id`) REFERENCES `users` (`id`) ON DELETE CASCADE;

--
-- Constraints for table `areas`
--
ALTER TABLE `areas`
  ADD CONSTRAINT `areas_user_id_foreign` FOREIGN KEY (`user_id`) REFERENCES `users` (`id`) ON DELETE CASCADE;

--
-- Constraints for table `artigos`
--
ALTER TABLE `artigos`
  ADD CONSTRAINT `artigos_user_id_foreign` FOREIGN KEY (`user_id`) REFERENCES `users` (`id`) ON DELETE CASCADE;

--
-- Constraints for table `atividades`
--
ALTER TABLE `atividades`
  ADD CONSTRAINT `atividades_atividadegrupo_id_foreign` FOREIGN KEY (`atividadeGrupo_id`) REFERENCES `atividade_grupos` (`id`) ON DELETE CASCADE,
  ADD CONSTRAINT `atividades_epoca_id_foreign` FOREIGN KEY (`epoca_id`) REFERENCES `epocas` (`id`) ON DELETE CASCADE,
  ADD CONSTRAINT `atividades_user_id_foreign` FOREIGN KEY (`user_id`) REFERENCES `users` (`id`) ON DELETE CASCADE;

--
-- Constraints for table `atividade_grupos`
--
ALTER TABLE `atividade_grupos`
  ADD CONSTRAINT `atividade_grupos_user_id_foreign` FOREIGN KEY (`user_id`) REFERENCES `users` (`id`) ON DELETE CASCADE;

--
-- Constraints for table `aulas`
--
ALTER TABLE `aulas`
  ADD CONSTRAINT `aulas_disciplina_id_foreign` FOREIGN KEY (`disciplina_id`) REFERENCES `disciplinas` (`id`) ON DELETE CASCADE,
  ADD CONSTRAINT `aulas_professor_id_foreign` FOREIGN KEY (`professor_id`) REFERENCES `professors` (`id`) ON DELETE CASCADE,
  ADD CONSTRAINT `aulas_sala_id_foreign` FOREIGN KEY (`sala_id`) REFERENCES `salas` (`id`) ON DELETE CASCADE,
  ADD CONSTRAINT `aulas_tempo_id_foreign` FOREIGN KEY (`tempo_id`) REFERENCES `tempos` (`id`) ON DELETE CASCADE,
  ADD CONSTRAINT `aulas_turma_id_foreign` FOREIGN KEY (`turma_id`) REFERENCES `turmas` (`id`) ON DELETE CASCADE,
  ADD CONSTRAINT `aulas_user_id_foreign` FOREIGN KEY (`user_id`) REFERENCES `users` (`id`) ON DELETE CASCADE;

--
-- Constraints for table `avaliacaos`
--
ALTER TABLE `avaliacaos`
  ADD CONSTRAINT `avaliacaos_aluno_id_foreign` FOREIGN KEY (`aluno_id`) REFERENCES `alunos` (`id`) ON DELETE CASCADE,
  ADD CONSTRAINT `avaliacaos_disciplina_id_foreign` FOREIGN KEY (`disciplina_id`) REFERENCES `disciplinas` (`id`) ON DELETE CASCADE,
  ADD CONSTRAINT `avaliacaos_professor_id_foreign` FOREIGN KEY (`professor_id`) REFERENCES `professors` (`id`) ON DELETE CASCADE,
  ADD CONSTRAINT `avaliacaos_turma_id_foreign` FOREIGN KEY (`turma_id`) REFERENCES `turmas` (`id`) ON DELETE CASCADE,
  ADD CONSTRAINT `avaliacaos_user_id_foreign` FOREIGN KEY (`user_id`) REFERENCES `users` (`id`) ON DELETE CASCADE;

--
-- Constraints for table `classes`
--
ALTER TABLE `classes`
  ADD CONSTRAINT `classes_user_id_foreign` FOREIGN KEY (`user_id`) REFERENCES `users` (`id`) ON DELETE CASCADE;

--
-- Constraints for table `disciplinas`
--
ALTER TABLE `disciplinas`
  ADD CONSTRAINT `disciplinas_user_id_foreign` FOREIGN KEY (`user_id`) REFERENCES `users` (`id`) ON DELETE CASCADE;
COMMIT;

/*!40101 SET CHARACTER_SET_CLIENT=@OLD_CHARACTER_SET_CLIENT */;
/*!40101 SET CHARACTER_SET_RESULTS=@OLD_CHARACTER_SET_RESULTS */;
/*!40101 SET COLLATION_CONNECTION=@OLD_COLLATION_CONNECTION */;
