


INSERT INTO `users` (`id`, `name`, `email`, `password`, `remember_token`, `created_at`, `updated_at`, `autor`, `professor`, `director_turma`, `coordenador_curso`, `secretario_pedagogico`, `secretario_geral`, `pedagogico`, `director`, `master`, `aluno`, `funcionario`, `encarregado`, `contabilista`, `ceo`, `activo`, `admin`) VALUES
(1, 'Admin', 'admin@mail.com', '$2y$10$.KFyAYBXC8IwX1mJCM6BMO0oJjUKgrgs8mH5xO0FIW08O/IZNrjqu', NULL, '2019-05-14 15:56:25', '2019-05-14 15:56:25', 'N', 'N', 'N', 'N', 'N', 'N', 'N', 'N', 'N', 'N', 'N', 'N', 'N', 'N', 'S', 'S'),
(2, 'José Luís Cabeche', 'joseluis@mail.com', '$2y$10$N1R1ZZbgveM7gL.uYCrGzud7C7k10iYgkKkvf8P3qobhS0BafAqeW', NULL, '2019-05-11 10:44:18', '2019-05-11 10:44:18', 'N', 'S', 'N', 'N', 'N', 'N', 'N', 'N', 'N', 'N', 'N', 'N', 'N', 'N', 'S', 'N'),
(3, 'Eugenio Muanda', 'eugenio@mail.com', '$2y$10$UH1EGCuSlP3/AsKdhjZC8utFIfSav2kR28VZdCw9mwgjQwkONv6Ja', NULL, '2019-05-11 10:45:27', '2019-05-11 10:45:27', 'N', 'S', 'N', 'N', 'N', 'N', 'N', 'N', 'N', 'N', 'N', 'N', 'N', 'N', 'S', 'N'),
(4, 'Malúndama Romuald', 'malundama@mail.com', '$2y$10$TPmMN40UXhn32og8GVdyXO8aIr0X1LCILPH1TMnDnCfwE83qZFs76', NULL, '2019-05-11 10:46:44', '2019-05-11 10:46:44', 'N', 'S', 'N', 'N', 'N', 'N', 'N', 'N', 'N', 'N', 'N', 'N', 'N', 'N', 'S', 'N'),
(5, 'Miguel Maneta', 'miguel@mail.com', '$2y$10$f0x84iffB2bSz7LO/P2VnuFiJsT5fCjDTzAPMD39FMASs50fvTe9q', NULL, '2019-05-11 10:48:42', '2019-05-11 10:48:42', 'N', 'S', 'N', 'N', 'N', 'N', 'N', 'N', 'N', 'N', 'N', 'N', 'N', 'N', 'S', 'N'),
(6, 'António Tiburcio Cala', 'tiburcio@mail.com', '$2y$10$3L3/4I7sDMfeebP7cPWKv.1XPsmD9Sqh3KGOsoRb4iN6cxeAkM1xi', NULL, '2019-05-11 10:49:58', '2019-05-11 10:49:58', 'N', 'S', 'N', 'N', 'N', 'N', 'N', 'N', 'N', 'N', 'N', 'N', 'N', 'N', 'S', 'N'),
(7, 'Adalberto Bamanga', 'professor6@mail.com', '123456', NULL, '2019-05-11 11:47:50', '2019-05-11 11:47:50', 'N', 'S', 'N', 'N', 'N', 'N', 'N', 'N', 'N', 'N', 'N', 'N', 'N', 'N', 'S', 'N'),
(8, 'Adilson do Carmo', 'professor7@mail.com', '123456', NULL, '2019-05-11 11:47:50', '2019-05-11 11:47:50', 'N', 'S', 'N', 'N', 'N', 'N', 'N', 'N', 'N', 'N', 'N', 'N', 'N', 'N', 'S', 'N'),
(9, 'Agostinho Simba', 'professor8@mail.com', '123456', NULL, '2019-05-11 11:47:50', '2019-05-11 11:47:50', 'N', 'S', 'N', 'N', 'N', 'N', 'N', 'N', 'N', 'N', 'N', 'N', 'N', 'N', 'S', 'N'),
(10, 'Agostinho Simba', 'professor9@mail.com', '123456', NULL, '2019-05-11 11:47:50', '2019-05-11 11:47:50', 'N', 'S', 'N', 'N', 'N', 'N', 'N', 'N', 'N', 'N', 'N', 'N', 'N', 'N', 'S', 'N'),
(11, 'Albertina Lubota', 'professor10@mail.com', '123456', NULL, '2019-05-11 11:47:50', '2019-05-11 11:47:50', 'N', 'S', 'N', 'N', 'N', 'N', 'N', 'N', 'N', 'N', 'N', 'N', 'N', 'N', 'S', 'N'),
(12, 'Alberto Domingos', 'professor11@mail.com', '123456', NULL, '2019-05-11 11:47:50', '2019-05-11 11:47:50', 'N', 'S', 'N', 'N', 'N', 'N', 'N', 'N', 'N', 'N', 'N', 'N', 'N', 'N', 'S', 'N'),
(13, 'Alberto Mbizi', 'professor12@mail.com', '123456', NULL, '2019-05-11 11:47:50', '2019-05-11 11:47:50', 'N', 'S', 'N', 'N', 'N', 'N', 'N', 'N', 'N', 'N', 'N', 'N', 'N', 'N', 'S', 'N'),
(14, 'Andre Lussiemo Mavinga', 'professor13@mail.com', '123456', NULL, '2019-05-11 11:47:50', '2019-05-11 11:47:50', 'N', 'S', 'N', 'N', 'N', 'N', 'N', 'N', 'N', 'N', 'N', 'N', 'N', 'N', 'S', 'N'),
(15, 'Antonieta da Costa', 'professor14@mail.com', '123456', NULL, '2019-05-11 11:47:50', '2019-05-11 11:47:50', 'N', 'S', 'N', 'N', 'N', 'N', 'N', 'N', 'N', 'N', 'N', 'N', 'N', 'N', 'S', 'N'),
(16, 'Arnolde Noe K. Ngoma', 'professor15@mail.com', '123456', NULL, '2019-05-11 11:47:50', '2019-05-11 11:47:50', 'N', 'S', 'N', 'N', 'N', 'N', 'N', 'N', 'N', 'N', 'N', 'N', 'N', 'N', 'S', 'N'),
(17, 'Artur M. Sumbo', 'professor16@mail.com', '123456', NULL, '2019-05-11 11:47:50', '2019-05-11 11:47:50', 'N', 'S', 'N', 'N', 'N', 'N', 'N', 'N', 'N', 'N', 'N', 'N', 'N', 'N', 'S', 'N'),
(18, 'Avelino Feliciano Conde', 'professor17@mail.com', '123456', NULL, '2019-05-11 11:47:50', '2019-05-11 11:47:50', 'N', 'S', 'N', 'N', 'N', 'N', 'N', 'N', 'N', 'N', 'N', 'N', 'N', 'N', 'S', 'N'),
(19, 'Avelino Feliciano Conde', 'professor18@mail.com', '123456', NULL, '2019-05-11 11:47:50', '2019-05-11 11:47:50', 'N', 'S', 'N', 'N', 'N', 'N', 'N', 'N', 'N', 'N', 'N', 'N', 'N', 'N', 'S', 'N'),
(20, 'Bernadino Napoleão Paca', 'professor19@mail.com', '123456', NULL, '2019-05-11 11:47:50', '2019-05-11 11:47:50', 'N', 'S', 'N', 'N', 'N', 'N', 'N', 'N', 'N', 'N', 'N', 'N', 'N', 'N', 'S', 'N'),
(21, 'Bernardino Paca', 'professor20@mail.com', '123456', NULL, '2019-05-11 11:47:50', '2019-05-11 11:47:50', 'N', 'S', 'N', 'N', 'N', 'N', 'N', 'N', 'N', 'N', 'N', 'N', 'N', 'N', 'S', 'N'),
(22, 'Bernardo Bilongo', 'professor21@mail.com', '123456', NULL, '2019-05-11 11:47:50', '2019-05-11 11:47:50', 'N', 'S', 'N', 'N', 'N', 'N', 'N', 'N', 'N', 'N', 'N', 'N', 'N', 'N', 'S', 'N'),
(23, 'Carmem Bartolomeu', 'professor22@mail.com', '123456', NULL, '2019-05-11 11:47:50', '2019-05-11 11:47:50', 'N', 'S', 'N', 'N', 'N', 'N', 'N', 'N', 'N', 'N', 'N', 'N', 'N', 'N', 'S', 'N'),
(24, 'Claisir Sotomayor', 'professor23@mail.com', '123456', NULL, '2019-05-11 11:47:50', '2019-05-11 11:47:50', 'N', 'S', 'N', 'N', 'N', 'N', 'N', 'N', 'N', 'N', 'N', 'N', 'N', 'N', 'S', 'N'),
(25, 'Francisco Manuel', 'professor24@mail.com', '123456', NULL, '2019-05-11 11:47:50', '2019-05-11 11:47:50', 'N', 'S', 'N', 'N', 'N', 'N', 'N', 'N', 'N', 'N', 'N', 'N', 'N', 'N', 'S', 'N'),
(26, 'Isidoro Manuel', 'professor25@mail.com', '123456', NULL, '2019-05-11 11:47:50', '2019-05-11 11:47:50', 'N', 'S', 'N', 'N', 'N', 'N', 'N', 'N', 'N', 'N', 'N', 'N', 'N', 'N', 'S', 'N'),
(27, 'Jean Marie Kampota', 'professor26@mail.com', '123456', NULL, '2019-05-11 11:47:50', '2019-05-11 11:47:50', 'N', 'S', 'N', 'N', 'N', 'N', 'N', 'N', 'N', 'N', 'N', 'N', 'N', 'N', 'S', 'N'),
(28, 'Joanino Peso Bambi', 'professor27@mail.com', '123456', NULL, '2019-05-11 11:47:50', '2019-05-11 11:47:50', 'N', 'S', 'N', 'N', 'N', 'N', 'N', 'N', 'N', 'N', 'N', 'N', 'N', 'N', 'S', 'N'),
(29, 'João Alfredo', 'professor28@mail.com', '123456', NULL, '2019-05-11 11:47:50', '2019-05-11 11:47:50', 'N', 'S', 'N', 'N', 'N', 'N', 'N', 'N', 'N', 'N', 'N', 'N', 'N', 'N', 'S', 'N'),
(30, 'João Baptista', 'professor29@mail.com', '123456', NULL, '2019-05-11 11:47:50', '2019-05-11 11:47:50', 'N', 'S', 'N', 'N', 'N', 'N', 'N', 'N', 'N', 'N', 'N', 'N', 'N', 'N', 'S', 'N'),
(31, 'José Melo', 'professor30@mail.com', '123456', NULL, '2019-05-11 11:47:50', '2019-05-11 11:47:50', 'N', 'S', 'N', 'N', 'N', 'N', 'N', 'N', 'N', 'N', 'N', 'N', 'N', 'N', 'S', 'N'),
(32, 'Luís Tigre', 'professor31@mail.com', '$2y$10$iLEESngwyPgt84bk7aJ/Kuk9YYNzHg230HJh1CMfn2q6HIYubLoU6', 'FEisRdJHowQ0PMR9HQrNKByyvybi4q1tblU2JsMSZaKHUxD2Pgy90U3EyqJm', '2019-05-11 11:47:50', '2019-05-14 08:30:09', 'N', 'S', 'N', 'N', 'N', 'N', 'N', 'N', 'N', 'N', 'N', 'N', 'N', 'N', 'S', 'N'),
(33, 'Natália Fita Tigre', 'professor32@mail.com', '123456', NULL, '2019-05-11 11:47:50', '2019-05-11 11:47:50', 'N', 'S', 'N', 'N', 'N', 'N', 'N', 'N', 'N', 'N', 'N', 'N', 'N', 'N', 'S', 'N'),
(34, 'Osvaldo Dias', 'professor33@mail.com', '123456', NULL, '2019-05-11 11:47:50', '2019-05-11 11:47:50', 'N', 'S', 'N', 'N', 'N', 'N', 'N', 'N', 'N', 'N', 'N', 'N', 'N', 'N', 'S', 'N'),
(35, 'Paulo Francisco', 'professor34@mail.com', '123456', NULL, '2019-05-11 11:47:50', '2019-05-11 11:47:50', 'N', 'S', 'N', 'N', 'N', 'N', 'N', 'N', 'N', 'N', 'N', 'N', 'N', 'N', 'S', 'N'),
(36, 'Samuel Chimpolo', 'professor35@mail.com', '123456', NULL, '2019-05-11 11:47:50', '2019-05-11 11:47:50', 'N', 'S', 'N', 'N', 'N', 'N', 'N', 'N', 'N', 'N', 'N', 'N', 'N', 'N', 'S', 'N'),
(37, 'Sara Cristina da Silva Sumbo', 'professor36@mail.com', '123456', NULL, '2019-05-11 11:47:50', '2019-05-11 11:47:50', 'N', 'S', 'N', 'N', 'N', 'N', 'N', 'N', 'N', 'N', 'N', 'N', 'N', 'N', 'S', 'N'),
(38, 'Silvestre Sumbo', 'professor37@mail.com', '123456', NULL, '2019-05-11 11:47:50', '2019-05-11 11:47:50', 'N', 'S', 'N', 'N', 'N', 'N', 'N', 'N', 'N', 'N', 'N', 'N', 'N', 'N', 'S', 'N'),
(39, 'Simão Madalena', 'professor38@mail.com', '123456', NULL, '2019-05-11 11:47:50', '2019-05-11 11:47:50', 'N', 'S', 'N', 'N', 'N', 'N', 'N', 'N', 'N', 'N', 'N', 'N', 'N', 'N', 'S', 'N'),
(40, 'Rogério de Assunção Barros Tomás', 'rotomas@mail.com', '$2y$10$KUSoZGyHbQkSHevjthOCOOFSG63iqwQZn97syhpyaN/zZ38yjirv.', 'zwludbObXE9yzhEBx91ZEZn3vJvGazG5ku2w8vWVvqrC1UIfDe5WHBUJsPBg', '2019-05-13 05:45:37', '2019-05-13 05:45:37', 'N', 'N', 'N', 'N', 'N', 'N', 'N', 'N', 'N', 'N', 'N', 'N', 'N', 'N', 'S', 'N'),
(41, 'Joaquim da Silva Losso Binda', 'jobinda@mail.com', '$2y$10$4JOlXsjLm0Fx4nXO4mWlounqxnEOosHA2qwnIgj5x5TkVkkFeqkg2', 'oQUENQyAjq3KbNs5ZIoL7TVkmauAtRn1TcWiA9Q6zrbuo5Kw1bQZpt1KzbMp', '2019-05-13 05:47:53', '2019-05-13 05:47:53', 'N', 'N', 'N', 'N', 'N', 'N', 'N', 'N', 'N', 'N', 'N', 'N', 'N', 'N', 'S', 'N');



INSERT INTO `professors` (`id`, `nome`, `telefone`, `email`, `user_id`, `sexo`, `created_at`, `updated_at`, `deleted_at`) VALUES
(1, 'José Luís Cabeche', '939284655', 'joseluis@mail.com', 1, 'M', '2019-05-11 10:44:18', '2019-05-11 10:44:18', NULL),
(2, 'Eugenio Muanda', '922053595', 'eugenio@mail.com', 1, 'M', '2019-05-11 10:45:27', '2019-05-11 10:45:27', NULL),
(3, 'Malúndama Romuald', '923789526', 'malundama@mail.com', 1, 'M', '2019-05-11 10:46:44', '2019-05-11 10:46:44', NULL),
(4, 'Miguel Maneta', '937311126', 'miguel@mail.com', 1, 'M', '2019-05-11 10:48:42', '2019-05-11 10:48:42', NULL),
(5, 'António Tiburcio Cala', '932181807', 'tiburcio@mail.com', 1, 'M', '2019-05-11 10:49:58', '2019-05-11 10:49:58', NULL),
(6, 'Adalberto Bamanga', '913000000', 'professor6@mail.com', 1, 'M', '2019-05-11 11:47:50', '2019-05-11 11:47:50', NULL),
(7, 'Adilson do Carmo', '913000000', 'professor7@mail.com', 1, 'M', '2019-05-11 11:47:50', '2019-05-11 11:47:50', NULL),
(8, 'Agostinho Simba', '913000000', 'professor8@mail.com', 1, 'M', '2019-05-11 11:47:50', '2019-05-11 11:47:50', NULL),
(9, 'Agostinho Simba', '913000000', 'professor9@mail.com', 1, 'M', '2019-05-11 11:47:50', '2019-05-11 11:47:50', NULL),
(10, 'Albertina Lubota', '913000000', 'professor10@mail.com', 1, 'M', '2019-05-11 11:47:50', '2019-05-11 11:47:50', NULL),
(11, 'Alberto Domingos', '913000000', 'professor11@mail.com', 1, 'M', '2019-05-11 11:47:50', '2019-05-11 11:47:50', NULL),
(12, 'Alberto Mbizi', '913000000', 'professor12@mail.com', 1, 'M', '2019-05-11 11:47:50', '2019-05-11 11:47:50', NULL),
(13, 'Andre Lussiemo Mavinga', '913000000', 'professor13@mail.com', 1, 'M', '2019-05-11 11:47:50', '2019-05-11 11:47:50', NULL),
(14, 'Antonieta da Costa', '913000000', 'professor14@mail.com', 1, 'M', '2019-05-11 11:47:50', '2019-05-11 11:47:50', NULL),
(15, 'Arnolde Noe K. Ngoma', '913000000', 'professor15@mail.com', 1, 'M', '2019-05-11 11:47:50', '2019-05-11 11:47:50', NULL),
(16, 'Artur M. Sumbo', '913000000', 'professor16@mail.com', 1, 'M', '2019-05-11 11:47:50', '2019-05-11 11:47:50', NULL),
(17, 'Avelino Feliciano Conde', '913000000', 'professor17@mail.com', 1, 'M', '2019-05-11 11:47:50', '2019-05-11 11:47:50', NULL),
(18, 'Avelino Feliciano Conde', '913000000', 'professor18@mail.com', 1, 'M', '2019-05-11 11:47:50', '2019-05-11 11:47:50', NULL),
(19, 'Bernadino Napoleão Paca', '913000000', 'professor19@mail.com', 1, 'M', '2019-05-11 11:47:50', '2019-05-11 11:47:50', NULL),
(20, 'Bernardino Paca', '913000000', 'professor20@mail.com', 1, 'M', '2019-05-11 11:47:50', '2019-05-11 11:47:50', NULL),
(21, 'Bernardo Bilongo', '913000000', 'professor21@mail.com', 1, 'M', '2019-05-11 11:47:50', '2019-05-11 11:47:50', NULL),
(22, 'Carmem Bartolomeu', '913000000', 'professor22@mail.com', 1, 'M', '2019-05-11 11:47:50', '2019-05-11 11:47:50', NULL),
(23, 'Claisir Sotomayor', '913000000', 'professor23@mail.com', 1, 'M', '2019-05-11 11:47:50', '2019-05-11 11:47:50', NULL),
(24, 'Francisco Manuel', '913000000', 'professor24@mail.com', 1, 'M', '2019-05-11 11:47:50', '2019-05-11 11:47:50', NULL),
(25, 'Isidoro Manuel', '913000000', 'professor25@mail.com', 1, 'M', '2019-05-11 11:47:50', '2019-05-11 11:47:50', NULL),
(26, 'Jean Marie Kampota', '913000000', 'professor26@mail.com', 1, 'M', '2019-05-11 11:47:50', '2019-05-11 11:47:50', NULL),
(27, 'Joanino Peso Bambi', '913000000', 'professor27@mail.com', 1, 'M', '2019-05-11 11:47:50', '2019-05-11 11:47:50', NULL),
(28, 'João Alfredo', '913000000', 'professor28@mail.com', 1, 'M', '2019-05-11 11:47:50', '2019-05-11 11:47:50', NULL),
(29, 'João Baptista', '913000000', 'professor29@mail.com', 1, 'M', '2019-05-11 11:47:50', '2019-05-11 11:47:50', NULL),
(30, 'José Melo', '913000000', 'professor30@mail.com', 1, 'M', '2019-05-11 11:47:50', '2019-05-11 11:47:50', NULL),
(31, 'Luís Tigre', '846355920', 'professor31@mail.com', 1, 'M', '2019-05-11 11:47:50', '2019-05-11 11:51:41', NULL),
(32, 'Natália Fita Tigre', '913000000', 'professor32@mail.com', 1, 'M', '2019-05-11 11:47:50', '2019-05-11 11:47:50', NULL),
(33, 'Osvaldo Dias', '913000000', 'professor33@mail.com', 1, 'M', '2019-05-11 11:47:50', '2019-05-11 11:47:50', NULL),
(34, 'Paulo Francisco', '913000000', 'professor34@mail.com', 1, 'M', '2019-05-11 11:47:50', '2019-05-11 11:47:50', NULL),
(35, 'Samuel Chimpolo', '913000000', 'professor35@mail.com', 1, 'M', '2019-05-11 11:47:50', '2019-05-11 11:47:50', NULL),
(36, 'Sara Cristina da Silva Sumbo', '913000000', 'professor36@mail.com', 1, 'M', '2019-05-11 11:47:50', '2019-05-11 11:47:50', NULL),
(37, 'Silvestre Sumbo', '913000000', 'professor37@mail.com', 1, 'M', '2019-05-11 11:47:50', '2019-05-11 11:47:50', NULL),
(38, 'Simão Madalena', '913000000', 'professor38@mail.com', 1, 'M', '2019-05-11 11:47:50', '2019-05-11 11:47:50', NULL);

INSERT INTO `epocas` (`id`, `trimestre`, `ano_lectivo`, `start_time`, `end_time`, `planned_start_time`, `planned_end_time`, `activo`, `fechado`, `user_id`, `created_at`, `updated_at`) VALUES
(1, 'III', 2018, '2018-02-05', '2018-05-18', '2018-02-05', '2018-02-05', 'N', 'S', 1, NULL, '2019-05-11 11:54:19'),
(2, 'I', 2019, '2019-03-31', '2019-03-31', NULL, NULL, 'S', 'N', 1, '2019-04-02 14:42:19', '2019-05-11 12:23:50'),
(3, 'I', 2020, '2019-03-31', '2019-03-31', NULL, NULL, 'N', 'N', 1, '2019-04-07 19:25:02', '2019-05-01 02:42:10');


--
-- Dumping data for table `areas`
--

INSERT INTO `areas` (`id`, `nome`, `acronimo`, `user_id`, `created_at`, `updated_at`) VALUES
(1, 'Informática', 'INFO', 1, '2019-03-31 11:41:40', '2019-05-13 04:33:39'),
(2, 'Química', 'QUIM', 1, '2019-03-31 12:59:50', '2019-05-13 04:33:25'),
(3, 'Construção Civil', 'CV', 1, '2019-05-11 10:37:34', '2019-05-11 10:37:34'),
(4, 'Administração, Gestão e Serviços', 'AGS', 1, '2019-05-11 10:39:32', '2019-05-11 10:39:32'),
(5, 'Electricidade,Electrónica e Telecomunicação', 'EET', 1, '2019-05-11 10:40:46', '2019-05-11 10:40:46');

-- --------------------------------------------------------
INSERT INTO `disciplinas` (`id`, `nome`, `acronimo`, `user_id`, `categoria`, `created_at`, `updated_at`) VALUES
(1, 'Técnicas e Linguagens de Programação', 'TLP', 1, 'Técnica, Tecnológica e Prática', '2019-04-01 07:18:26', '2019-04-01 07:18:48'),
(2, 'Tecnologia de Informação e Comunicação', 'TIC', 1, 'Técnica, Tecnológica e Prática', '2019-04-01 07:20:59', '2019-04-01 07:20:59'),
(3, 'Sistemas de Exploração e Arquitetura de Computadores', 'SEAC', 1, 'Técnica, Tecnológica e Prática', '2019-04-01 07:21:34', '2019-05-11 10:12:27'),
(4, 'Técnicas de Reparação de Equipamentos Informáticos', 'TREI', 1, 'Técnica, Tecnológica e Prática', '2019-04-01 07:22:44', '2019-04-01 07:22:44'),
(5, 'Português', 'PORT', 1, 'Sociocultural', '2019-04-01 07:23:26', '2019-04-02 06:18:02'),
(6, 'Inglês', 'ING', 1, 'Sociocultural', '2019-04-01 07:23:58', '2019-04-01 07:23:58'),
(7, 'Formação de Atitudes Integradoras', 'FAI', 1, 'Sociocultural', '2019-04-01 07:25:29', '2019-04-01 07:25:29'),
(8, 'Emprendedorismo', 'EMP', 1, 'Técnica, Tecnológica e Prática', '2019-04-01 07:26:29', '2019-04-01 07:26:29'),
(9, 'Religião Moral', 'RM', 1, 'Sociocultural', '2019-04-01 07:27:10', '2019-04-01 07:27:10'),
(10, 'Matemática', 'MAT', 1, 'Científica', '2019-04-01 07:29:05', '2019-04-01 07:29:05'),
(11, 'Física', 'FISICA', 1, 'Científica', '2019-04-01 07:30:29', '2019-05-11 10:09:26'),
(12, 'Química', 'QUIM', 1, 'Científica', '2019-04-01 07:31:48', '2019-04-02 05:45:50'),
(13, 'Eletrotecnia', 'ELECTN', 1, 'Científica', '2019-04-01 07:33:40', '2019-05-11 10:08:55'),
(14, 'Desenho Técnico', 'DT', 1, 'Técnica, Tecnológica e Prática', '2019-04-01 07:35:27', '2019-04-01 07:35:27'),
(17, 'Educação Física', 'EDF', 1, 'Sociocultural', '2019-04-02 05:48:18', '2019-04-02 06:15:15'),
(18, 'Geometria Descritiva', 'GD', 1, 'Científica', '2019-05-13 04:55:29', '2019-05-13 04:55:29'),
(19, 'Desenho Projecto', 'DP', 1, 'Técnica, Tecnológica e Prática', '2019-05-13 04:57:59', '2019-05-13 04:57:59'),
(20, 'Técnicas de Construção Civil', 'TCC', 1, 'Técnica, Tecnológica e Prática', '2019-05-13 04:58:37', '2019-05-13 04:58:37'),
(21, 'Informática Aplicada à Construção Civil', 'IACC', 1, 'Técnica, Tecnológica e Prática', '2019-05-13 04:59:54', '2019-05-13 04:59:54'),
(22, 'Organização e Gestão Industrial', 'OGI', 1, 'Científica', '2019-05-23 07:36:43', '2019-05-23 07:36:43'),
(23, 'Projecto Tecnológico', 'PT', 1, 'Técnica, Tecnológica e Prática', '2019-05-23 07:38:03', '2019-05-23 07:38:03');


INSERT INTO `cursos` (`id`, `nome`, `acronimo`, `user_id`, `professor_id`, `area_id`, `nome_instituto_mae`, `director_instituto_mae`, `created_at`, `updated_at`) VALUES
(2, 'Técnico de Informática', 'TI', 1, 1, 1, 'Instituto Médio Politécnico de Cabinda', 'Maria da Graça S. M. Morais', '2019-05-11 10:52:52', '2019-05-11 10:55:36'),
(3, 'Petroquímica', 'PQ', 1, 2, 2, 'Instituto Médio Politécnico de Chiazi', 'Samuel Mavungo', '2019-05-11 10:54:58', '2019-05-11 10:54:58'),
(4, 'Técnico de Finanças', 'TF', 1, 5, 4, 'A', 'José Cumbu', '2019-05-11 10:58:07', '2019-05-13 04:56:30'),
(5, 'Técnico de Electrónica e Telecomunicações', 'TET', 1, 3, 5, 'Instituto Politécnico de Cabinda', 'Maria da Graça S. M. Morais', '2019-05-11 11:00:01', '2019-05-13 04:43:26'),
(6, 'Desenhador Progetista', 'DP', 1, 4, 3, 'Instituto Politécnico de Cabinda', 'Maria da Graça S. M. Morais', '2019-05-11 11:03:27', '2019-05-11 11:03:27'),
(7, 'Técnico de Energia e Instalações Eléctricas', 'TEIE', 1, 3, 5, 'Instituto Politécnico de Cabinda', 'Maria da Graça S. M. Morais', '2019-05-11 11:05:12', '2019-05-11 11:05:12');

-- --------------------------------------------------------

INSERT INTO `classes` (`id`, `nome`, `user_id`, `por_extenso`, `created_at`, `updated_at`) VALUES
(1, '10ª', 1, 'Décima', '2018-10-02 05:07:40', '2019-04-02 07:46:59'),
(2, '11ª', 1, 'Décima Primeira', '2018-10-02 05:07:48', '2019-04-02 07:46:47'),
(3, '12ª', 1, 'Décima Segunda', '2018-10-02 05:08:02', '2019-04-02 07:46:19'),
(4, '13ª', 1, 'Décima Terceira', '2019-04-02 07:47:23', '2019-04-02 07:47:23');


INSERT INTO `salas` (`id`, `nome`, `laboratorio`, `descricao`, `user_id`, `created_at`, `updated_at`) VALUES
(3, 'Sala nº 03', 'S', 'Laboratório de DP, no bloco A-piso 1', 1, '2019-05-13 04:58:15', '2019-05-13 05:40:41'),
(4, 'Sala nº 04', 'N', 'Sala de Aula', 1, '2019-05-13 05:01:11', '2019-05-13 05:01:11'),
(5, 'Sala nº 05', 'N', 'Sala de Aula', 1, '2019-05-13 05:01:58', '2019-05-13 05:01:58'),
(6, 'Sala nº 06', 'N', 'Sala de Aula', 1, '2019-05-13 05:02:25', '2019-05-13 05:02:25'),
(7, 'Sala nº 07', 'S', 'Laboratório 01, no bloco B-piso 0', 1, '2019-05-13 05:02:50', '2019-05-13 05:42:03'),
(8, 'Sala nº 08', 'S', 'Laboratório 02, no bloco B-piso 0', 1, '2019-05-13 05:03:46', '2019-05-13 05:41:53'),
(9, 'Sala nº 09', 'N', 'Sala de Aula', 1, '2019-05-13 05:04:02', '2019-05-13 05:04:02'),
(10, 'Sala nº 10', 'N', 'Sala de Aula', 1, '2019-05-13 05:04:17', '2019-05-13 05:04:17'),
(11, 'Sala nº 11', 'N', 'Sala de Aula', 1, '2019-05-13 05:04:30', '2019-05-13 05:04:30'),
(12, 'Sala nº 12', 'N', 'Sala de Aula', 1, '2019-05-13 05:04:58', '2019-05-13 05:04:58'),
(13, 'Sala nº 13', 'S', 'Laboratório de TREI, no bloco B-piso 1', 1, '2019-05-13 05:05:25', '2019-05-13 05:35:26'),
(14, 'Sala nº 14', 'N', 'Sala de Aula', 1, '2019-05-13 05:05:41', '2019-05-13 05:05:41'),
(15, 'Sala nº 15', 'N', 'Sala de Aula', 1, '2019-05-13 05:05:57', '2019-05-13 05:05:57'),
(16, 'Sala nº 16', 'S', 'Laboratório de EIE, no bloco B-piso 2', 1, '2019-05-13 05:06:12', '2019-05-13 05:36:39'),
(17, 'Sala nº 17', 'S', 'Laboratório de PQ, no bloco B-piso 2', 1, '2019-05-13 05:06:24', '2019-05-13 05:37:22'),
(18, 'Sala nº 02', 'N', 'Sala de Aula', 1, '2019-05-13 05:07:24', '2019-05-13 05:07:24'),
(19, 'Sala nº 01', 'N', 'Sala de Aula', 1, '2019-05-13 05:08:10', '2019-05-13 05:08:10'),
(20, 'Sala nº 18', 'N', 'Sala de Aula', 1, '2019-05-13 05:08:32', '2019-05-13 05:08:32'),
(21, 'Sala nº 19', 'N', 'Sala de Aula', 1, '2019-05-13 05:08:45', '2019-05-13 05:08:45'),
(22, 'Sala nº 20', 'N', 'Sala de Aula', 1, '2019-05-13 05:09:00', '2019-05-13 05:09:00'),
(23, 'Sala nº 21', 'N', 'Sala de Aula', 1, '2019-05-13 05:09:10', '2019-05-13 05:09:10'),
(24, 'Sala nº 22', 'S', 'Laboratório de ET, no bloco B-piso 3', 1, '2019-05-13 05:09:22', '2019-05-13 05:39:50'),
(25, 'Sala nº 23', 'N', 'Sala de Aula', 1, '2019-05-13 05:09:34', '2019-05-13 05:09:34'),
(26, 'Sala nº 24', 'N', 'Sala de Aula', 1, '2019-05-13 05:09:44', '2019-05-13 05:09:44');


INSERT INTO `modulos` (`id`, `nome`, `curso_id`, `classe_id`, `user_id`, `ano`, `created_at`, `updated_at`) VALUES
(11, 'TI 10ª', 2, 1, 1, '2019', '2019-05-11 10:55:05', '2019-05-11 10:55:05'),
(12, 'PQ 10ª', 3, 1, 1, '2019', '2019-05-11 10:55:14', '2019-05-11 10:55:14'),
(13, 'TF 10ª', 4, 1, 1, '2019', '2019-05-11 10:55:20', '2019-05-11 10:55:20'),
(14, 'TET 10ª', 5, 1, 1, '2019', '2019-05-11 10:55:33', '2019-05-11 10:55:33'),
(16, 'DP 10ª', 6, 1, 1, '2019', '2019-05-11 10:55:53', '2019-05-11 10:55:53'),
(17, 'TEIE 10ª', 7, 1, 1, '2019', '2019-05-11 10:55:58', '2019-05-11 10:55:58'),
(18, 'TI 11ª', 2, 2, 1, '2019', '2019-05-23 07:18:34', '2019-05-23 07:18:34'),
(19, 'TI 12ª', 2, 3, 1, '2019', '2019-05-23 07:28:23', '2019-05-23 07:28:23'),
(20, 'TI 13ª', 2, 4, 1, '2019', '2019-05-23 07:46:02', '2019-05-23 07:46:03');

--
-- Dumping data for table `disciplina_modulo`
--

INSERT INTO `disciplina_modulo` (`modulo_id`, `disciplina_id`, `user_id`, `carga`, `terminal`, `do_curso`, `curricular`) VALUES
(11, 17, 1, 2, 'N', 'N', 'S'),
(11, 13, 1, 2, 'N', 'N', 'S'),
(11, 8, 1, 2, 'N', 'N', 'S'),
(11, 11, 1, 2, 'N', 'N', 'S'),
(11, 7, 1, 2, 'N', 'N', 'S'),
(11, 6, 1, 2, 'N', 'N', 'S'),
(11, 10, 1, 2, 'N', 'N', 'S'),
(11, 5, 1, 2, 'N', 'N', 'S'),
(11, 12, 1, 2, 'N', 'N', 'S'),
(11, 9, 1, 2, 'N', 'N', 'S'),
(11, 3, 1, 2, 'N', 'N', 'S'),
(11, 4, 1, 2, 'N', 'N', 'S'),
(11, 1, 1, 2, 'N', 'N', 'S'),
(11, 2, 1, 2, 'S', 'N', 'S'),
(18, 14, 1, 2, 'N', 'N', 'S'),
(18, 17, 1, 2, 'S', 'N', 'S'),
(18, 13, 1, 2, 'S', 'N', 'S'),
(18, 8, 1, 2, 'N', 'N', 'S'),
(18, 11, 1, 2, 'N', 'N', 'S'),
(18, 7, 1, 2, 'S', 'N', 'S'),
(18, 6, 1, 2, 'S', 'N', 'S'),
(18, 10, 1, 2, 'N', 'N', 'S'),
(18, 5, 1, 2, 'N', 'N', 'S'),
(18, 12, 1, 2, 'S', 'N', 'S'),
(18, 9, 1, 2, 'N', 'N', 'S'),
(18, 3, 1, 2, 'S', 'N', 'S'),
(18, 4, 1, 2, 'N', 'N', 'S'),
(18, 1, 1, 2, 'N', 'N', 'S'),
(19, 8, 1, 2, 'S', 'N', 'S'),
(19, 11, 1, 2, 'S', 'N', 'S'),
(19, 10, 1, 2, 'S', 'N', 'S'),
(19, 22, 1, 2, 'S', 'N', 'S'),
(19, 23, 1, 2, 'N', 'N', 'S'),
(19, 3, 1, 2, 'S', 'N', 'S'),
(19, 4, 1, 2, 'S', 'N', 'S'),
(19, 1, 1, 2, 'S', 'N', 'S'),
(20, 23, 1, 2, 'S', 'N', 'S');


-- Dumping data for table `alunos`
--

INSERT INTO `alunos` (`id`, `nome`, `data_de_nascimento`, `idmatricula`, `repetente`, `telefone`, `encarregado_tel`, `email`, `user_id`, `photo`, `idade`, `modulo_id`, `sexo`, `status`, `pai`, `mae`, `doctipo`, `doc_numero`, `doc_local_emissao`, `doc_data_emissao`, `doc_data_validade`, `naturalidade`, `provincia`, `pais`, `morada`, `escola_origem`, `created_at`, `updated_at`) VALUES
(51, 'Adilson André Ludi Muhunga', '2001-01-01', 'IPPPB 1548', 'N', '920000000', '920000000', NULL, 1, NULL, NULL, 11, 'M', 'Transferido', '', '', '', '', '', '', '', '', '', '', '', '', '2019-05-11 11:57:42', '2019-05-11 12:38:20'),
(52, 'Alberto José Espanhol', '2003-01-01', 'IPPPB 1577', 'N', '920000000', '920000000', NULL, 1, NULL, NULL, 11, 'M', 'Activo', '', '', '', '', '', '', '', '', '', '', '', '', '2019-05-11 11:57:42', '2019-05-11 11:57:42'),
(53, 'Altino Brás Manuel Tati', '2000-01-01', 'IPPPB 1627', 'N', '920000000', '920000000', NULL, 1, NULL, NULL, 11, 'M', 'Activo', '', '', '', '', '', '', '', '', '', '', '', '', '2019-05-11 11:57:42', '2019-05-11 11:57:42'),
(54, 'André Simba José', '1996-01-01', 'IPPPB 1378', 'N', '920000000', '920000000', NULL, 1, NULL, NULL, 11, 'M', 'Activo', '', '', '', '', '', '', '', '', '', '', '', '', '2019-05-11 11:57:42', '2019-05-11 11:57:42'),
(55, 'Armando Domingos Tati Tembo', '2003-01-01', 'IPPPB 1608', 'N', '920000000', '920000000', NULL, 1, NULL, NULL, 11, 'M', 'Activo', '', '', '', '', '', '', '', '', '', '', '', '', '2019-05-11 11:57:42', '2019-05-11 11:57:42'),
(56, 'Casimiro  Plácido Lelo', '2003-01-01', 'IPPPB 1597', 'N', '920000000', '920000000', NULL, 1, NULL, NULL, 11, 'M', 'Activo', '', '', '', '', '', '', '', '', '', '', '', '', '2019-05-11 11:57:42', '2019-05-11 11:57:42'),
(57, 'Claúdia Maily Gomes Prendin', '2004-01-01', 'IPPPB 1549', 'N', '920000000', '920000000', NULL, 1, NULL, NULL, 11, 'F', 'Activo', '', '', '', '', '', '', '', '', '', '', '', '', '2019-05-11 11:57:42', '2019-05-11 11:57:42'),
(58, 'Cleyton Odair Lumingo Munto', '2003-01-01', 'IPPPB 1536', 'N', '920000000', '920000000', NULL, 1, NULL, NULL, 11, 'M', 'Activo', '', '', '', '', '', '', '', '', '', '', '', '', '2019-05-11 11:57:42', '2019-05-11 11:57:42'),
(59, 'Clinton Campos Do Carmo', '2004-01-01', 'IPPPB 1692', 'N', '920000000', '920000000', NULL, 1, NULL, NULL, 11, 'M', 'Activo', '', '', '', '', '', '', '', '', '', '', '', '', '2019-05-11 11:57:42', '2019-05-11 11:57:42'),
(60, 'Cunha José Bumba Cuaha', '2001-01-01', 'IPPPB 1622', 'N', '920000000', '920000000', NULL, 1, NULL, NULL, 11, 'M', 'Activo', '', '', '', '', '', '', '', '', '', '', '', '', '2019-05-11 11:57:42', '2019-05-11 11:57:42'),
(61, 'Domingos Lando Capita', '2001-01-01', 'IPPPB 0430', 'N', '920000000', '920000000', NULL, 1, NULL, NULL, 11, 'M', 'Activo', '', '', '', '', '', '', '', '', '', '', '', '', '2019-05-11 11:57:42', '2019-05-11 11:57:42'),
(62, 'Dorivaldo paulo Simas Kibinda', '2001-01-01', 'IPPPB 1091', 'N', '920000000', '920000000', NULL, 1, NULL, NULL, 11, 'M', 'Activo', '', '', '', '', '', '', '', '', '', '', '', '', '2019-05-11 11:57:42', '2019-05-11 11:57:42'),
(63, 'Edson Araújo Mambo Tati', '2003-01-01', 'IPPPB 1526', 'N', '920000000', '920000000', NULL, 1, NULL, NULL, 11, 'M', 'Activo', '', '', '', '', '', '', '', '', '', '', '', '', '2019-05-11 11:57:42', '2019-05-11 11:57:42'),
(64, 'Elias Pongo Baza', '2002-01-01', 'IPPPB 1684', 'N', '920000000', '920000000', NULL, 1, NULL, NULL, 11, 'M', 'Activo', '', '', '', '', '', '', '', '', '', '', '', '', '2019-05-11 11:57:42', '2019-05-11 11:57:42'),
(65, 'Fernando  Nconde', '2000-01-01', 'IPPPB 1157', 'N', '920000000', '920000000', NULL, 1, NULL, NULL, 11, 'M', 'Activo', '', '', '', '', '', '', '', '', '', '', '', '', '2019-05-11 11:57:42', '2019-05-11 11:57:42'),
(66, 'Floriano Wilson Bario Tomás', '1995-01-01', 'IPPPB 1242', 'N', '920000000', '920000000', NULL, 1, NULL, NULL, 11, 'M', 'Activo', '', '', '', '', '', '', '', '', '', '', '', '', '2019-05-11 11:57:42', '2019-05-11 11:57:42'),
(67, 'Geovano Bruno Armindo', '1998-01-01', 'IPPPB 1572', 'N', '920000000', '920000000', NULL, 1, NULL, NULL, 11, 'M', 'Activo', '', '', '', '', '', '', '', '', '', '', '', '', '2019-05-11 11:57:42', '2019-05-11 11:57:42'),
(68, 'Gerson David Mambo', '2003-01-01', 'IPPPB 1727', 'N', '920000000', '920000000', NULL, 1, NULL, NULL, 11, 'M', 'Activo', '', '', '', '', '', '', '', '', '', '', '', '', '2019-05-11 11:57:42', '2019-05-11 11:57:42'),
(69, 'Gertrudes Fernando Conde Fiti', '2002-01-01', 'IPPPB 1651', 'N', '920000000', '920000000', NULL, 1, NULL, NULL, 11, 'F', 'Activo', '', '', '', '', '', '', '', '', '', '', '', '', '2019-05-11 11:57:42', '2019-05-11 11:57:42'),
(70, 'Januário Meno da Esperança Bizi', '1999-01-01', 'IPPPB 1052', 'N', '920000000', '920000000', NULL, 1, NULL, NULL, 11, 'M', 'Activo', '', '', '', '', '', '', '', '', '', '', '', '', '2019-05-11 11:57:42', '2019-05-11 11:57:42'),
(71, 'Januário Valentim Kuangui', '2000-01-01', 'IPPPB 1741', 'N', '920000000', '920000000', NULL, 1, NULL, NULL, 11, 'M', 'Activo', '', '', '', '', '', '', '', '', '', '', '', '', '2019-05-11 11:57:42', '2019-05-11 11:57:42'),
(72, 'João Barros Fernandes Ndjimbi', '2004-01-01', 'IPPPB 1480', 'N', '920000000', '920000000', NULL, 1, NULL, NULL, 11, 'M', 'Activo', '', '', '', '', '', '', '', '', '', '', '', '', '2019-05-11 11:57:42', '2019-05-11 11:57:42'),
(73, 'João Lenda Futi Baki', '2002-01-01', 'IPPPB 1701', 'N', '920000000', '920000000', NULL, 1, NULL, NULL, 11, 'M', 'Activo', '', '', '', '', '', '', '', '', '', '', '', '', '2019-05-11 11:57:42', '2019-05-11 11:57:42'),
(74, 'João Mambo Propivia Do Silva', '2003-01-01', 'IPPPB 1625', 'N', '920000000', '920000000', NULL, 1, NULL, NULL, 11, 'M', 'Activo', '', '', '', '', '', '', '', '', '', '', '', '', '2019-05-11 11:57:42', '2019-05-11 11:57:42'),
(75, 'João Manase Lutango', '2000-01-01', 'IPPPB 1177', 'N', '920000000', '920000000', NULL, 1, NULL, NULL, 11, 'M', 'Activo', '', '', '', '', '', '', '', '', '', '', '', '', '2019-05-11 11:57:42', '2019-05-11 11:57:42'),
(76, 'João Pedro Gonçalves Bau', '2004-01-01', 'IPPPB 1487', 'N', '920000000', '920000000', NULL, 1, NULL, NULL, 11, 'M', 'Activo', '', '', '', '', '', '', '', '', '', '', '', '', '2019-05-11 11:57:42', '2019-05-11 11:57:42'),
(77, 'José Tiago Sita Barros', '2002-01-01', 'IPPPB 1404', 'N', '920000000', '920000000', NULL, 1, NULL, NULL, 11, 'M', 'Activo', '', '', '', '', '', '', '', '', '', '', '', '', '2019-05-11 11:57:42', '2019-05-11 11:57:42'),
(78, 'Liliana Anastásia Zinga Juliana', '2004-01-01', 'IPPPB 1587', 'N', '920000000', '920000000', NULL, 1, NULL, NULL, 11, 'F', 'Activo', '', '', '', '', '', '', '', '', '', '', '', '', '2019-05-11 11:57:42', '2019-05-11 11:57:42'),
(79, 'Lourenço Massanga', '2003-01-01', 'IPPPB 1761', 'N', '920000000', '920000000', NULL, 1, NULL, NULL, 11, 'M', 'Activo', '', '', '', '', '', '', '', '', '', '', '', '', '2019-05-11 11:57:42', '2019-05-11 11:57:42'),
(80, 'Márcio Camacho Fernandes Puati', '2003-01-01', 'IPPPB 1391', 'N', '920000000', '920000000', NULL, 1, NULL, NULL, 11, 'M', 'Activo', '', '', '', '', '', '', '', '', '', '', '', '', '2019-05-11 11:57:42', '2019-05-11 11:57:42'),
(81, 'Maria da Conceição Tati Casimiro', '2000-01-01', 'IPPPB 1710', 'N', '920000000', '920000000', NULL, 1, NULL, NULL, 11, 'F', 'Activo', '', '', '', '', '', '', '', '', '', '', '', '', '2019-05-11 11:57:42', '2019-05-11 11:57:42'),
(82, 'Maria Pascoalina Banda Tati', '2003-01-01', 'IPPPB 1724', 'N', '920000000', '920000000', NULL, 1, NULL, NULL, 11, 'F', 'Activo', '', '', '', '', '', '', '', '', '', '', '', '', '2019-05-11 11:57:42', '2019-05-11 11:57:42'),
(83, 'Marta Alexandrina Púcuta', '2002-01-01', 'IPPPB 1496', 'N', '920000000', '920000000', NULL, 1, NULL, NULL, 11, 'F', 'Activo', '', '', '', '', '', '', '', '', '', '', '', '', '2019-05-11 11:57:42', '2019-05-11 11:57:42'),
(84, 'Mateus Capita Zau Miguel', '2003-01-01', 'IPPPB 1583', 'N', '920000000', '920000000', NULL, 1, NULL, NULL, 11, 'M', 'Activo', '', '', '', '', '', '', '', '', '', '', '', '', '2019-05-11 11:57:42', '2019-05-11 11:57:42'),
(85, 'Mateus Tati Buletchi', '2002-01-01', 'IPPPB 1527', 'N', '920000000', '920000000', NULL, 1, NULL, NULL, 11, 'M', 'Activo', '', '', '', '', '', '', '', '', '', '', '', '', '2019-05-11 11:57:42', '2019-05-11 11:57:42'),
(86, 'Mayde Madalena Da Paixão Madeca', '2003-01-01', 'IPPPB 1643', 'N', '920000000', '920000000', NULL, 1, NULL, NULL, 11, 'F', 'Activo', '', '', '', '', '', '', '', '', '', '', '', '', '2019-05-11 11:57:42', '2019-05-11 11:57:42'),
(87, 'Nilton Simão Josefa', '2003-01-01', 'IPPPB 1575', 'N', '920000000', '920000000', NULL, 1, NULL, NULL, 11, 'M', 'Activo', '', '', '', '', '', '', '', '', '', '', '', '', '2019-05-11 11:57:42', '2019-05-11 11:57:42'),
(88, 'Nivaldo Marques Da Paixão Varela', '2002-01-01', 'IPPPB 1663', 'N', '920000000', '920000000', NULL, 1, NULL, NULL, 11, 'M', 'Activo', '', '', '', '', '', '', '', '', '', '', '', '', '2019-05-11 11:57:42', '2019-05-11 11:57:42'),
(89, 'Paulino Mulamba Ventura Vieira', '2001-01-01', 'IPPPB 1650', 'N', '920000000', '920000000', NULL, 1, NULL, NULL, 11, 'M', 'Activo', '', '', '', '', '', '', '', '', '', '', '', '', '2019-05-11 11:57:42', '2019-05-11 11:57:42'),
(90, 'Pedro Dos Santos Manuel', '2004-01-01', 'IPPPB 1511', 'N', '920000000', '920000000', NULL, 1, NULL, NULL, 11, 'M', 'Activo', '', '', '', '', '', '', '', '', '', '', '', '', '2019-05-11 11:57:42', '2019-05-11 11:57:42'),
(91, 'Pedro Gomes Simbo', '2003-01-01', 'IPPPB 1766', 'N', '920000000', '920000000', NULL, 1, NULL, NULL, 11, 'M', 'Activo', '', '', '', '', '', '', '', '', '', '', '', '', '2019-05-11 11:57:42', '2019-05-11 11:57:42'),
(92, 'Pedro Luemba Isabel Nhombo', '2002-01-01', 'IPPPB 1747', 'N', '920000000', '920000000', NULL, 1, NULL, NULL, 11, 'M', 'Activo', '', '', '', '', '', '', '', '', '', '', '', '', '2019-05-11 11:57:42', '2019-05-11 11:57:42'),
(93, 'Pedro Pires Tsiangana Songo Zau', '2003-01-01', 'IPPPB 1645', 'N', '920000000', '920000000', NULL, 1, NULL, NULL, 11, 'M', 'Activo', '', '', '', '', '', '', '', '', '', '', '', '', '2019-05-11 11:57:42', '2019-05-11 11:57:42'),
(94, 'Rafael Djowan Chindendidi', '2004-01-01', 'IPPPB 1518', 'N', '920000000', '920000000', NULL, 1, NULL, NULL, 11, 'M', 'Activo', '', '', '', '', '', '', '', '', '', '', '', '', '2019-05-11 11:57:42', '2019-05-11 11:57:42'),
(95, 'Rosa Malonda Nzau', '2002-01-01', 'IPPPB 1653', 'N', '920000000', '920000000', NULL, 1, NULL, NULL, 11, 'F', 'Activo', '', '', '', '', '', '', '', '', '', '', '', '', '2019-05-11 11:57:42', '2019-05-11 11:57:42'),
(96, 'Rosária Simba Luemba', '2000-01-01', 'IPPPB 1771', 'N', '920000000', '920000000', NULL, 1, NULL, NULL, 11, 'F', 'Activo', '', '', '', '', '', '', '', '', '', '', '', '', '2019-05-11 11:57:42', '2019-05-11 11:57:42'),
(97, 'Salvador António Zau Lóló', '2003-01-01', 'IPPPB 1719', 'N', '920000000', '920000000', NULL, 1, NULL, NULL, 11, 'M', 'Activo', '', '', '', '', '', '', '', '', '', '', '', '', '2019-05-11 11:57:42', '2019-05-11 11:57:42'),
(98, 'Simão Pedro Victor', '1998-01-01', 'IPPPB 1416', 'N', '920000000', '920000000', NULL, 1, NULL, NULL, 11, 'M', 'Activo', '', '', '', '', '', '', '', '', '', '', '', '', '2019-05-11 11:57:42', '2019-05-11 11:57:42'),
(99, 'Teófilo Paulo Maqueca Nhema', '2002-01-01', 'IPPPB 1790', 'N', '920000000', '920000000', NULL, 1, NULL, NULL, 11, 'M', 'Activo', '', '', '', '', '', '', '', '', '', '', '', '', '2019-05-11 11:57:42', '2019-05-11 11:57:42'),
(100, 'Tomás Suami Nhimi', '1996-01-01', 'IPPPB 1394', 'N', '920000000', '920000000', NULL, 1, NULL, NULL, 11, 'M', 'Activo', '', '', '', '', '', '', '', '', '', '', '', '', '2019-05-11 11:57:42', '2019-05-11 11:57:42'),
(101, 'Analtino Filipe Dos  Santos Raposo', '2002-01-01', 'IPPPB 1143', 'N', '920000000', '920000000', NULL, 1, NULL, NULL, 16, 'F', 'Activo', 'Alberto Filipe Dos  Santos Raposo', 'Maria Dos  Santos Raposo', '', '', '', '2019-05-13', '2019-05-22', '', '', '', '', '', '2019-05-11 12:32:48', '2019-05-11 12:35:55'),
(102, 'André Nhumba Zati', '2004-01-01', 'IPPPB 1557', 'N', '920000000', '920000000', NULL, 1, NULL, NULL, 16, 'M', 'Activo', '', '', '', '', '', '', '', '', '', '', '', '', '2019-05-11 12:32:48', '2019-05-11 12:32:48'),
(103, 'Babilson Francisco Puabo Franque', '2003-01-01', 'IPPPB1753', 'N', '920000000', '920000000', NULL, 1, NULL, NULL, 16, 'M', 'Activo', '', '', '', '', '', '', '', '', '', '', '', '', '2019-05-11 12:32:48', '2019-05-11 12:32:48'),
(104, 'Benvindo Maria Tébuca', '2002-01-01', 'IPPPB 1707', 'N', '920000000', '920000000', NULL, 1, NULL, NULL, 16, 'M', 'Activo', '', '', '', '', '', '', '', '', '', '', '', '', '2019-05-11 12:32:48', '2019-05-11 12:32:48'),
(105, 'Carla Suzana Teixeira Manuel', '2003-01-01', ' IPPPB 1758', 'N', '920000000', '920000000', NULL, 1, NULL, NULL, 16, 'F', 'Activo', '', '', '', '', '', '', '', '', '', '', '', '', '2019-05-11 12:32:48', '2019-05-11 12:32:48'),
(106, 'Carlos Manuel João', '2004-01-01', 'IPPPB 1539', 'N', '920000000', '920000000', NULL, 1, NULL, NULL, 16, 'M', 'Activo', '', '', '', '', '', '', '', '', '', '', '', '', '2019-05-11 12:32:48', '2019-05-11 12:32:48'),
(107, 'Cecília Suami Paulo Sumbo', '2003-01-01', ' IPPPB 1613', 'N', '920000000', '920000000', NULL, 1, NULL, NULL, 16, 'F', 'Activo', '', '', '', '', '', '', '', '', '', '', '', '', '2019-05-11 12:32:48', '2019-05-11 12:32:48'),
(108, 'Daniel Futi Henrique Nsanda', '2000-01-01', 'IPPPB 1788', 'N', '920000000', '920000000', NULL, 1, NULL, NULL, 16, 'M', 'Activo', '', '', '', '', '', '', '', '', '', '', '', '', '2019-05-11 12:32:48', '2019-05-11 12:32:48'),
(109, 'Dércio Zeferino Tati Buiti', '2004-01-01', ' IPPPB 1540', 'N', '920000000', '920000000', NULL, 1, NULL, NULL, 16, 'M', 'Activo', '', '', '', '', '', '', '', '', '', '', '', '', '2019-05-11 12:32:49', '2019-05-11 12:32:49'),
(110, 'Edna Ester Sassa Farinha', '2004-01-01', 'IPPPB 1690', 'N', '920000000', '920000000', NULL, 1, NULL, NULL, 16, 'F', 'Activo', '', '', '', '', '', '', '', '', '', '', '', '', '2019-05-11 12:32:49', '2019-05-11 12:32:49'),
(111, 'Elias Amadeu Da Silva Mambuto', '2003-01-01', 'IPPPB 1640', 'N', '920000000', '920000000', NULL, 1, NULL, NULL, 16, 'M', 'Activo', '', '', '', '', '', '', '', '', '', '', '', '', '2019-05-11 12:32:49', '2019-05-11 12:32:49'),
(112, 'Eliazar Capita Mendes dos Anjos', '2003-01-01', 'IPPPB 1702', 'N', '920000000', '920000000', NULL, 1, NULL, NULL, 16, 'M', 'Activo', '', '', '', '', '', '', '', '', '', '', '', '', '2019-05-11 12:32:49', '2019-05-11 12:32:49'),
(113, 'Emanuel Bambi Bráz', '2002-01-01', 'IPPPB 1677', 'N', '920000000', '920000000', NULL, 1, NULL, NULL, 16, 'M', 'Activo', '', '', '', '', '', '', '', '', '', '', '', '', '2019-05-11 12:32:49', '2019-05-11 12:32:49'),
(114, 'Evodia Zola Lelo Ditomanga', '2004-01-01', 'IPPPB 1486', 'N', '920000000', '920000000', NULL, 1, NULL, NULL, 16, 'F', 'Activo', '', '', '', '', '', '', '', '', '', '', '', '', '2019-05-11 12:32:49', '2019-05-11 12:32:49'),
(115, 'Ezequiel António Fonseca Issambo', '2001-01-01', 'IPPPB 1767', 'N', '920000000', '920000000', NULL, 1, NULL, NULL, 16, 'M', 'Activo', '', '', '', '', '', '', '', '', '', '', '', '', '2019-05-11 12:32:49', '2019-05-11 12:32:49'),
(116, 'Fábio Manuel Borges Chiendo', '2004-01-01', 'IPPPB 1678', 'N', '920000000', '920000000', NULL, 1, NULL, NULL, 16, 'M', 'Activo', '', '', '', '', '', '', '', '', '', '', '', '', '2019-05-11 12:32:49', '2019-05-11 12:32:49'),
(117, 'Fernando Jerónimo de Barros Chimpolo', '2002-01-01', 'IPPPB 1504', 'N', '920000000', '920000000', NULL, 1, NULL, NULL, 16, 'M', 'Activo', '', '', '', '', '', '', '', '', '', '', '', '', '2019-05-11 12:32:49', '2019-05-11 12:32:49'),
(118, 'João de Jesus Francisco Macosso', '2004-01-01', 'IPPPB 1615', 'N', '920000000', '920000000', NULL, 1, NULL, NULL, 16, 'M', 'Activo', '', '', '', '', '', '', '', '', '', '', '', '', '2019-05-11 12:32:49', '2019-05-11 12:32:49'),
(119, 'João Luquengo Numbi', '2002-01-01', 'IPPPB 1781', 'N', '920000000', '920000000', NULL, 1, NULL, NULL, 16, 'M', 'Activo', '', '', '', '', '', '', '', '', '', '', '', '', '2019-05-11 12:32:49', '2019-05-11 12:32:49'),
(120, 'João Macia Mabiala', '2004-01-01', 'IPPPB 1535', 'N', '920000000', '920000000', NULL, 1, NULL, NULL, 16, 'M', 'Activo', '', '', '', '', '', '', '', '', '', '', '', '', '2019-05-11 12:32:49', '2019-05-11 12:32:49'),
(121, 'João Rodolfo Sungo Corado', '2004-01-01', 'IPPPB 1506', 'N', '920000000', '920000000', NULL, 1, NULL, NULL, 16, 'M', 'Activo', '', '', '', '', '', '', '', '', '', '', '', '', '2019-05-11 12:32:49', '2019-05-11 12:32:49'),
(122, 'Joel Lelo Madica Dueme', '2003-01-01', 'IPPPB 1534', 'N', '920000000', '920000000', NULL, 1, NULL, NULL, 16, 'M', 'Activo', '', '', '', '', '', '', '', '', '', '', '', '', '2019-05-11 12:32:49', '2019-05-11 12:32:49'),
(123, 'Jordani Ioba Lourenço', '2002-01-01', 'IPPPB1050', 'N', '920000000', '920000000', NULL, 1, NULL, NULL, 16, 'M', 'Activo', '', '', '', '', '', '', '', '', '', '', '', '', '2019-05-11 12:32:49', '2019-05-11 12:32:49'),
(124, 'Jorge Guenjo Semedo Caunde', '2001-01-01', 'IPPPB1180', 'N', '920000000', '920000000', NULL, 1, NULL, NULL, 16, 'M', 'Activo', '', '', '', '', '', '', '', '', '', '', '', '', '2019-05-11 12:32:49', '2019-05-11 12:32:49'),
(125, 'José Lelo Alexandre Congo', '2001-01-01', 'IPPPB1782', 'N', '920000000', '920000000', NULL, 1, NULL, NULL, 16, 'M', 'Activo', '', '', '', '', '', '', '', '', '', '', '', '', '2019-05-11 12:32:49', '2019-05-11 12:32:49'),
(126, 'Kelson Domingos Milando Zinga', '2003-01-01', 'IPPPB1780', 'N', '920000000', '920000000', NULL, 1, NULL, NULL, 16, 'M', 'Activo', '', '', '', '', '', '', '', '', '', '', '', '', '2019-05-11 12:32:49', '2019-05-11 12:32:49'),
(127, 'Luís Genise Camilo Quitembo', '2001-01-01', 'IPPPB1124', 'N', '920000000', '920000000', NULL, 1, NULL, NULL, 16, 'M', 'Activo', '', '', '', '', '', '', '', '', '', '', '', '', '2019-05-11 12:32:49', '2019-05-11 12:32:49'),
(128, 'Manuel Fernando Rodrigues Martins', '2002-01-01', 'IPPPB1517', 'N', '920000000', '920000000', NULL, 1, NULL, NULL, 16, 'M', 'Activo', '', '', '', '', '', '', '', '', '', '', '', '', '2019-05-11 12:32:49', '2019-05-11 12:32:49'),
(129, 'Manuel Fiel Limuinha', '2004-01-01', 'IPPPB1560', 'N', '920000000', '920000000', NULL, 1, NULL, NULL, 16, 'M', 'Activo', '', '', '', '', '', '', '', '', '', '', '', '', '2019-05-11 12:32:49', '2019-05-11 12:32:49'),
(130, 'Mónica Beatriz Zinga', '2000-01-01', 'IPPPB 1252', 'N', '920000000', '920000000', NULL, 1, NULL, NULL, 16, 'M', 'Activo', '', '', '', '', '', '', '', '', '', '', '', '', '2019-05-11 12:32:49', '2019-05-11 12:32:49'),
(131, 'Natalício Lando Bambi', '1998-01-01', 'IPPPB 1473', 'N', '920000000', '920000000', NULL, 1, NULL, NULL, 16, 'M', 'Activo', '', '', '', '', '', '', '', '', '', '', '', '', '2019-05-11 12:32:49', '2019-05-11 12:32:49'),
(132, 'Osvaldo Domingos Lunda Baptista', '2001-01-01', 'IPPPB 1807', 'N', '920000000', '920000000', NULL, 1, NULL, NULL, 16, 'M', 'Activo', '', '', '', '', '', '', '', '', '', '', '', '', '2019-05-11 12:32:49', '2019-05-11 12:32:49'),
(133, 'Paulo José', '2004-01-01', 'IPPPB 1673', 'N', '920000000', '920000000', NULL, 1, NULL, NULL, 16, 'M', 'Activo', '', '', '', '', '', '', '', '', '', '', '', '', '2019-05-11 12:32:49', '2019-05-11 12:32:49'),
(134, 'Pedro De Oliveira Massanga', '2003-01-01', 'IPPPB 1760', 'N', '920000000', '920000000', NULL, 1, NULL, NULL, 16, 'M', 'Activo', '', '', '', '', '', '', '', '', '', '', '', '', '2019-05-11 12:32:49', '2019-05-11 12:32:49'),
(135, 'Reginaldo Tati Ntinguili', '2004-01-01', 'IPPPB 1698', 'N', '920000000', '920000000', NULL, 1, NULL, NULL, 16, 'M', 'Activo', '', '', '', '', '', '', '', '', '', '', '', '', '2019-05-11 12:32:49', '2019-05-11 12:32:49'),
(136, 'Ronaldo José Zau', '2000-01-01', 'IPPPB 1745', 'N', '920000000', '920000000', NULL, 1, NULL, NULL, 16, 'M', 'Activo', '', '', '', '', '', '', '', '', '', '', '', '', '2019-05-11 12:32:49', '2019-05-11 12:32:49'),
(137, 'Selson Simão Cotolo Tomás', '2004-01-01', 'IPPPB 1770', 'N', '920000000', '920000000', NULL, 1, NULL, NULL, 16, 'M', 'Activo', '', '', '', '', '', '', '', '', '', '', '', '', '2019-05-11 12:32:49', '2019-05-11 12:32:49'),
(138, 'Stevio Júlio Gime Canale', '2001-01-01', 'IPPPB 1757', 'N', '920000000', '920000000', NULL, 1, NULL, NULL, 16, 'M', 'Activo', '', '', '', '', '', '', '', '', '', '', '', '', '2019-05-11 12:32:49', '2019-05-11 12:32:49'),
(139, 'Taires Francisco Pereira Gime', '2003-01-01', 'IPPPB 1508', 'N', '920000000', '920000000', NULL, 1, NULL, NULL, 16, 'M', 'Activo', '', '', '', '', '', '', '', '', '', '', '', '', '2019-05-11 12:32:49', '2019-05-11 12:32:49'),
(140, 'Valério Baiécula Lubota Bunga', '2001-01-01', 'IPPPB 1783', 'N', '920000000', '920000000', NULL, 1, NULL, NULL, 16, 'M', 'Activo', '', '', '', '', '', '', '', '', '', '', '', '', '2019-05-11 12:32:49', '2019-05-11 12:32:49'),
(141, 'Virgínia Mambo António Tomé', '2003-01-01', 'IPPPB 1524', 'N', '920000000', '920000000', NULL, 1, NULL, NULL, 16, 'F', 'Activo', '', '', '', '', '', '', '', '', '', '', '', '', '2019-05-11 12:32:49', '2019-05-11 12:32:49'),
(142, 'Pedro Júnior Ngimbi Pemba', '2002-01-01', 'IPPPB 1815', 'N', '920000000', '920000000', NULL, 1, NULL, NULL, 16, 'M', 'Activo', '', '', '', '', '', '', '', '', '', '', '', '', '2019-05-11 12:32:49', '2019-05-11 12:32:49'),
(143, 'Deolinda António Neto Yoba', '2002-01-01', 'IPPPB 1817', 'N', '920000000', '920000000', NULL, 1, NULL, NULL, 16, 'F', 'Activo', '', '', '', '', '', '', '', '', '', '', '', '', '2019-05-11 12:32:49', '2019-05-11 12:32:49'),
(144, 'Adelaide Teresa Vasconcelo', '2000-01-01', 'IPPPB1694', 'N', '920000000', '920000000', NULL, 1, NULL, NULL, 12, 'F', 'Activo', '', '', '', '', '', '', '', '', '', '', '', '', '2019-05-11 12:43:31', '2019-05-11 12:43:31'),
(145, 'Adilson Manuel Daniel', '2003-01-01', 'IPPPB1750', 'N', '920000000', '920000000', NULL, 1, NULL, NULL, 12, 'M', 'Activo', '', '', '', '', '', '', '', '', '', '', '', '', '2019-05-11 12:43:31', '2019-05-11 12:43:31'),
(146, 'Agostinho Mavinga Malilia Duema', '2003-01-01', 'IPPPB1799', 'N', '920000000', '920000000', NULL, 1, NULL, NULL, 12, 'M', 'Activo', '', '', '', '', '', '', '', '', '', '', '', '', '2019-05-11 12:43:31', '2019-05-11 12:43:31'),
(147, 'Amário Gomes Nhimi', '2001-01-01', 'IPPPB1754', 'N', '920000000', '920000000', NULL, 1, NULL, NULL, 12, 'M', 'Activo', '', '', '', '', '', '', '', '', '', '', '', '', '2019-05-11 12:43:31', '2019-05-11 12:43:31'),
(148, 'Ambrósio Nhimi Nvemba', '2001-01-01', 'IPPPB1210', 'N', '920000000', '920000000', NULL, 1, NULL, NULL, 12, 'M', 'Activo', '', '', '', '', '', '', '', '', '', '', '', '', '2019-05-11 12:43:31', '2019-05-11 12:43:31'),
(149, 'Anderson Masselo Puna', '2002-01-01', 'IPPPB1599', 'N', '920000000', '920000000', NULL, 1, NULL, NULL, 12, 'M', 'Activo', '', '', '', '', '', '', '', '', '', '', '', '', '2019-05-11 12:43:31', '2019-05-11 12:43:31'),
(150, 'André Gerson Mambo', '2001-01-01', 'IPPPB 1373', 'N', '920000000', '920000000', NULL, 1, NULL, NULL, 12, 'M', 'Activo', '', '', '', '', '', '', '', '', '', '', '', '', '2019-05-11 12:43:31', '2019-05-11 12:43:31'),
(151, 'André Ioba Lelo', '2003-01-01', 'IPPPB 1568', 'N', '920000000', '920000000', NULL, 1, NULL, NULL, 12, 'M', 'Activo', '', '', '', '', '', '', '', '', '', '', '', '', '2019-05-11 12:43:31', '2019-05-11 12:43:31'),
(152, 'André Laura Zinga Machiética', '2001-01-01', 'IPPPB 1344', 'N', '920000000', '920000000', NULL, 1, NULL, NULL, 12, 'M', 'Activo', '', '', '', '', '', '', '', '', '', '', '', '', '2019-05-11 12:43:31', '2019-05-11 12:43:31'),
(153, 'Angelina Joana Casimiro', '2005-01-01', 'IPPPB 1657', 'N', '920000000', '920000000', NULL, 1, NULL, NULL, 12, 'F', 'Activo', '', '', '', '', '', '', '', '', '', '', '', '', '2019-05-11 12:43:31', '2019-05-11 12:43:31'),
(154, 'António Silei Macosso Gime', '2004-01-01', 'IPPPB 1681', 'N', '920000000', '920000000', NULL, 1, NULL, NULL, 12, 'M', 'Activo', '', '', '', '', '', '', '', '', '', '', '', '', '2019-05-11 12:43:31', '2019-05-11 12:43:31'),
(155, 'Benvindo Mateus Simba Ngimbi', '2003-01-01', 'IPPPB 1705', 'N', '920000000', '920000000', NULL, 1, NULL, NULL, 12, 'M', 'Activo', '', '', '', '', '', '', '', '', '', '', '', '', '2019-05-11 12:43:31', '2019-05-11 12:43:31'),
(156, 'Carolina Pemba Zinga Bungo', '2004-01-01', 'IPPPB 1626', 'N', '920000000', '920000000', NULL, 1, NULL, NULL, 12, 'F', 'Activo', '', '', '', '', '', '', '', '', '', '', '', '', '2019-05-11 12:43:31', '2019-05-11 12:43:31'),
(157, 'Casimiro Nheze Nzuzi Mananga', '2001-01-01', 'IPPPB 1635', 'N', '920000000', '920000000', NULL, 1, NULL, NULL, 12, 'M', 'Activo', '', '', '', '', '', '', '', '', '', '', '', '', '2019-05-11 12:43:31', '2019-05-11 12:43:31'),
(158, 'Celestino Ireneu Cardoso Bumba', '2002-01-01', 'IPPPB 1659', 'N', '920000000', '920000000', NULL, 1, NULL, NULL, 12, 'M', 'Activo', '', '', '', '', '', '', '', '', '', '', '', '', '2019-05-11 12:43:31', '2019-05-11 12:43:31'),
(159, 'Cipriano António Temo Maluta', '2003-01-01', 'IPPPB 1732', 'N', '920000000', '920000000', NULL, 1, NULL, NULL, 12, 'M', 'Activo', '', '', '', '', '', '', '', '', '', '', '', '', '2019-05-11 12:43:31', '2019-05-11 12:43:31'),
(160, 'Eclêsia Gertrudes António Capita', '2002-01-01', 'IPPPB 1222', 'N', '920000000', '920000000', NULL, 1, NULL, NULL, 12, 'F', 'Activo', '', '', '', '', '', '', '', '', '', '', '', '', '2019-05-11 12:43:31', '2019-05-11 12:43:31'),
(161, 'Edna Suzana Daome Sassa', '2002-01-01', 'IPPPB 1247', 'N', '920000000', '920000000', NULL, 1, NULL, NULL, 12, 'F', 'Activo', '', '', '', '', '', '', '', '', '', '', '', '', '2019-05-11 12:43:31', '2019-05-11 12:43:31'),
(162, 'Egildo Mateus Maiúndo Macaia', '2003-01-01', 'IPPPB 1773', 'N', '920000000', '920000000', NULL, 1, NULL, NULL, 12, 'M', 'Activo', '', '', '', '', '', '', '', '', '', '', '', '', '2019-05-11 12:43:31', '2019-05-11 12:43:31'),
(163, 'Ernesto Melo Catombela', '2003-01-01', 'IPPPB 1752', 'N', '920000000', '920000000', NULL, 1, NULL, NULL, 12, 'M', 'Activo', '', '', '', '', '', '', '', '', '', '', '', '', '2019-05-11 12:43:31', '2019-05-11 12:43:31'),
(164, 'Fidel Gomes Sambo', '2004-01-01', 'IPPPB1693', 'N', '920000000', '920000000', NULL, 1, NULL, NULL, 12, 'M', 'Activo', '', '', '', '', '', '', '', '', '', '', '', '', '2019-05-11 12:43:31', '2019-05-11 12:43:31'),
(165, 'Fidelino Dungi', '2000-01-01', 'IPPPB 1491', 'N', '920000000', '920000000', NULL, 1, NULL, NULL, 12, 'M', 'Activo', '', '', '', '', '', '', '', '', '', '', '', '', '2019-05-11 12:43:31', '2019-05-11 12:43:31'),
(166, 'Filipe dos Santos Binda', '2003-01-01', 'IPPPB 0373', 'N', '920000000', '920000000', NULL, 1, NULL, NULL, 12, 'M', 'Activo', '', '', '', '', '', '', '', '', '', '', '', '', '2019-05-11 12:43:31', '2019-05-11 12:43:31'),
(167, 'Filomão Nsunda Futi', '2002-01-01', 'IPPPB 1668', 'N', '920000000', '920000000', NULL, 1, NULL, NULL, 12, 'M', 'Activo', '', '', '', '', '', '', '', '', '', '', '', '', '2019-05-11 12:43:31', '2019-05-11 12:43:31'),
(168, 'Gilberto Maloco Cardoso Bumba', '2003-01-01', 'IPPPB 1658', 'N', '920000000', '920000000', NULL, 1, NULL, NULL, 12, 'M', 'Activo', '', '', '', '', '', '', '', '', '', '', '', '', '2019-05-11 12:43:31', '2019-05-11 12:43:31'),
(169, 'Hélder António Madia Filipe', '2004-01-01', 'IPPPB 1730', 'N', '920000000', '920000000', NULL, 1, NULL, NULL, 12, 'F', 'Activo', '', '', '', '', '', '', '', '', '', '', '', '', '2019-05-11 12:43:31', '2019-05-11 12:43:31'),
(170, 'Isilda Baki Gimbi', '2004-01-01', 'IPPPB 1531', 'N', '920000000', '920000000', NULL, 1, NULL, NULL, 12, 'F', 'Activo', '', '', '', '', '', '', '', '', '', '', '', '', '2019-05-11 12:43:31', '2019-05-11 12:43:31'),
(171, 'Janete Gimbi da Ressureicão', '2004-01-01', 'IPPPB 1530', 'N', '920000000', '920000000', NULL, 1, NULL, NULL, 12, 'F', 'Activo', '', '', '', '', '', '', '', '', '', '', '', '', '2019-05-11 12:43:31', '2019-05-11 12:43:31'),
(172, 'Januveva Cachoma Lumbombo', '2003-01-01', 'IPPPB 1699', 'N', '920000000', '920000000', NULL, 1, NULL, NULL, 12, 'F', 'Activo', '', '', '', '', '', '', '', '', '', '', '', '', '2019-05-11 12:43:31', '2019-05-11 12:43:31'),
(173, 'José António Cabango', '2003-01-01', 'IPPPB 1800', 'N', '920000000', '920000000', NULL, 1, NULL, NULL, 12, 'M', 'Activo', '', '', '', '', '', '', '', '', '', '', '', '', '2019-05-11 12:43:31', '2019-05-11 12:43:31'),
(174, 'José Sebastião', '2002-01-01', 'IPPPB 0795', 'N', '920000000', '920000000', NULL, 1, NULL, NULL, 12, 'M', 'Activo', '', '', '', '', '', '', '', '', '', '', '', '', '2019-05-11 12:43:31', '2019-05-11 12:43:31'),
(175, 'Juliana Uini Mamboma Buangi', '2002-01-01', 'IPPPB 1555', 'N', '920000000', '920000000', NULL, 1, NULL, NULL, 12, 'F', 'Activo', '', '', '', '', '', '', '', '', '', '', '', '', '2019-05-11 12:43:31', '2019-05-11 12:43:31'),
(176, 'Luís Armindo Zau Combo', '2004-01-01', 'IPPPB 1588', 'N', '920000000', '920000000', NULL, 1, NULL, NULL, 12, 'M', 'Activo', '', '', '', '', '', '', '', '', '', '', '', '', '2019-05-11 12:43:31', '2019-05-11 12:43:31'),
(177, 'Luisandro Francisco Manuel Kaka', '2004-01-01', 'IPPPB 1497', 'N', '920000000', '920000000', NULL, 1, NULL, NULL, 12, 'M', 'Activo', '', '', '', '', '', '', '', '', '', '', '', '', '2019-05-11 12:43:31', '2019-05-11 12:43:31'),
(178, 'Marcelo Simba Matondo', '2002-01-01', 'IPPPB 1667', 'N', '920000000', '920000000', NULL, 1, NULL, NULL, 12, 'M', 'Activo', '', '', '', '', '', '', '', '', '', '', '', '', '2019-05-11 12:43:31', '2019-05-11 12:43:31'),
(179, 'Márcia Silvania Chimpolo Brás', '2003-01-01', 'IPPPB 1805', 'N', '920000000', '920000000', NULL, 1, NULL, NULL, 12, 'F', 'Activo', '', '', '', '', '', '', '', '', '', '', '', '', '2019-05-11 12:43:31', '2019-05-11 12:43:31'),
(180, 'Martinho Quiymbo Guimbi', '2000-01-01', 'IPPPB 1720', 'N', '920000000', '920000000', NULL, 1, NULL, NULL, 12, 'M', 'Activo', '', '', '', '', '', '', '', '', '', '', '', '', '2019-05-11 12:43:31', '2019-05-11 12:43:31'),
(181, 'Mateus Gomes Tuba', '2003-01-01', 'IPPPB 1717', 'N', '920000000', '920000000', NULL, 1, NULL, NULL, 12, 'M', 'Activo', '', '', '', '', '', '', '', '', '', '', '', '', '2019-05-11 12:43:31', '2019-05-11 12:43:31'),
(182, 'Nelson dos Santos Pitra KImbembe', '2005-01-01', 'IPPPB 1628', 'N', '920000000', '920000000', NULL, 1, NULL, NULL, 12, 'M', 'Activo', '', '', '', '', '', '', '', '', '', '', '', '', '2019-05-11 12:43:31', '2019-05-11 12:43:31'),
(183, 'Paulina  Mulamba José Sekudi', '2003-01-01', 'IPPPB 1713', 'N', '920000000', '920000000', NULL, 1, NULL, NULL, 12, 'F', 'Activo', '', '', '', '', '', '', '', '', '', '', '', '', '2019-05-11 12:43:31', '2019-05-11 12:43:31'),
(184, 'Perpétua Casimiro Júlio', '2002-01-01', 'IPPPB 1670', 'N', '920000000', '920000000', NULL, 1, NULL, NULL, 12, 'F', 'Activo', '', '', '', '', '', '', '', '', '', '', '', '', '2019-05-11 12:43:31', '2019-05-11 12:43:31'),
(185, 'Rebeca Ngomba Mampinga', '2004-01-01', 'IPPPB 1484', 'N', '920000000', '920000000', NULL, 1, NULL, NULL, 12, 'F', 'Activo', '', '', '', '', '', '', '', '', '', '', '', '', '2019-05-11 12:43:31', '2019-05-11 12:43:31'),
(186, 'Ruben Joaquim Bambi', '2002-01-01', 'IPPPB 1585', 'N', '920000000', '920000000', NULL, 1, NULL, NULL, 12, 'M', 'Activo', '', '', '', '', '', '', '', '', '', '', '', '', '2019-05-11 12:43:31', '2019-05-11 12:43:31'),
(187, 'Samuel Nsunda Madoso', '2001-01-01', 'IPPPB 1452', 'N', '920000000', '920000000', NULL, 1, NULL, NULL, 12, 'M', 'Activo', '', '', '', '', '', '', '', '', '', '', '', '', '2019-05-11 12:43:31', '2019-05-11 12:43:31'),
(188, 'Serafim Tomé figueiredo', '2003-01-01', 'IPPPB 1796', 'N', '920000000', '920000000', NULL, 1, NULL, NULL, 12, 'M', 'Activo', '', '', '', '', '', '', '', '', '', '', '', '', '2019-05-11 12:43:31', '2019-05-11 12:43:31');

-- --------------------------------------------------------

INSERT INTO `turmas` (`id`, `modulo_id`, `user_id`, `nome`, `ano_lectivo`, `periodo`, `sala_id`, `created_at`, `updated_at`) VALUES
(10, 11, 1, 'TI 10ª A', 2019, 'Vespertino', 19, '2019-05-14 16:41:23', '2019-05-14 16:41:23');


INSERT INTO `aluno_turma` (`turma_id`, `aluno_id`, `user_id`, `numero`, `cargo`, `provenienca`, `repetente`, `status`, `created_at`, `updated_at`) VALUES
(10, 57, 1, 7, NULL, NULL, 'N', 'Activo', NULL, NULL),
(10, 59, 1, 9, NULL, NULL, 'N', 'Activo', NULL, NULL),
(10, 72, 1, 22, NULL, NULL, 'N', 'Activo', NULL, NULL),
(10, 76, 1, 26, NULL, NULL, 'N', 'Activo', NULL, NULL),
(10, 78, 1, 28, NULL, NULL, 'N', 'Activo', NULL, NULL),
(10, 90, 1, 40, NULL, NULL, 'N', 'Activo', NULL, NULL),
(10, 94, 1, 44, NULL, NULL, 'N', 'Activo', NULL, NULL),
(10, 52, 1, 2, NULL, NULL, 'N', 'Activo', NULL, NULL),
(10, 55, 1, 5, NULL, NULL, 'N', 'Activo', NULL, NULL),
(10, 56, 1, 6, NULL, NULL, 'N', 'Activo', NULL, NULL),
(10, 58, 1, 8, NULL, NULL, 'N', 'Activo', NULL, NULL),
(10, 63, 1, 13, NULL, NULL, 'N', 'Activo', NULL, NULL),
(10, 68, 1, 18, NULL, NULL, 'N', 'Activo', NULL, NULL),
(10, 74, 1, 24, NULL, NULL, 'N', 'Activo', NULL, NULL),
(10, 79, 1, 29, NULL, NULL, 'N', 'Activo', NULL, NULL),
(10, 80, 1, 30, NULL, NULL, 'N', 'Activo', NULL, NULL),
(10, 82, 1, 32, NULL, NULL, 'N', 'Activo', NULL, NULL),
(10, 84, 1, 34, NULL, NULL, 'N', 'Activo', NULL, NULL),
(10, 86, 1, 36, NULL, NULL, 'N', 'Activo', NULL, NULL),
(10, 87, 1, 37, NULL, NULL, 'N', 'Activo', NULL, NULL),
(10, 91, 1, 41, NULL, NULL, 'N', 'Activo', NULL, NULL),
(10, 93, 1, 43, NULL, NULL, 'N', 'Activo', NULL, NULL),
(10, 97, 1, 47, NULL, NULL, 'N', 'Activo', NULL, NULL),
(10, 64, 1, 14, NULL, NULL, 'N', 'Activo', NULL, NULL),
(10, 69, 1, 19, NULL, NULL, 'N', 'Activo', NULL, NULL),
(10, 73, 1, 23, NULL, NULL, 'N', 'Activo', NULL, NULL),
(10, 77, 1, 27, NULL, NULL, 'N', 'Activo', NULL, NULL),
(10, 83, 1, 33, NULL, NULL, 'N', 'Activo', NULL, NULL),
(10, 85, 1, 35, NULL, NULL, 'N', 'Activo', NULL, NULL),
(10, 88, 1, 38, NULL, NULL, 'N', 'Activo', NULL, NULL),
(10, 92, 1, 42, NULL, NULL, 'N', 'Activo', NULL, NULL),
(10, 95, 1, 45, NULL, NULL, 'N', 'Activo', NULL, NULL),
(10, 99, 1, 49, NULL, NULL, 'N', 'Activo', NULL, NULL),
(10, 51, 1, 1, NULL, NULL, 'N', 'Activo', NULL, NULL),
(10, 60, 1, 10, NULL, NULL, 'N', 'Activo', NULL, NULL),
(10, 61, 1, 11, NULL, NULL, 'N', 'Activo', NULL, NULL),
(10, 62, 1, 12, NULL, NULL, 'N', 'Activo', NULL, NULL),
(10, 89, 1, 39, NULL, NULL, 'N', 'Activo', NULL, NULL),
(10, 53, 1, 3, NULL, NULL, 'N', 'Activo', NULL, NULL),
(10, 65, 1, 15, NULL, NULL, 'N', 'Activo', NULL, NULL),
(10, 71, 1, 21, NULL, NULL, 'N', 'Activo', NULL, NULL),
(10, 75, 1, 25, NULL, NULL, 'N', 'Activo', NULL, NULL),
(10, 81, 1, 31, NULL, NULL, 'N', 'Activo', NULL, NULL),
(10, 96, 1, 46, NULL, NULL, 'N', 'Activo', NULL, NULL),
(10, 70, 1, 20, NULL, NULL, 'N', 'Activo', NULL, NULL),
(10, 67, 1, 17, NULL, NULL, 'N', 'Activo', NULL, NULL),
(10, 98, 1, 48, NULL, NULL, 'N', 'Activo', NULL, NULL),
(10, 54, 1, 4, NULL, NULL, 'N', 'Activo', NULL, NULL),
(10, 100, 1, 50, NULL, NULL, 'N', 'Activo', NULL, NULL),
(10, 66, 1, 16, NULL, NULL, 'N', 'Activo', NULL, NULL);



INSERT INTO `disciplina_turma` (`turma_id`, `disciplina_id`, `professor_id`, `user_id`, `director`, `created_at`, `updated_at`) VALUES
(10, 17, NULL, 1, 'N', '2019-05-14 16:41:24', '2019-05-14 16:41:24'),
(10, 13, NULL, 1, 'N', '2019-05-14 16:41:24', '2019-05-14 16:41:24'),
(10, 8, NULL, 1, 'N', '2019-05-14 16:41:24', '2019-05-14 16:41:24'),
(10, 11, NULL, 1, 'N', '2019-05-14 16:41:24', '2019-05-14 16:41:24'),
(10, 7, NULL, 1, 'N', '2019-05-14 16:41:24', '2019-05-14 16:41:24'),
(10, 6, NULL, 1, 'N', '2019-05-14 16:41:24', '2019-05-14 16:41:24'),
(10, 10, NULL, 1, 'N', '2019-05-14 16:41:24', '2019-05-14 16:41:24'),
(10, 5, NULL, 1, 'N', '2019-05-14 16:41:24', '2019-05-14 16:41:24'),
(10, 12, NULL, 1, 'N', '2019-05-14 16:41:24', '2019-05-14 16:41:24'),
(10, 9, NULL, 1, 'N', '2019-05-14 16:41:24', '2019-05-14 16:41:24'),
(10, 3, NULL, 1, 'N', '2019-05-14 16:41:24', '2019-05-14 16:41:24'),
(10, 4, NULL, 1, 'N', '2019-05-14 16:41:24', '2019-05-14 16:41:24'),
(10, 1, 31, 1, 'N', '2019-05-14 16:41:24', '2019-05-14 16:43:20'),
(10, 2, 31, 1, 'N', '2019-05-14 16:41:24', '2019-05-14 16:42:51');




INSERT INTO `avaliacaos` (`id`, `professor_id`, `user_id`, `disciplina_id`, `turma_id`, `aluno_id`, `mac1`, `p11`, `p12`, `fnj1`, `fj1`, `mac2`, `p21`, `p22`, `fnj2`, `fj2`, `mac3`, `p31`, `p32`, `fnj3`, `fj3`, `exame1`, `exame2`, `exame3`, `status`, `created_at`, `updated_at`) VALUES
(1, 31, 1, 2, 10, 51, 14, 13, NULL, NULL, NULL, NULL, NULL, NULL, NULL, NULL, NULL, NULL, NULL, NULL, NULL, NULL, NULL, NULL, NULL, '2019-05-14 16:48:16', '2019-05-14 16:48:16'),
(2, 31, 1, 2, 10, 52, 11, 9, NULL, NULL, NULL, NULL, NULL, NULL, NULL, NULL, NULL, NULL, NULL, NULL, NULL, NULL, NULL, NULL, NULL, '2019-05-14 16:48:16', '2019-05-14 16:48:16'),
(3, 31, 1, 2, 10, 53, 11, 10.5, NULL, NULL, NULL, NULL, NULL, NULL, NULL, NULL, NULL, NULL, NULL, NULL, NULL, NULL, NULL, NULL, NULL, '2019-05-14 16:48:16', '2019-05-14 16:48:16'),
(4, 31, 1, 2, 10, 54, NULL, NULL, NULL, NULL, NULL, NULL, NULL, NULL, NULL, NULL, NULL, NULL, NULL, NULL, NULL, NULL, NULL, NULL, NULL, '2019-05-14 16:48:16', '2019-05-14 16:48:16'),
(5, 31, 1, 2, 10, 55, NULL, NULL, NULL, NULL, NULL, NULL, NULL, NULL, NULL, NULL, NULL, NULL, NULL, NULL, NULL, NULL, NULL, NULL, NULL, '2019-05-14 16:48:16', '2019-05-14 16:48:16'),
(6, 31, 1, 2, 10, 56, 10, 7, NULL, NULL, NULL, NULL, NULL, NULL, NULL, NULL, NULL, NULL, NULL, NULL, NULL, NULL, NULL, NULL, NULL, '2019-05-14 16:48:16', '2019-05-14 16:48:16'),
(7, 31, 1, 2, 10, 57, 13, 12.5, NULL, NULL, NULL, NULL, NULL, NULL, NULL, NULL, NULL, NULL, NULL, NULL, NULL, NULL, NULL, NULL, NULL, '2019-05-14 16:48:16', '2019-05-14 16:48:16'),
(8, 31, 1, 2, 10, 58, 10, 7, NULL, NULL, NULL, NULL, NULL, NULL, NULL, NULL, NULL, NULL, NULL, NULL, NULL, NULL, NULL, NULL, NULL, '2019-05-14 16:48:17', '2019-05-14 16:48:17'),
(9, 31, 1, 2, 10, 59, 11, 10.5, NULL, NULL, NULL, NULL, NULL, NULL, NULL, NULL, NULL, NULL, NULL, NULL, NULL, NULL, NULL, NULL, NULL, '2019-05-14 16:48:17', '2019-05-14 16:48:17'),
(10, 31, 1, 2, 10, 60, 11, 10, NULL, NULL, NULL, NULL, NULL, NULL, NULL, NULL, NULL, NULL, NULL, NULL, NULL, NULL, NULL, NULL, NULL, '2019-05-14 16:48:17', '2019-05-14 16:48:17'),
(11, 31, 1, 2, 10, 61, 11, 6.5, NULL, NULL, NULL, NULL, NULL, NULL, NULL, NULL, NULL, NULL, NULL, NULL, NULL, NULL, NULL, NULL, NULL, '2019-05-14 16:48:17', '2019-05-14 16:48:17'),
(12, 31, 1, 2, 10, 62, NULL, NULL, NULL, NULL, NULL, NULL, NULL, NULL, NULL, NULL, NULL, NULL, NULL, NULL, NULL, NULL, NULL, NULL, NULL, '2019-05-14 16:48:17', '2019-05-14 16:48:17'),
(13, 31, 1, 2, 10, 63, 14, 15.5, NULL, NULL, NULL, NULL, NULL, NULL, NULL, NULL, NULL, NULL, NULL, NULL, NULL, NULL, NULL, NULL, NULL, '2019-05-14 16:48:17', '2019-05-14 16:48:17'),
(14, 31, 1, 2, 10, 64, 12, 10, NULL, NULL, NULL, NULL, NULL, NULL, NULL, NULL, NULL, NULL, NULL, NULL, NULL, NULL, NULL, NULL, NULL, '2019-05-14 16:48:17', '2019-05-14 16:48:17'),
(15, 31, 1, 2, 10, 65, NULL, NULL, NULL, NULL, NULL, NULL, NULL, NULL, NULL, NULL, NULL, NULL, NULL, NULL, NULL, NULL, NULL, NULL, NULL, '2019-05-14 16:48:17', '2019-05-14 16:48:17'),
(16, 31, 1, 2, 10, 66, NULL, NULL, NULL, NULL, NULL, NULL, NULL, NULL, NULL, NULL, NULL, NULL, NULL, NULL, NULL, NULL, NULL, NULL, NULL, '2019-05-14 16:48:17', '2019-05-14 16:48:17'),
(17, 31, 1, 2, 10, 67, 10, 7.5, NULL, NULL, NULL, NULL, NULL, NULL, NULL, NULL, NULL, NULL, NULL, NULL, NULL, NULL, NULL, NULL, NULL, '2019-05-14 16:48:17', '2019-05-14 16:48:17'),
(18, 31, 1, 2, 10, 68, 10, 6.5, NULL, NULL, NULL, NULL, NULL, NULL, NULL, NULL, NULL, NULL, NULL, NULL, NULL, NULL, NULL, NULL, NULL, '2019-05-14 16:48:17', '2019-05-14 16:48:17'),
(19, 31, 1, 2, 10, 69, 13, 12, NULL, NULL, NULL, NULL, NULL, NULL, NULL, NULL, NULL, NULL, NULL, NULL, NULL, NULL, NULL, NULL, NULL, '2019-05-14 16:48:17', '2019-05-14 16:48:17'),
(20, 31, 1, 2, 10, 70, NULL, NULL, NULL, NULL, NULL, NULL, NULL, NULL, NULL, NULL, NULL, NULL, NULL, NULL, NULL, NULL, NULL, NULL, NULL, '2019-05-14 16:48:17', '2019-05-14 16:48:17'),
(21, 31, 1, 2, 10, 71, NULL, NULL, NULL, NULL, NULL, NULL, NULL, NULL, NULL, NULL, NULL, NULL, NULL, NULL, NULL, NULL, NULL, NULL, NULL, '2019-05-14 16:48:18', '2019-05-14 16:48:18'),
(22, 31, 1, 2, 10, 72, 12, 11.5, NULL, NULL, NULL, NULL, NULL, NULL, NULL, NULL, NULL, NULL, NULL, NULL, NULL, NULL, NULL, NULL, NULL, '2019-05-14 16:48:18', '2019-05-14 16:48:18'),
(23, 31, 1, 2, 10, 73, 10, 5, NULL, NULL, NULL, NULL, NULL, NULL, NULL, NULL, NULL, NULL, NULL, NULL, NULL, NULL, NULL, NULL, NULL, '2019-05-14 16:48:18', '2019-05-14 16:48:18'),
(24, 31, 1, 2, 10, 74, 10, 8.5, NULL, NULL, NULL, NULL, NULL, NULL, NULL, NULL, NULL, NULL, NULL, NULL, NULL, NULL, NULL, NULL, NULL, '2019-05-14 16:48:18', '2019-05-14 16:48:18'),
(25, 31, 1, 2, 10, 75, 10, 8.5, NULL, NULL, NULL, NULL, NULL, NULL, NULL, NULL, NULL, NULL, NULL, NULL, NULL, NULL, NULL, NULL, NULL, '2019-05-14 16:48:18', '2019-05-14 16:48:18'),
(26, 31, 1, 2, 10, 76, NULL, NULL, NULL, NULL, NULL, NULL, NULL, NULL, NULL, NULL, NULL, NULL, NULL, NULL, NULL, NULL, NULL, NULL, NULL, '2019-05-14 16:48:18', '2019-05-14 16:48:18'),
(27, 31, 1, 2, 10, 77, NULL, NULL, NULL, NULL, NULL, NULL, NULL, NULL, NULL, NULL, NULL, NULL, NULL, NULL, NULL, NULL, NULL, NULL, NULL, '2019-05-14 16:48:18', '2019-05-14 16:48:18'),
(28, 31, 1, 2, 10, 78, 15, 14, NULL, NULL, NULL, NULL, NULL, NULL, NULL, NULL, NULL, NULL, NULL, NULL, NULL, NULL, NULL, NULL, NULL, '2019-05-14 16:48:18', '2019-05-14 16:48:18'),
(29, 31, 1, 2, 10, 79, 13, 12, NULL, NULL, NULL, NULL, NULL, NULL, NULL, NULL, NULL, NULL, NULL, NULL, NULL, NULL, NULL, NULL, NULL, '2019-05-14 16:48:18', '2019-05-14 16:48:18'),
(30, 31, 1, 2, 10, 80, NULL, NULL, NULL, NULL, NULL, NULL, NULL, NULL, NULL, NULL, NULL, NULL, NULL, NULL, NULL, NULL, NULL, NULL, NULL, '2019-05-14 16:48:19', '2019-05-14 16:48:19'),
(31, 31, 1, 2, 10, 81, 13, 14, NULL, NULL, NULL, NULL, NULL, NULL, NULL, NULL, NULL, NULL, NULL, NULL, NULL, NULL, NULL, NULL, NULL, '2019-05-14 16:48:19', '2019-05-14 16:48:19'),
(32, 31, 1, 2, 10, 82, 14, 13.5, NULL, NULL, NULL, NULL, NULL, NULL, NULL, NULL, NULL, NULL, NULL, NULL, NULL, NULL, NULL, NULL, NULL, '2019-05-14 16:48:19', '2019-05-14 16:48:19'),
(33, 31, 1, 2, 10, 83, 15, 13.5, NULL, NULL, NULL, NULL, NULL, NULL, NULL, NULL, NULL, NULL, NULL, NULL, NULL, NULL, NULL, NULL, NULL, '2019-05-14 16:48:19', '2019-05-14 16:48:19'),
(34, 31, 1, 2, 10, 84, 11, 9, NULL, NULL, NULL, NULL, NULL, NULL, NULL, NULL, NULL, NULL, NULL, NULL, NULL, NULL, NULL, NULL, NULL, '2019-05-14 16:48:19', '2019-05-14 16:48:19'),
(35, 31, 1, 2, 10, 85, 11, 10.5, NULL, NULL, NULL, NULL, NULL, NULL, NULL, NULL, NULL, NULL, NULL, NULL, NULL, NULL, NULL, NULL, NULL, '2019-05-14 16:48:19', '2019-05-14 16:48:19'),
(36, 31, 1, 2, 10, 86, 13, 12, NULL, NULL, NULL, NULL, NULL, NULL, NULL, NULL, NULL, NULL, NULL, NULL, NULL, NULL, NULL, NULL, NULL, '2019-05-14 16:48:19', '2019-05-14 16:48:19'),
(37, 31, 1, 2, 10, 87, 12, 11.5, NULL, NULL, NULL, NULL, NULL, NULL, NULL, NULL, NULL, NULL, NULL, NULL, NULL, NULL, NULL, NULL, NULL, '2019-05-14 16:48:19', '2019-05-14 16:48:19'),
(38, 31, 1, 2, 10, 88, 11, 9, NULL, NULL, NULL, NULL, NULL, NULL, NULL, NULL, NULL, NULL, NULL, NULL, NULL, NULL, NULL, NULL, NULL, '2019-05-14 16:48:19', '2019-05-14 16:48:19'),
(39, 31, 1, 2, 10, 89, 12, 11.5, NULL, NULL, NULL, NULL, NULL, NULL, NULL, NULL, NULL, NULL, NULL, NULL, NULL, NULL, NULL, NULL, NULL, '2019-05-14 16:48:19', '2019-05-14 16:48:19'),
(40, 31, 1, 2, 10, 90, 16, 18, NULL, NULL, NULL, NULL, NULL, NULL, NULL, NULL, NULL, NULL, NULL, NULL, NULL, NULL, NULL, NULL, NULL, '2019-05-14 16:48:20', '2019-05-14 16:48:20'),
(41, 31, 1, 2, 10, 91, 11, 9.5, NULL, NULL, NULL, NULL, NULL, NULL, NULL, NULL, NULL, NULL, NULL, NULL, NULL, NULL, NULL, NULL, NULL, '2019-05-14 16:48:20', '2019-05-14 16:48:20'),
(42, 31, 1, 2, 10, 92, 11, 10, NULL, NULL, NULL, NULL, NULL, NULL, NULL, NULL, NULL, NULL, NULL, NULL, NULL, NULL, NULL, NULL, NULL, '2019-05-14 16:48:20', '2019-05-14 16:48:20'),
(43, 31, 1, 2, 10, 93, 16, 18.5, NULL, NULL, NULL, NULL, NULL, NULL, NULL, NULL, NULL, NULL, NULL, NULL, NULL, NULL, NULL, NULL, NULL, '2019-05-14 16:48:20', '2019-05-14 16:48:20'),
(44, 31, 1, 2, 10, 94, 11, 9.5, NULL, NULL, NULL, NULL, NULL, NULL, NULL, NULL, NULL, NULL, NULL, NULL, NULL, NULL, NULL, NULL, NULL, '2019-05-14 16:48:20', '2019-05-14 16:48:20'),
(45, 31, 1, 2, 10, 95, 11, 9, NULL, NULL, NULL, NULL, NULL, NULL, NULL, NULL, NULL, NULL, NULL, NULL, NULL, NULL, NULL, NULL, NULL, '2019-05-14 16:48:20', '2019-05-14 16:48:20'),
(46, 31, 1, 2, 10, 96, 12, 11, NULL, NULL, NULL, NULL, NULL, NULL, NULL, NULL, NULL, NULL, NULL, NULL, NULL, NULL, NULL, NULL, NULL, '2019-05-14 16:48:20', '2019-05-14 16:48:20'),
(47, 31, 1, 2, 10, 97, 12, 11.5, NULL, NULL, NULL, NULL, NULL, NULL, NULL, NULL, NULL, NULL, NULL, NULL, NULL, NULL, NULL, NULL, NULL, '2019-05-14 16:48:20', '2019-05-14 16:48:20'),
(48, 31, 1, 2, 10, 98, NULL, NULL, NULL, NULL, NULL, NULL, NULL, NULL, NULL, NULL, NULL, NULL, NULL, NULL, NULL, NULL, NULL, NULL, NULL, '2019-05-14 16:48:21', '2019-05-14 16:48:21'),
(49, 31, 1, 2, 10, 99, 11, 6.5, NULL, NULL, NULL, NULL, NULL, NULL, NULL, NULL, NULL, NULL, NULL, NULL, NULL, NULL, NULL, NULL, NULL, '2019-05-14 16:48:21', '2019-05-14 16:48:21'),
(50, 31, 1, 2, 10, 100, NULL, NULL, NULL, NULL, NULL, NULL, NULL, NULL, NULL, NULL, NULL, NULL, NULL, NULL, NULL, NULL, NULL, NULL, NULL, '2019-05-14 16:48:21', '2019-05-14 16:48:21'),
(51, 31, 1, 1, 10, 51, 11, 10, NULL, NULL, NULL, NULL, NULL, NULL, NULL, NULL, NULL, NULL, NULL, NULL, NULL, NULL, NULL, NULL, NULL, '2019-05-14 16:48:22', '2019-05-14 16:48:22'),
(52, 31, 1, 1, 10, 52, 12, 13, NULL, NULL, NULL, NULL, NULL, NULL, NULL, NULL, NULL, NULL, NULL, NULL, NULL, NULL, NULL, NULL, NULL, '2019-05-14 16:48:22', '2019-05-14 16:48:22'),
(53, 31, 1, 1, 10, 53, 10, 8, NULL, NULL, NULL, NULL, NULL, NULL, NULL, NULL, NULL, NULL, NULL, NULL, NULL, NULL, NULL, NULL, NULL, '2019-05-14 16:48:22', '2019-05-14 16:48:22'),
(54, 31, 1, 1, 10, 54, NULL, NULL, NULL, NULL, NULL, NULL, NULL, NULL, NULL, NULL, NULL, NULL, NULL, NULL, NULL, NULL, NULL, NULL, NULL, '2019-05-14 16:48:22', '2019-05-14 16:48:22'),
(55, 31, 1, 1, 10, 55, NULL, NULL, NULL, NULL, NULL, NULL, NULL, NULL, NULL, NULL, NULL, NULL, NULL, NULL, NULL, NULL, NULL, NULL, NULL, '2019-05-14 16:48:22', '2019-05-14 16:48:22'),
(56, 31, 1, 1, 10, 56, 6, 5, NULL, NULL, NULL, NULL, NULL, NULL, NULL, NULL, NULL, NULL, NULL, NULL, NULL, NULL, NULL, NULL, NULL, '2019-05-14 16:48:22', '2019-05-14 16:48:22'),
(57, 31, 1, 1, 10, 57, 10, 7.5, NULL, NULL, NULL, NULL, NULL, NULL, NULL, NULL, NULL, NULL, NULL, NULL, NULL, NULL, NULL, NULL, NULL, '2019-05-14 16:48:22', '2019-05-14 16:48:22'),
(58, 31, 1, 1, 10, 58, 5, 5, NULL, NULL, NULL, NULL, NULL, NULL, NULL, NULL, NULL, NULL, NULL, NULL, NULL, NULL, NULL, NULL, NULL, '2019-05-14 16:48:22', '2019-05-14 16:48:22'),
(59, 31, 1, 1, 10, 59, 10, 6, NULL, NULL, NULL, NULL, NULL, NULL, NULL, NULL, NULL, NULL, NULL, NULL, NULL, NULL, NULL, NULL, NULL, '2019-05-14 16:48:22', '2019-05-14 16:48:22'),
(60, 31, 1, 1, 10, 60, 8, 5, NULL, NULL, NULL, NULL, NULL, NULL, NULL, NULL, NULL, NULL, NULL, NULL, NULL, NULL, NULL, NULL, NULL, '2019-05-14 16:48:22', '2019-05-14 16:48:22'),
(61, 31, 1, 1, 10, 61, 8, 5, NULL, NULL, NULL, NULL, NULL, NULL, NULL, NULL, NULL, NULL, NULL, NULL, NULL, NULL, NULL, NULL, NULL, '2019-05-14 16:48:22', '2019-05-14 16:48:22'),
(62, 31, 1, 1, 10, 62, NULL, NULL, NULL, NULL, NULL, NULL, NULL, NULL, NULL, NULL, NULL, NULL, NULL, NULL, NULL, NULL, NULL, NULL, NULL, '2019-05-14 16:48:23', '2019-05-14 16:48:23'),
(63, 31, 1, 1, 10, 63, 17, 17, NULL, NULL, NULL, NULL, NULL, NULL, NULL, NULL, NULL, NULL, NULL, NULL, NULL, NULL, NULL, NULL, NULL, '2019-05-14 16:48:23', '2019-05-14 16:48:23'),
(64, 31, 1, 1, 10, 64, 15, 14, NULL, NULL, NULL, NULL, NULL, NULL, NULL, NULL, NULL, NULL, NULL, NULL, NULL, NULL, NULL, NULL, NULL, '2019-05-14 16:48:23', '2019-05-14 16:48:23'),
(65, 31, 1, 1, 10, 65, NULL, NULL, NULL, NULL, NULL, NULL, NULL, NULL, NULL, NULL, NULL, NULL, NULL, NULL, NULL, NULL, NULL, NULL, NULL, '2019-05-14 16:48:23', '2019-05-14 16:48:23'),
(66, 31, 1, 1, 10, 66, NULL, NULL, NULL, NULL, NULL, NULL, NULL, NULL, NULL, NULL, NULL, NULL, NULL, NULL, NULL, NULL, NULL, NULL, NULL, '2019-05-14 16:48:23', '2019-05-14 16:48:23'),
(67, 31, 1, 1, 10, 67, 6, 5, NULL, NULL, NULL, NULL, NULL, NULL, NULL, NULL, NULL, NULL, NULL, NULL, NULL, NULL, NULL, NULL, NULL, '2019-05-14 16:48:23', '2019-05-14 16:48:23'),
(68, 31, 1, 1, 10, 68, 10, 10, NULL, NULL, NULL, NULL, NULL, NULL, NULL, NULL, NULL, NULL, NULL, NULL, NULL, NULL, NULL, NULL, NULL, '2019-05-14 16:48:23', '2019-05-14 16:48:23'),
(69, 31, 1, 1, 10, 69, 10, 8, NULL, NULL, NULL, NULL, NULL, NULL, NULL, NULL, NULL, NULL, NULL, NULL, NULL, NULL, NULL, NULL, NULL, '2019-05-14 16:48:23', '2019-05-14 16:48:23'),
(70, 31, 1, 1, 10, 70, NULL, NULL, NULL, NULL, NULL, NULL, NULL, NULL, NULL, NULL, NULL, NULL, NULL, NULL, NULL, NULL, NULL, NULL, NULL, '2019-05-14 16:48:24', '2019-05-14 16:48:24'),
(71, 31, 1, 1, 10, 71, NULL, NULL, NULL, NULL, NULL, NULL, NULL, NULL, NULL, NULL, NULL, NULL, NULL, NULL, NULL, NULL, NULL, NULL, NULL, '2019-05-14 16:48:24', '2019-05-14 16:48:24'),
(72, 31, 1, 1, 10, 72, 10, 8.5, NULL, NULL, NULL, NULL, NULL, NULL, NULL, NULL, NULL, NULL, NULL, NULL, NULL, NULL, NULL, NULL, NULL, '2019-05-14 16:48:24', '2019-05-14 16:48:24'),
(73, 31, 1, 1, 10, 73, 10, 8.5, NULL, NULL, NULL, NULL, NULL, NULL, NULL, NULL, NULL, NULL, NULL, NULL, NULL, NULL, NULL, NULL, NULL, '2019-05-14 16:48:24', '2019-05-14 16:48:24'),
(74, 31, 1, 1, 10, 74, 12, 12, NULL, NULL, NULL, NULL, NULL, NULL, NULL, NULL, NULL, NULL, NULL, NULL, NULL, NULL, NULL, NULL, NULL, '2019-05-14 16:48:24', '2019-05-14 16:48:24'),
(75, 31, 1, 1, 10, 75, 12, 12, NULL, NULL, NULL, NULL, NULL, NULL, NULL, NULL, NULL, NULL, NULL, NULL, NULL, NULL, NULL, NULL, NULL, '2019-05-14 16:48:24', '2019-05-14 16:48:24'),
(76, 31, 1, 1, 10, 76, NULL, NULL, NULL, NULL, NULL, NULL, NULL, NULL, NULL, NULL, NULL, NULL, NULL, NULL, NULL, NULL, NULL, NULL, NULL, '2019-05-14 16:48:24', '2019-05-14 16:48:24'),
(77, 31, 1, 1, 10, 77, 10, 10, NULL, NULL, NULL, NULL, NULL, NULL, NULL, NULL, NULL, NULL, NULL, NULL, NULL, NULL, NULL, NULL, NULL, '2019-05-14 16:48:24', '2019-05-14 16:48:24'),
(78, 31, 1, 1, 10, 78, 11, 13, NULL, NULL, NULL, NULL, NULL, NULL, NULL, NULL, NULL, NULL, NULL, NULL, NULL, NULL, NULL, NULL, NULL, '2019-05-14 16:48:24', '2019-05-14 16:48:24'),
(79, 31, 1, 1, 10, 79, 10, 7, NULL, NULL, NULL, NULL, NULL, NULL, NULL, NULL, NULL, NULL, NULL, NULL, NULL, NULL, NULL, NULL, NULL, '2019-05-14 16:48:25', '2019-05-14 16:48:25'),
(80, 31, 1, 1, 10, 80, NULL, NULL, NULL, NULL, NULL, NULL, NULL, NULL, NULL, NULL, NULL, NULL, NULL, NULL, NULL, NULL, NULL, NULL, NULL, '2019-05-14 16:48:25', '2019-05-14 16:48:25'),
(81, 31, 1, 1, 10, 81, 10, 8, NULL, NULL, NULL, NULL, NULL, NULL, NULL, NULL, NULL, NULL, NULL, NULL, NULL, NULL, NULL, NULL, NULL, '2019-05-14 16:48:25', '2019-05-14 16:48:25'),
(82, 31, 1, 1, 10, 82, 15, 15, NULL, NULL, NULL, NULL, NULL, NULL, NULL, NULL, NULL, NULL, NULL, NULL, NULL, NULL, NULL, NULL, NULL, '2019-05-14 16:48:25', '2019-05-14 16:48:25'),
(83, 31, 1, 1, 10, 83, 10, 11.5, NULL, NULL, NULL, NULL, NULL, NULL, NULL, NULL, NULL, NULL, NULL, NULL, NULL, NULL, NULL, NULL, NULL, '2019-05-14 16:48:25', '2019-05-14 16:48:25'),
(84, 31, 1, 1, 10, 84, 10, 13, NULL, NULL, NULL, NULL, NULL, NULL, NULL, NULL, NULL, NULL, NULL, NULL, NULL, NULL, NULL, NULL, NULL, '2019-05-14 16:48:25', '2019-05-14 16:48:25'),
(85, 31, 1, 1, 10, 85, 6, 6, NULL, NULL, NULL, NULL, NULL, NULL, NULL, NULL, NULL, NULL, NULL, NULL, NULL, NULL, NULL, NULL, NULL, '2019-05-14 16:48:25', '2019-05-14 16:48:25'),
(86, 31, 1, 1, 10, 86, 11, 14, NULL, NULL, NULL, NULL, NULL, NULL, NULL, NULL, NULL, NULL, NULL, NULL, NULL, NULL, NULL, NULL, NULL, '2019-05-14 16:48:25', '2019-05-14 16:48:25'),
(87, 31, 1, 1, 10, 87, 11, 10, NULL, NULL, NULL, NULL, NULL, NULL, NULL, NULL, NULL, NULL, NULL, NULL, NULL, NULL, NULL, NULL, NULL, '2019-05-14 16:48:25', '2019-05-14 16:48:25'),
(88, 31, 1, 1, 10, 88, 11, 12, NULL, NULL, NULL, NULL, NULL, NULL, NULL, NULL, NULL, NULL, NULL, NULL, NULL, NULL, NULL, NULL, NULL, '2019-05-14 16:48:26', '2019-05-14 16:48:26'),
(89, 31, 1, 1, 10, 89, 11, 12, NULL, NULL, NULL, NULL, NULL, NULL, NULL, NULL, NULL, NULL, NULL, NULL, NULL, NULL, NULL, NULL, NULL, '2019-05-14 16:48:26', '2019-05-14 16:48:26'),
(90, 31, 1, 1, 10, 90, 15, 16, NULL, NULL, NULL, NULL, NULL, NULL, NULL, NULL, NULL, NULL, NULL, NULL, NULL, NULL, NULL, NULL, NULL, '2019-05-14 16:48:26', '2019-05-14 16:48:26'),
(91, 31, 1, 1, 10, 91, 11, 11, NULL, NULL, NULL, NULL, NULL, NULL, NULL, NULL, NULL, NULL, NULL, NULL, NULL, NULL, NULL, NULL, NULL, '2019-05-14 16:48:26', '2019-05-14 16:48:26'),
(92, 31, 1, 1, 10, 92, 12, 11, NULL, NULL, NULL, NULL, NULL, NULL, NULL, NULL, NULL, NULL, NULL, NULL, NULL, NULL, NULL, NULL, NULL, '2019-05-14 16:48:26', '2019-05-14 16:48:26'),
(93, 31, 1, 1, 10, 93, 15, 16, NULL, NULL, NULL, NULL, NULL, NULL, NULL, NULL, NULL, NULL, NULL, NULL, NULL, NULL, NULL, NULL, NULL, '2019-05-14 16:48:26', '2019-05-14 16:48:26'),
(94, 31, 1, 1, 10, 94, 12, 12, NULL, NULL, NULL, NULL, NULL, NULL, NULL, NULL, NULL, NULL, NULL, NULL, NULL, NULL, NULL, NULL, NULL, '2019-05-14 16:48:26', '2019-05-14 16:48:26'),
(95, 31, 1, 1, 10, 95, 11, 10, NULL, NULL, NULL, NULL, NULL, NULL, NULL, NULL, NULL, NULL, NULL, NULL, NULL, NULL, NULL, NULL, NULL, '2019-05-14 16:48:26', '2019-05-14 16:48:26'),
(96, 31, 1, 1, 10, 96, 5, 6, NULL, NULL, NULL, NULL, NULL, NULL, NULL, NULL, NULL, NULL, NULL, NULL, NULL, NULL, NULL, NULL, NULL, '2019-05-14 16:48:26', '2019-05-14 16:48:26'),
(97, 31, 1, 1, 10, 97, 12, 13, NULL, NULL, NULL, NULL, NULL, NULL, NULL, NULL, NULL, NULL, NULL, NULL, NULL, NULL, NULL, NULL, NULL, '2019-05-14 16:48:27', '2019-05-14 16:48:27'),
(98, 31, 1, 1, 10, 98, 11, 10, NULL, NULL, NULL, NULL, NULL, NULL, NULL, NULL, NULL, NULL, NULL, NULL, NULL, NULL, NULL, NULL, NULL, '2019-05-14 16:48:27', '2019-05-14 16:48:27'),
(99, 31, 1, 1, 10, 99, 11, 10, NULL, NULL, NULL, NULL, NULL, NULL, NULL, NULL, NULL, NULL, NULL, NULL, NULL, NULL, NULL, NULL, NULL, '2019-05-14 16:48:27', '2019-05-14 16:48:27'),
(100, 31, 1, 1, 10, 100, NULL, NULL, NULL, NULL, NULL, NULL, NULL, NULL, NULL, NULL, NULL, NULL, NULL, NULL, NULL, NULL, NULL, NULL, NULL, '2019-05-14 16:48:27', '2019-05-14 16:48:27');



INSERT INTO `instituicaos` (`id`, `nome`, `sigla`, `logo`, `lema`, `numero`, `email`, `telefone1`, `telefone2`, `telefone3`, `director_instituicao`, `director_instituicao_sexo`, `director_pedagogico`, `director_pedagogico_sexo`, `user_id`, `created_at`, `updated_at`) VALUES
(1, 'Colégio Padre Builo', 'CPB', '', 'Fê e Ciência', '1', 'infobuilu2@gmail.com', '931962062', '923430879', '926873381', 'João Capita Chincocolo', 'M', 'Ernesto TIgre Issambo', 'M', 1, '2019-05-22 19:31:01', '2019-05-22 19:31:01');




create view avaliacoes_view as(
select av.id, 
av.professor_id, 
av.user_id, 
av.disciplina_id, 
av.turma_id, 
av.aluno_id, 
av.mac1, 
av.p11, 
av.p12,
av.fnj1, 
av.fj1, 
av.mac2, 
av.p21, 
av.p22, 
av.fnj2, 
av.fj2, 
av.mac3, 
av.p31, 
av.p32, 
av.fnj3, 
av.fj3,
year(now())-year(al.data_de_nascimento) as idade,
round((av.mac1 + av.p11 + av.p12)/3,1) as ct1a,
round((av.mac1 + av.p11)/2,1) as ct1b,
round(((av.mac1 + av.p11 + av.p12)/3 + (av.mac2 + av.p21 + av.p22)/3)/2,1) as ct2a,
round(((av.mac1 + av.p11)/2 + (av.mac2 + av.p21)/2)/2,1) as ct2b,
round((((av.mac1 + av.p11 + av.p12)/3 + (av.mac2 + av.p21 + av.p22)/3)/2 + (av.mac3 + av.p31)/2)/2,1) as ct3a,
round((((av.mac1 + av.p11)/2 + (av.mac2 + av.p21)/2)/2 + (av.mac3 + av.p31)/2)/2,1) as ct3b,
round((((av.mac1 + av.p11 + av.p12)/3 + (av.mac2 + av.p21 + av.p22)/3)/2 + (av.mac3 + av.p31)/2)/2,1) as mtca,
round((((av.mac1 + av.p11)/2 + (av.mac2 + av.p21)/2)/2 + (av.mac3 + av.p31)/2)/2,1) as mtcb,
round((((av.mac1 + av.p11 + av.p12)/3 + (av.mac2 + av.p21 + av.p22)/3)/2 + (av.mac3 + av.p31)/2)/2 * 0.6,1) as sessentaa,
round((((av.mac1 + av.p11)/2 + (av.mac2 + av.p21)/2)/2 + (av.mac3 + av.p31)/2)/2 * 0.6,1) as sessentab,
round(av.p32 * 0.4,1) as quarenta,
round((((av.mac1 + av.p11 + av.p12)/3 + (av.mac2 + av.p21 + av.p22)/3)/2 + (av.mac3 + av.p31)/2)/2 * 0.6 + av.p32 * 0.4,1) as notafinala,
round((((av.mac1 + av.p11)/2 + (av.mac2 + av.p21)/2)/2 + (av.mac3 + av.p31)/2)/2 * 0.6 + av.p32 * 0.4,1) as notafinalb,
round(av.exame1,1) as exame1,
round(av.exame2,1) as exame2,
round(av.exame3,1) as exame3,
av.status avaliacao_status, 
av.created_at, 
av.updated_at,
atu.numero,
al.status as aluno_status, 
al.nome as aluno, 
al.idmatricula as idmatricula,
tur.modulo_id,
tur.nome as turma, 
tur.ano_lectivo,
disc.nome as disciplina, 
disc.acronimo, 
disc.categoria,
us.name as usuario
from avaliacaos av 
inner join alunos al on av.aluno_id = al.id 
inner join turmas tur on av.turma_id  = tur.id
inner join disciplinas disc on av.disciplina_id = disc.id
inner join professors prof on av.professor_id = prof.id
inner join aluno_turma atu on av.aluno_id = atu.aluno_id
left  join users us on av.user_id = us.id
group by av.id);
--
